Methods  : adaptive-perplexity,adaptive-v2-perplexity,no-is,biois,perplexity-is,
Datasets : agnews,medline,yelp_2013
Steps    : All (1, 2, 3, 4, 5)
=================================================
Step 1: Running unsupervised selection
=================================================
Methods  : adaptive-perplexity adaptive-v2-perplexity no-is biois perplexity-is
Datasets : agnews medline yelp_2013
Dataset: agnews
  Method: adaptive-perplexity
Namespace(dataset='agnews', method='adaptive-perplexity', folds=5, save=True, inputrep='tfidf', out='/app/unsupervised-is/resources/outsel', datain='/app/unsupervised-is/resources/datasets', overwrite=1, inputdir='/app/unsupervised-is/resources/datasets/agnews/tfidf/', splitdir='/app/unsupervised-is/resources/datasets/agnews/splits/', outputdir='/app/unsupervised-is/resources/outsel/selection/agnews/', filename='/app/unsupervised-is/resources/outsel/selection/agnews//saida_adaptive-perplexity', start_time='14-06-2026 18:32:35')
/app/unsupervised-is/resources/datasets/agnews/splits//split_5.pkl
Fold 0
[Adaptive-IS] Step 1 — computing scores via 'perplexity' …
[PerplexityIS] Fitting LDA with 10 topics on 102080 instances …
[PerplexityIS] Perplexity stats — min: 1.6116, median: 2.9823, max: 7.5079
[PerplexityIS] Redundancy threshold (p0.0): 1.6116 → 0 candidates
[PerplexityIS] Noise threshold (p100.0): 7.5079 → 0 candidates
[PerplexityIS] Removed 0 redundant + 0 noisy = 0 total instances
[PerplexityIS] Kept 102080 / 102080 (reduction = 0.00%)
[Adaptive-IS] Score stats — min: 1.6116, median: 2.9823, max: 7.5079
[Adaptive-IS] Step 2 — estimating thresholds via 'gmm_boundary' …
[Adaptive-IS] Estimated params — low_percentile=34.6, high_percentile=89.1, beta=0.497, theta=0.178, imbalance_proxy=0.220
[Adaptive-IS] GMM component means: [2.18796801812753, 3.2093550457413764, 4.299386377376051]
[Adaptive-IS] Step 3 — applying selection …
[Adaptive-IS] Redundant candidates: 35314, removing 17539 (beta=0.497)
[Adaptive-IS] Noise candidates: 11077, removing 1973 (theta=0.178)
[Adaptive-IS] Removed 19512 instances — kept 82568 / 102080 (reduction = 19.11%)
[55.74165463447571]
Fold 1
[Adaptive-IS] Step 1 — computing scores via 'perplexity' …
[PerplexityIS] Fitting LDA with 10 topics on 102080 instances …
[PerplexityIS] Perplexity stats — min: 1.6697, median: 3.0548, max: 7.0316
[PerplexityIS] Redundancy threshold (p0.0): 1.6697 → 0 candidates
[PerplexityIS] Noise threshold (p100.0): 7.0316 → 0 candidates
[PerplexityIS] Removed 0 redundant + 0 noisy = 0 total instances
[PerplexityIS] Kept 102080 / 102080 (reduction = 0.00%)
[Adaptive-IS] Score stats — min: 1.6697, median: 3.0548, max: 7.0316
[Adaptive-IS] Step 2 — estimating thresholds via 'gmm_boundary' …
[Adaptive-IS] Estimated params — low_percentile=32.9, high_percentile=89.3, beta=0.481, theta=0.182, imbalance_proxy=0.218
[Adaptive-IS] GMM component means: [2.1865357533360608, 3.239438749092835, 4.266468281456303]
[Adaptive-IS] Step 3 — applying selection …
[Adaptive-IS] Redundant candidates: 33573, removing 16162 (beta=0.481)
[Adaptive-IS] Noise candidates: 10903, removing 1981 (theta=0.182)
[Adaptive-IS] Removed 18143 instances — kept 83937 / 102080 (reduction = 17.77%)
[55.74165463447571, 50.91172003746033]
Fold 2
[Adaptive-IS] Step 1 — computing scores via 'perplexity' …
[PerplexityIS] Fitting LDA with 10 topics on 102080 instances …
[PerplexityIS] Perplexity stats — min: 1.6404, median: 2.9471, max: 7.0459
[PerplexityIS] Redundancy threshold (p0.0): 1.6404 → 0 candidates
[PerplexityIS] Noise threshold (p100.0): 7.0459 → 0 candidates
[PerplexityIS] Removed 0 redundant + 0 noisy = 0 total instances
[PerplexityIS] Kept 102080 / 102080 (reduction = 0.00%)
[Adaptive-IS] Score stats — min: 1.6404, median: 2.9471, max: 7.0459
[Adaptive-IS] Step 2 — estimating thresholds via 'gmm_boundary' …
[Adaptive-IS] Estimated params — low_percentile=35.4, high_percentile=88.3, beta=0.507, theta=0.200, imbalance_proxy=0.222
[Adaptive-IS] GMM component means: [2.184904657952002, 3.1854193805304094, 4.285434652676726]
[Adaptive-IS] Step 3 — applying selection …
[Adaptive-IS] Redundant candidates: 36159, removing 18342 (beta=0.507)
[Adaptive-IS] Noise candidates: 11919, removing 2378 (theta=0.200)
[Adaptive-IS] Removed 20720 instances — kept 81360 / 102080 (reduction = 20.30%)
[55.74165463447571, 50.91172003746033, 56.546104431152344]
Fold 3
[Adaptive-IS] Step 1 — computing scores via 'perplexity' …
[PerplexityIS] Fitting LDA with 10 topics on 102080 instances …
[PerplexityIS] Perplexity stats — min: 1.6541, median: 3.0590, max: 6.6770
[PerplexityIS] Redundancy threshold (p0.0): 1.6541 → 0 candidates
[PerplexityIS] Noise threshold (p100.0): 6.6770 → 0 candidates
[PerplexityIS] Removed 0 redundant + 0 noisy = 0 total instances
[PerplexityIS] Kept 102080 / 102080 (reduction = 0.00%)
[Adaptive-IS] Score stats — min: 1.6541, median: 3.0590, max: 6.6770
[Adaptive-IS] Step 2 — estimating thresholds via 'gmm_boundary' …
[Adaptive-IS] Estimated params — low_percentile=33.3, high_percentile=88.5, beta=0.489, theta=0.189, imbalance_proxy=0.221
[Adaptive-IS] GMM component means: [2.18242678713178, 3.244471036442159, 4.307965204818213]
[Adaptive-IS] Step 3 — applying selection …
[Adaptive-IS] Redundant candidates: 33969, removing 16602 (beta=0.489)
[Adaptive-IS] Noise candidates: 11731, removing 2217 (theta=0.189)
[Adaptive-IS] Removed 18819 instances — kept 83261 / 102080 (reduction = 18.44%)
[55.74165463447571, 50.91172003746033, 56.546104431152344, 56.591827392578125]
Fold 4
[Adaptive-IS] Step 1 — computing scores via 'perplexity' …
[PerplexityIS] Fitting LDA with 10 topics on 102080 instances …
[PerplexityIS] Perplexity stats — min: 1.6404, median: 3.0689, max: 7.3736
[PerplexityIS] Redundancy threshold (p0.0): 1.6404 → 0 candidates
[PerplexityIS] Noise threshold (p100.0): 7.3736 → 0 candidates
[PerplexityIS] Removed 0 redundant + 0 noisy = 0 total instances
[PerplexityIS] Kept 102080 / 102080 (reduction = 0.00%)
[Adaptive-IS] Score stats — min: 1.6404, median: 3.0689, max: 7.3736
[Adaptive-IS] Step 2 — estimating thresholds via 'gmm_boundary' …
[Adaptive-IS] Estimated params — low_percentile=32.3, high_percentile=88.4, beta=0.468, theta=0.197, imbalance_proxy=0.221
[Adaptive-IS] GMM component means: [2.1884674267365782, 3.2341656607558416, 4.285063688623017]
[Adaptive-IS] Step 3 — applying selection …
[Adaptive-IS] Redundant candidates: 32987, removing 15425 (beta=0.468)
[Adaptive-IS] Noise candidates: 11803, removing 2321 (theta=0.197)
[Adaptive-IS] Removed 17746 instances — kept 84334 / 102080 (reduction = 17.38%)
[55.74165463447571, 50.91172003746033, 56.546104431152344, 56.591827392578125, 55.87997007369995]
END
  Method: adaptive-v2-perplexity
Namespace(dataset='agnews', method='adaptive-v2-perplexity', folds=5, save=True, inputrep='tfidf', out='/app/unsupervised-is/resources/outsel', datain='/app/unsupervised-is/resources/datasets', overwrite=1, inputdir='/app/unsupervised-is/resources/datasets/agnews/tfidf/', splitdir='/app/unsupervised-is/resources/datasets/agnews/splits/', outputdir='/app/unsupervised-is/resources/outsel/selection/agnews/', filename='/app/unsupervised-is/resources/outsel/selection/agnews//saida_adaptive-v2-perplexity', start_time='14-06-2026 18:37:34')
/app/unsupervised-is/resources/datasets/agnews/splits//split_5.pkl
Fold 0
[AdaptiveV2-IS] Step 1 — scoring via 'perplexity' …
[PerplexityIS] Fitting LDA with 10 topics on 102080 instances …
[PerplexityIS] Perplexity stats — min: 1.6116, median: 2.9823, max: 7.5079
[PerplexityIS] Redundancy threshold (p0.0): 1.6116 → 0 candidates
[PerplexityIS] Noise threshold (p100.0): 7.5079 → 0 candidates
[PerplexityIS] Removed 0 redundant + 0 noisy = 0 total instances
[PerplexityIS] Kept 102080 / 102080 (reduction = 0.00%)
[AdaptiveV2-IS] Score stats — min: 1.6116, p25: 2.2727, median: 2.9823, p75: 3.5608, max: 7.5079
[AdaptiveV2-IS] Step 2 — estimating params via quartile density …
[AdaptiveV2-IS] Quartile widths: Q1_frac=0.112, Q2_frac=0.120, total_range=5.8963
[AdaptiveV2-IS] Params: beta_q1=0.700, beta_q2=0.600, theta=0.234, imbalance_proxy=0.220
[AdaptiveV2-IS] Step 3 — applying quartile selection …
[AdaptiveV2-IS] Q1 (25520 instances): removing 17864 (beta_q1=0.700, uniform)
[AdaptiveV2-IS] Q2 (25520 instances): removing 15312 (beta_q2=0.600, uniform)
[AdaptiveV2-IS] Q4 (25520 instances): removing 5971 (theta=0.234, weighted)
[AdaptiveV2-IS] Done — removed 39147 / 102080 (reduction = 38.35%)
[46.14723181724548]
Fold 1
[AdaptiveV2-IS] Step 1 — scoring via 'perplexity' …
[PerplexityIS] Fitting LDA with 10 topics on 102080 instances …
[PerplexityIS] Perplexity stats — min: 1.6697, median: 3.0548, max: 7.0316
[PerplexityIS] Redundancy threshold (p0.0): 1.6697 → 0 candidates
[PerplexityIS] Noise threshold (p100.0): 7.0316 → 0 candidates
[PerplexityIS] Removed 0 redundant + 0 noisy = 0 total instances
[PerplexityIS] Kept 102080 / 102080 (reduction = 0.00%)
[AdaptiveV2-IS] Score stats — min: 1.6697, p25: 2.2832, median: 3.0548, p75: 3.5763, max: 7.0316
[AdaptiveV2-IS] Step 2 — estimating params via quartile density …
[AdaptiveV2-IS] Quartile widths: Q1_frac=0.114, Q2_frac=0.144, total_range=5.3619
[AdaptiveV2-IS] Params: beta_q1=0.700, beta_q2=0.600, theta=0.235, imbalance_proxy=0.218
[AdaptiveV2-IS] Step 3 — applying quartile selection …
[AdaptiveV2-IS] Q1 (25520 instances): removing 17864 (beta_q1=0.700, uniform)
[AdaptiveV2-IS] Q2 (25520 instances): removing 15312 (beta_q2=0.600, uniform)
[AdaptiveV2-IS] Q4 (25520 instances): removing 5985 (theta=0.235, weighted)
[AdaptiveV2-IS] Done — removed 39161 / 102080 (reduction = 38.36%)
[46.14723181724548, 41.9015588760376]
Fold 2
[AdaptiveV2-IS] Step 1 — scoring via 'perplexity' …
[PerplexityIS] Fitting LDA with 10 topics on 102080 instances …
[PerplexityIS] Perplexity stats — min: 1.6404, median: 2.9471, max: 7.0459
[PerplexityIS] Redundancy threshold (p0.0): 1.6404 → 0 candidates
[PerplexityIS] Noise threshold (p100.0): 7.0459 → 0 candidates
[PerplexityIS] Removed 0 redundant + 0 noisy = 0 total instances
[PerplexityIS] Kept 102080 / 102080 (reduction = 0.00%)
[AdaptiveV2-IS] Score stats — min: 1.6404, p25: 2.2550, median: 2.9471, p75: 3.5731, max: 7.0459
[AdaptiveV2-IS] Step 2 — estimating params via quartile density …
[AdaptiveV2-IS] Quartile widths: Q1_frac=0.114, Q2_frac=0.128, total_range=5.4055
[AdaptiveV2-IS] Params: beta_q1=0.700, beta_q2=0.600, theta=0.233, imbalance_proxy=0.222
[AdaptiveV2-IS] Step 3 — applying quartile selection …
[AdaptiveV2-IS] Q1 (25520 instances): removing 17864 (beta_q1=0.700, uniform)
[AdaptiveV2-IS] Q2 (25520 instances): removing 15312 (beta_q2=0.600, uniform)
[AdaptiveV2-IS] Q4 (25520 instances): removing 5956 (theta=0.233, weighted)
[AdaptiveV2-IS] Done — removed 39132 / 102080 (reduction = 38.33%)
[46.14723181724548, 41.9015588760376, 39.75838088989258]
Fold 3
[AdaptiveV2-IS] Step 1 — scoring via 'perplexity' …
[PerplexityIS] Fitting LDA with 10 topics on 102080 instances …
[PerplexityIS] Perplexity stats — min: 1.6541, median: 3.0590, max: 6.6770
[PerplexityIS] Redundancy threshold (p0.0): 1.6541 → 0 candidates
[PerplexityIS] Noise threshold (p100.0): 6.6770 → 0 candidates
[PerplexityIS] Removed 0 redundant + 0 noisy = 0 total instances
[PerplexityIS] Kept 102080 / 102080 (reduction = 0.00%)
[AdaptiveV2-IS] Score stats — min: 1.6541, p25: 2.2751, median: 3.0590, p75: 3.5935, max: 6.6770
[AdaptiveV2-IS] Step 2 — estimating params via quartile density …
[AdaptiveV2-IS] Quartile widths: Q1_frac=0.124, Q2_frac=0.156, total_range=5.0229
[AdaptiveV2-IS] Params: beta_q1=0.700, beta_q2=0.600, theta=0.234, imbalance_proxy=0.221
[AdaptiveV2-IS] Step 3 — applying quartile selection …
[AdaptiveV2-IS] Q1 (25520 instances): removing 17864 (beta_q1=0.700, uniform)
[AdaptiveV2-IS] Q2 (25520 instances): removing 15312 (beta_q2=0.600, uniform)
[AdaptiveV2-IS] Q4 (25520 instances): removing 5963 (theta=0.234, weighted)
[AdaptiveV2-IS] Done — removed 39139 / 102080 (reduction = 38.34%)
[46.14723181724548, 41.9015588760376, 39.75838088989258, 46.21072006225586]
Fold 4
[AdaptiveV2-IS] Step 1 — scoring via 'perplexity' …
[PerplexityIS] Fitting LDA with 10 topics on 102080 instances …
[PerplexityIS] Perplexity stats — min: 1.6404, median: 3.0689, max: 7.3736
[PerplexityIS] Redundancy threshold (p0.0): 1.6404 → 0 candidates
[PerplexityIS] Noise threshold (p100.0): 7.3736 → 0 candidates
[PerplexityIS] Removed 0 redundant + 0 noisy = 0 total instances
[PerplexityIS] Kept 102080 / 102080 (reduction = 0.00%)
[AdaptiveV2-IS] Score stats — min: 1.6404, p25: 2.3056, median: 3.0689, p75: 3.5995, max: 7.3736
[AdaptiveV2-IS] Step 2 — estimating params via quartile density …
[AdaptiveV2-IS] Quartile widths: Q1_frac=0.116, Q2_frac=0.133, total_range=5.7332
[AdaptiveV2-IS] Params: beta_q1=0.700, beta_q2=0.600, theta=0.234, imbalance_proxy=0.221
[AdaptiveV2-IS] Step 3 — applying quartile selection …
[AdaptiveV2-IS] Q1 (25520 instances): removing 17864 (beta_q1=0.700, uniform)
[AdaptiveV2-IS] Q2 (25520 instances): removing 15312 (beta_q2=0.600, uniform)
[AdaptiveV2-IS] Q4 (25520 instances): removing 5962 (theta=0.234, weighted)
[AdaptiveV2-IS] Done — removed 39138 / 102080 (reduction = 38.34%)
[46.14723181724548, 41.9015588760376, 39.75838088989258, 46.21072006225586, 47.5201461315155]
END
  Method: no-is
Namespace(dataset='agnews', method='no-is', folds=5, save=True, inputrep='tfidf', out='/app/unsupervised-is/resources/outsel', datain='/app/unsupervised-is/resources/datasets', overwrite=1, inputdir='/app/unsupervised-is/resources/datasets/agnews/tfidf/', splitdir='/app/unsupervised-is/resources/datasets/agnews/splits/', outputdir='/app/unsupervised-is/resources/outsel/selection/agnews/', filename='/app/unsupervised-is/resources/outsel/selection/agnews//saida_no-is', start_time='14-06-2026 18:41:40')
/app/unsupervised-is/resources/datasets/agnews/splits//split_5.pkl
Fold 0
[0.054646968841552734]
Fold 1
[0.054646968841552734, 0.05054759979248047]
Fold 2
[0.054646968841552734, 0.05054759979248047, 0.05513453483581543]
Fold 3
[0.054646968841552734, 0.05054759979248047, 0.05513453483581543, 0.05174541473388672]
Fold 4
[0.054646968841552734, 0.05054759979248047, 0.05513453483581543, 0.05174541473388672, 0.0515291690826416]
END
  Method: biois
Namespace(dataset='agnews', method='biois', folds=5, save=True, inputrep='tfidf', out='/app/unsupervised-is/resources/outsel', datain='/app/unsupervised-is/resources/datasets', overwrite=1, inputdir='/app/unsupervised-is/resources/datasets/agnews/tfidf/', splitdir='/app/unsupervised-is/resources/datasets/agnews/splits/', outputdir='/app/unsupervised-is/resources/outsel/selection/agnews/', filename='/app/unsupervised-is/resources/outsel/selection/agnews//saida_biois', start_time='14-06-2026 18:42:03')
/app/unsupervised-is/resources/datasets/agnews/splits//split_5.pkl
Fold 0
fitting_alpha_by_lr_default
LogisticRegression()
/app/unsupervised-is/venv/lib/python3.12/site-packages/sklearn/linear_model/_logistic.py:406: ConvergenceWarning: lbfgs failed to converge after 100 iteration(s) (status=1):
STOP: TOTAL NO. OF ITERATIONS REACHED LIMIT

Increase the number of iterations to improve the convergence (max_iter=100).
You might also want to scale the data as shown in:
    https://scikit-learn.org/stable/modules/preprocessing.html
Please also refer to the documentation for alternative solver options:
    https://scikit-learn.org/stable/modules/linear_model.html#logistic-regression
  n_iter_i = _check_optimize_result(
LogisticRegression()
/app/unsupervised-is/venv/lib/python3.12/site-packages/sklearn/linear_model/_logistic.py:406: ConvergenceWarning: lbfgs failed to converge after 100 iteration(s) (status=1):
STOP: TOTAL NO. OF ITERATIONS REACHED LIMIT

Increase the number of iterations to improve the convergence (max_iter=100).
You might also want to scale the data as shown in:
    https://scikit-learn.org/stable/modules/preprocessing.html
Please also refer to the documentation for alternative solver options:
    https://scikit-learn.org/stable/modules/linear_model.html#logistic-regression
  n_iter_i = _check_optimize_result(
LogisticRegression()
LogisticRegression()
LogisticRegression()
Micro: 0.914635579937304
Macro: 0.9144458848023694
identifyNoiseByLowerNNEntropy
[351.6321635246277]
Fold 1
fitting_alpha_by_lr_default
LogisticRegression()
LogisticRegression()
LogisticRegression()
/app/unsupervised-is/venv/lib/python3.12/site-packages/sklearn/linear_model/_logistic.py:406: ConvergenceWarning: lbfgs failed to converge after 100 iteration(s) (status=1):
STOP: TOTAL NO. OF ITERATIONS REACHED LIMIT

Increase the number of iterations to improve the convergence (max_iter=100).
You might also want to scale the data as shown in:
    https://scikit-learn.org/stable/modules/preprocessing.html
Please also refer to the documentation for alternative solver options:
    https://scikit-learn.org/stable/modules/linear_model.html#logistic-regression
  n_iter_i = _check_optimize_result(
LogisticRegression()
/app/unsupervised-is/venv/lib/python3.12/site-packages/sklearn/linear_model/_logistic.py:406: ConvergenceWarning: lbfgs failed to converge after 100 iteration(s) (status=1):
STOP: TOTAL NO. OF ITERATIONS REACHED LIMIT

Increase the number of iterations to improve the convergence (max_iter=100).
You might also want to scale the data as shown in:
    https://scikit-learn.org/stable/modules/preprocessing.html
Please also refer to the documentation for alternative solver options:
    https://scikit-learn.org/stable/modules/linear_model.html#logistic-regression
  n_iter_i = _check_optimize_result(
LogisticRegression()
Micro: 0.914900078369906
Macro: 0.9147122418829204
identifyNoiseByLowerNNEntropy
[351.6321635246277, 415.32856917381287]
Fold 2
fitting_alpha_by_lr_default
LogisticRegression()
/app/unsupervised-is/venv/lib/python3.12/site-packages/sklearn/linear_model/_logistic.py:406: ConvergenceWarning: lbfgs failed to converge after 100 iteration(s) (status=1):
STOP: TOTAL NO. OF ITERATIONS REACHED LIMIT

Increase the number of iterations to improve the convergence (max_iter=100).
You might also want to scale the data as shown in:
    https://scikit-learn.org/stable/modules/preprocessing.html
Please also refer to the documentation for alternative solver options:
    https://scikit-learn.org/stable/modules/linear_model.html#logistic-regression
  n_iter_i = _check_optimize_result(
LogisticRegression()
/app/unsupervised-is/venv/lib/python3.12/site-packages/sklearn/linear_model/_logistic.py:406: ConvergenceWarning: lbfgs failed to converge after 100 iteration(s) (status=1):
STOP: TOTAL NO. OF ITERATIONS REACHED LIMIT

Increase the number of iterations to improve the convergence (max_iter=100).
You might also want to scale the data as shown in:
    https://scikit-learn.org/stable/modules/preprocessing.html
Please also refer to the documentation for alternative solver options:
    https://scikit-learn.org/stable/modules/linear_model.html#logistic-regression
  n_iter_i = _check_optimize_result(
LogisticRegression()
/app/unsupervised-is/venv/lib/python3.12/site-packages/sklearn/linear_model/_logistic.py:406: ConvergenceWarning: lbfgs failed to converge after 100 iteration(s) (status=1):
STOP: TOTAL NO. OF ITERATIONS REACHED LIMIT

Increase the number of iterations to improve the convergence (max_iter=100).
You might also want to scale the data as shown in:
    https://scikit-learn.org/stable/modules/preprocessing.html
Please also refer to the documentation for alternative solver options:
    https://scikit-learn.org/stable/modules/linear_model.html#logistic-regression
  n_iter_i = _check_optimize_result(
LogisticRegression()
LogisticRegression()
Micro: 0.915242946708464
Macro: 0.9150460910978631
identifyNoiseByLowerNNEntropy
[351.6321635246277, 415.32856917381287, 483.01722049713135]
Fold 3
fitting_alpha_by_lr_default
LogisticRegression()
LogisticRegression()
LogisticRegression()
/app/unsupervised-is/venv/lib/python3.12/site-packages/sklearn/linear_model/_logistic.py:406: ConvergenceWarning: lbfgs failed to converge after 100 iteration(s) (status=1):
STOP: TOTAL NO. OF ITERATIONS REACHED LIMIT

Increase the number of iterations to improve the convergence (max_iter=100).
You might also want to scale the data as shown in:
    https://scikit-learn.org/stable/modules/preprocessing.html
Please also refer to the documentation for alternative solver options:
    https://scikit-learn.org/stable/modules/linear_model.html#logistic-regression
  n_iter_i = _check_optimize_result(
LogisticRegression()
/app/unsupervised-is/venv/lib/python3.12/site-packages/sklearn/linear_model/_logistic.py:406: ConvergenceWarning: lbfgs failed to converge after 100 iteration(s) (status=1):
STOP: TOTAL NO. OF ITERATIONS REACHED LIMIT

Increase the number of iterations to improve the convergence (max_iter=100).
You might also want to scale the data as shown in:
    https://scikit-learn.org/stable/modules/preprocessing.html
Please also refer to the documentation for alternative solver options:
    https://scikit-learn.org/stable/modules/linear_model.html#logistic-regression
  n_iter_i = _check_optimize_result(
LogisticRegression()
Micro: 0.9147629310344828
Macro: 0.9145763608899256
identifyNoiseByLowerNNEntropy
[351.6321635246277, 415.32856917381287, 483.01722049713135, 378.293986082077]
Fold 4
fitting_alpha_by_lr_default
LogisticRegression()
LogisticRegression()
LogisticRegression()
LogisticRegression()
/app/unsupervised-is/venv/lib/python3.12/site-packages/sklearn/linear_model/_logistic.py:406: ConvergenceWarning: lbfgs failed to converge after 100 iteration(s) (status=1):
STOP: TOTAL NO. OF ITERATIONS REACHED LIMIT

Increase the number of iterations to improve the convergence (max_iter=100).
You might also want to scale the data as shown in:
    https://scikit-learn.org/stable/modules/preprocessing.html
Please also refer to the documentation for alternative solver options:
    https://scikit-learn.org/stable/modules/linear_model.html#logistic-regression
  n_iter_i = _check_optimize_result(
LogisticRegression()
/app/unsupervised-is/venv/lib/python3.12/site-packages/sklearn/linear_model/_logistic.py:406: ConvergenceWarning: lbfgs failed to converge after 100 iteration(s) (status=1):
STOP: TOTAL NO. OF ITERATIONS REACHED LIMIT

Increase the number of iterations to improve the convergence (max_iter=100).
You might also want to scale the data as shown in:
    https://scikit-learn.org/stable/modules/preprocessing.html
Please also refer to the documentation for alternative solver options:
    https://scikit-learn.org/stable/modules/linear_model.html#logistic-regression
  n_iter_i = _check_optimize_result(
Micro: 0.9150666144200627
Macro: 0.914889425163661
identifyNoiseByLowerNNEntropy
[351.6321635246277, 415.32856917381287, 483.01722049713135, 378.293986082077, 390.78884291648865]
END
  Method: perplexity-is
Namespace(dataset='agnews', method='perplexity-is', folds=5, save=True, inputrep='tfidf', out='/app/unsupervised-is/resources/outsel', datain='/app/unsupervised-is/resources/datasets', overwrite=1, inputdir='/app/unsupervised-is/resources/datasets/agnews/tfidf/', splitdir='/app/unsupervised-is/resources/datasets/agnews/splits/', outputdir='/app/unsupervised-is/resources/outsel/selection/agnews/', filename='/app/unsupervised-is/resources/outsel/selection/agnews//saida_perplexity-is', start_time='14-06-2026 19:16:04')
/app/unsupervised-is/resources/datasets/agnews/splits//split_5.pkl
Fold 0
[PerplexityIS] Fitting LDA with 10 topics on 102080 instances …
[PerplexityIS] Perplexity stats — min: 1.6116, median: 2.9823, max: 7.5079
[PerplexityIS] Redundancy threshold (p40): 2.6677 → 40832 candidates
[PerplexityIS] Redundant instances: 40832, removing 24499 with beta=0.6
[PerplexityIS] Noise threshold (p70): 3.4653 → 30624 candidates
[PerplexityIS] Noise instances: 30624, removing 6124 with theta=0.2
[PerplexityIS] Removed 24499 redundant + 6124 noisy = 30623 total instances
[PerplexityIS] Kept 71457 / 102080 (reduction = 30.00%)
[45.8947229385376]
Fold 1
[PerplexityIS] Fitting LDA with 10 topics on 102080 instances …
[PerplexityIS] Perplexity stats — min: 1.6697, median: 3.0548, max: 7.0316
[PerplexityIS] Redundancy threshold (p40): 2.7285 → 40832 candidates
[PerplexityIS] Redundant instances: 40832, removing 24499 with beta=0.6
[PerplexityIS] Noise threshold (p70): 3.4846 → 30624 candidates
[PerplexityIS] Noise instances: 30624, removing 6124 with theta=0.2
[PerplexityIS] Removed 24499 redundant + 6124 noisy = 30623 total instances
[PerplexityIS] Kept 71457 / 102080 (reduction = 30.00%)
[45.8947229385376, 42.12645196914673]
Fold 2
[PerplexityIS] Fitting LDA with 10 topics on 102080 instances …
[PerplexityIS] Perplexity stats — min: 1.6404, median: 2.9471, max: 7.0459
[PerplexityIS] Redundancy threshold (p40): 2.6219 → 40832 candidates
[PerplexityIS] Redundant instances: 40832, removing 24499 with beta=0.6
[PerplexityIS] Noise threshold (p70): 3.4653 → 30624 candidates
[PerplexityIS] Noise instances: 30624, removing 6124 with theta=0.2
[PerplexityIS] Removed 24499 redundant + 6124 noisy = 30623 total instances
[PerplexityIS] Kept 71457 / 102080 (reduction = 30.00%)
[45.8947229385376, 42.12645196914673, 41.6761908531189]
Fold 3
[PerplexityIS] Fitting LDA with 10 topics on 102080 instances …
[PerplexityIS] Perplexity stats — min: 1.6541, median: 3.0590, max: 6.6770
[PerplexityIS] Redundancy threshold (p40): 2.7234 → 40832 candidates
[PerplexityIS] Redundant instances: 40832, removing 24499 with beta=0.6
[PerplexityIS] Noise threshold (p70): 3.4988 → 30624 candidates
[PerplexityIS] Noise instances: 30624, removing 6124 with theta=0.2
[PerplexityIS] Removed 24499 redundant + 6124 noisy = 30623 total instances
[PerplexityIS] Kept 71457 / 102080 (reduction = 30.00%)
[45.8947229385376, 42.12645196914673, 41.6761908531189, 44.19958209991455]
Fold 4
[PerplexityIS] Fitting LDA with 10 topics on 102080 instances …
[PerplexityIS] Perplexity stats — min: 1.6404, median: 3.0689, max: 7.3736
[PerplexityIS] Redundancy threshold (p40): 2.7591 → 40832 candidates
[PerplexityIS] Redundant instances: 40832, removing 24499 with beta=0.6
[PerplexityIS] Noise threshold (p70): 3.5034 → 30624 candidates
[PerplexityIS] Noise instances: 30624, removing 6124 with theta=0.2
[PerplexityIS] Removed 24499 redundant + 6124 noisy = 30623 total instances
[PerplexityIS] Kept 71457 / 102080 (reduction = 30.00%)
[45.8947229385376, 42.12645196914673, 41.6761908531189, 44.19958209991455, 43.25116038322449]
END
Dataset: medline
  Method: adaptive-perplexity
Namespace(dataset='medline', method='adaptive-perplexity', folds=5, save=True, inputrep='tfidf', out='/app/unsupervised-is/resources/outsel', datain='/app/unsupervised-is/resources/datasets', overwrite=1, inputdir='/app/unsupervised-is/resources/datasets/medline/tfidf/', splitdir='/app/unsupervised-is/resources/datasets/medline/splits/', outputdir='/app/unsupervised-is/resources/outsel/selection/medline/', filename='/app/unsupervised-is/resources/outsel/selection/medline//saida_adaptive-perplexity', start_time='14-06-2026 19:20:06')
Criando saida /app/unsupervised-is/resources/outsel/selection/medline/
/app/unsupervised-is/resources/datasets/medline/splits//split_5.pkl
Fold 0
[Adaptive-IS] Step 1 — computing scores via 'perplexity' …
[PerplexityIS] Fitting LDA with 10 topics on 688337 instances …
[PerplexityIS] Perplexity stats — min: 1.4192, median: 3.0504, max: 10.0000
[PerplexityIS] Redundancy threshold (p0.0): 1.4192 → 0 candidates
[PerplexityIS] Noise threshold (p100.0): 10.0000 → 0 candidates
[PerplexityIS] Removed 0 redundant + 0 noisy = 0 total instances
[PerplexityIS] Kept 688337 / 688337 (reduction = 0.00%)
[Adaptive-IS] Score stats — min: 1.4192, median: 3.0504, max: 10.0000
[Adaptive-IS] Step 2 — estimating thresholds via 'gmm_boundary' …
[Adaptive-IS] Estimated params — low_percentile=17.3, high_percentile=72.6, beta=0.256, theta=0.285, imbalance_proxy=0.288
[Adaptive-IS] GMM component means: [1.7833242655528845, 2.9292422967666223, 4.2303680596519175]
[Adaptive-IS] Step 3 — applying selection …
[Adaptive-IS] Redundant candidates: 118794, removing 30458 (beta=0.256)
[Adaptive-IS] Noise candidates: 188591, removing 53673 (theta=0.285)
[Adaptive-IS] Removed 84131 instances — kept 604206 / 688337 (reduction = 12.22%)
[362.6305661201477]
Fold 1
[Adaptive-IS] Step 1 — computing scores via 'perplexity' …
[PerplexityIS] Fitting LDA with 10 topics on 688337 instances …
[PerplexityIS] Perplexity stats — min: 1.4363, median: 3.0582, max: 10.0000
[PerplexityIS] Redundancy threshold (p0.0): 1.4363 → 0 candidates
[PerplexityIS] Noise threshold (p100.0): 10.0000 → 0 candidates
[PerplexityIS] Removed 0 redundant + 0 noisy = 0 total instances
[PerplexityIS] Kept 688337 / 688337 (reduction = 0.00%)
[Adaptive-IS] Score stats — min: 1.4363, median: 3.0582, max: 10.0000
[Adaptive-IS] Step 2 — estimating thresholds via 'gmm_boundary' …
[Adaptive-IS] Estimated params — low_percentile=16.3, high_percentile=72.8, beta=0.241, theta=0.286, imbalance_proxy=0.285
[Adaptive-IS] GMM component means: [1.7878073618191008, 2.931594620985722, 4.200734658011405]
[Adaptive-IS] Step 3 — applying selection …
[Adaptive-IS] Redundant candidates: 112351, removing 27122 (beta=0.241)
[Adaptive-IS] Noise candidates: 186985, removing 53456 (theta=0.286)
[Adaptive-IS] Removed 80578 instances — kept 607759 / 688337 (reduction = 11.71%)
[362.6305661201477, 328.5715756416321]
Fold 2
[Adaptive-IS] Step 1 — computing scores via 'perplexity' …
[PerplexityIS] Fitting LDA with 10 topics on 688338 instances …
[PerplexityIS] Perplexity stats — min: 1.4393, median: 3.0903, max: 10.0000
[PerplexityIS] Redundancy threshold (p0.0): 1.4393 → 0 candidates
[PerplexityIS] Noise threshold (p100.0): 10.0000 → 0 candidates
[PerplexityIS] Removed 0 redundant + 0 noisy = 0 total instances
[PerplexityIS] Kept 688338 / 688338 (reduction = 0.00%)
[Adaptive-IS] Score stats — min: 1.4393, median: 3.0903, max: 10.0000
[Adaptive-IS] Step 2 — estimating thresholds via 'gmm_boundary' …
[Adaptive-IS] Estimated params — low_percentile=15.3, high_percentile=71.0, beta=0.222, theta=0.286, imbalance_proxy=0.286
[Adaptive-IS] GMM component means: [1.80678294341577, 2.929028874100826, 4.201152171432035]
[Adaptive-IS] Step 3 — applying selection …
[Adaptive-IS] Redundant candidates: 105438, removing 23415 (beta=0.222)
[Adaptive-IS] Noise candidates: 199700, removing 57070 (theta=0.286)
[Adaptive-IS] Removed 80485 instances — kept 607853 / 688338 (reduction = 11.69%)
[362.6305661201477, 328.5715756416321, 325.9146044254303]
Fold 3
[Adaptive-IS] Step 1 — computing scores via 'perplexity' …
[PerplexityIS] Fitting LDA with 10 topics on 688341 instances …
[PerplexityIS] Perplexity stats — min: 1.4019, median: 3.0666, max: 10.0000
[PerplexityIS] Redundancy threshold (p0.0): 1.4019 → 0 candidates
[PerplexityIS] Noise threshold (p100.0): 10.0000 → 0 candidates
[PerplexityIS] Removed 0 redundant + 0 noisy = 0 total instances
[PerplexityIS] Kept 688341 / 688341 (reduction = 0.00%)
[Adaptive-IS] Score stats — min: 1.4019, median: 3.0666, max: 10.0000
[Adaptive-IS] Step 2 — estimating thresholds via 'gmm_boundary' …
[Adaptive-IS] Estimated params — low_percentile=17.2, high_percentile=71.3, beta=0.255, theta=0.283, imbalance_proxy=0.293
[Adaptive-IS] GMM component means: [1.7714725186781872, 2.917731924349429, 4.24952906715914]
[Adaptive-IS] Step 3 — applying selection …
[Adaptive-IS] Redundant candidates: 118591, removing 30284 (beta=0.255)
[Adaptive-IS] Noise candidates: 197898, removing 55990 (theta=0.283)
[Adaptive-IS] Removed 86274 instances — kept 602067 / 688341 (reduction = 12.53%)
[362.6305661201477, 328.5715756416321, 325.9146044254303, 321.35387206077576]
Fold 4
[Adaptive-IS] Step 1 — computing scores via 'perplexity' …
[PerplexityIS] Fitting LDA with 10 topics on 688343 instances …
[PerplexityIS] Perplexity stats — min: 1.3814, median: 3.0521, max: 10.0000
[PerplexityIS] Redundancy threshold (p0.0): 1.3814 → 0 candidates
[PerplexityIS] Noise threshold (p100.0): 10.0000 → 0 candidates
[PerplexityIS] Removed 0 redundant + 0 noisy = 0 total instances
[PerplexityIS] Kept 688343 / 688343 (reduction = 0.00%)
[Adaptive-IS] Score stats — min: 1.3814, median: 3.0521, max: 10.0000
[Adaptive-IS] Step 2 — estimating thresholds via 'gmm_boundary' …
[Adaptive-IS] Estimated params — low_percentile=18.4, high_percentile=72.2, beta=0.271, theta=0.283, imbalance_proxy=0.292
[Adaptive-IS] GMM component means: [1.7874872126593484, 2.920259644697065, 4.2574592020506055]
[Adaptive-IS] Step 3 — applying selection …
[Adaptive-IS] Redundant candidates: 126888, removing 34333 (beta=0.271)
[Adaptive-IS] Noise candidates: 191111, removing 54125 (theta=0.283)
[Adaptive-IS] Removed 88458 instances — kept 599885 / 688343 (reduction = 12.85%)
[362.6305661201477, 328.5715756416321, 325.9146044254303, 321.35387206077576, 317.5990688800812]
END
  Method: adaptive-v2-perplexity
Namespace(dataset='medline', method='adaptive-v2-perplexity', folds=5, save=True, inputrep='tfidf', out='/app/unsupervised-is/resources/outsel', datain='/app/unsupervised-is/resources/datasets', overwrite=1, inputdir='/app/unsupervised-is/resources/datasets/medline/tfidf/', splitdir='/app/unsupervised-is/resources/datasets/medline/splits/', outputdir='/app/unsupervised-is/resources/outsel/selection/medline/', filename='/app/unsupervised-is/resources/outsel/selection/medline//saida_adaptive-v2-perplexity', start_time='14-06-2026 19:51:11')
/app/unsupervised-is/resources/datasets/medline/splits//split_5.pkl
Fold 0
[AdaptiveV2-IS] Step 1 — scoring via 'perplexity' …
[PerplexityIS] Fitting LDA with 10 topics on 688337 instances …
[PerplexityIS] Perplexity stats — min: 1.4192, median: 3.0504, max: 10.0000
[PerplexityIS] Redundancy threshold (p0.0): 1.4192 → 0 candidates
[PerplexityIS] Noise threshold (p100.0): 10.0000 → 0 candidates
[PerplexityIS] Removed 0 redundant + 0 noisy = 0 total instances
[PerplexityIS] Kept 688337 / 688337 (reduction = 0.00%)
[AdaptiveV2-IS] Score stats — min: 1.4192, p25: 2.5295, median: 3.0504, p75: 3.8389, max: 10.0000
[AdaptiveV2-IS] Step 2 — estimating params via quartile density …
[AdaptiveV2-IS] Quartile widths: Q1_frac=0.129, Q2_frac=0.061, total_range=8.5808
[AdaptiveV2-IS] Params: beta_q1=0.700, beta_q2=0.600, theta=0.213, imbalance_proxy=0.288
[AdaptiveV2-IS] Step 3 — applying quartile selection …
[AdaptiveV2-IS] Q1 (172085 instances): removing 120459 (beta_q1=0.700, uniform)
[AdaptiveV2-IS] Q2 (172084 instances): removing 103250 (beta_q2=0.600, uniform)
[AdaptiveV2-IS] Q4 (172084 instances): removing 36731 (theta=0.213, weighted)
[AdaptiveV2-IS] Done — removed 260440 / 688337 (reduction = 37.84%)
[312.83973813056946]
Fold 1
[AdaptiveV2-IS] Step 1 — scoring via 'perplexity' …
[PerplexityIS] Fitting LDA with 10 topics on 688337 instances …
[PerplexityIS] Perplexity stats — min: 1.4363, median: 3.0582, max: 10.0000
[PerplexityIS] Redundancy threshold (p0.0): 1.4363 → 0 candidates
[PerplexityIS] Noise threshold (p100.0): 10.0000 → 0 candidates
[PerplexityIS] Removed 0 redundant + 0 noisy = 0 total instances
[PerplexityIS] Kept 688337 / 688337 (reduction = 0.00%)
[AdaptiveV2-IS] Score stats — min: 1.4363, p25: 2.5619, median: 3.0582, p75: 3.8200, max: 10.0000
[AdaptiveV2-IS] Step 2 — estimating params via quartile density …
[AdaptiveV2-IS] Quartile widths: Q1_frac=0.131, Q2_frac=0.058, total_range=8.5637
[AdaptiveV2-IS] Params: beta_q1=0.700, beta_q2=0.600, theta=0.214, imbalance_proxy=0.285
[AdaptiveV2-IS] Step 3 — applying quartile selection …
[AdaptiveV2-IS] Q1 (172085 instances): removing 120459 (beta_q1=0.700, uniform)
[AdaptiveV2-IS] Q2 (172084 instances): removing 103250 (beta_q2=0.600, uniform)
[AdaptiveV2-IS] Q4 (172084 instances): removing 36897 (theta=0.214, weighted)
[AdaptiveV2-IS] Done — removed 260606 / 688337 (reduction = 37.86%)
[312.83973813056946, 310.05665349960327]
Fold 2
[AdaptiveV2-IS] Step 1 — scoring via 'perplexity' …
[PerplexityIS] Fitting LDA with 10 topics on 688338 instances …
[PerplexityIS] Perplexity stats — min: 1.4393, median: 3.0903, max: 10.0000
[PerplexityIS] Redundancy threshold (p0.0): 1.4393 → 0 candidates
[PerplexityIS] Noise threshold (p100.0): 10.0000 → 0 candidates
[PerplexityIS] Removed 0 redundant + 0 noisy = 0 total instances
[PerplexityIS] Kept 688338 / 688338 (reduction = 0.00%)
[AdaptiveV2-IS] Score stats — min: 1.4393, p25: 2.5993, median: 3.0903, p75: 3.8969, max: 10.0000
[AdaptiveV2-IS] Step 2 — estimating params via quartile density …
[AdaptiveV2-IS] Quartile widths: Q1_frac=0.136, Q2_frac=0.057, total_range=8.5607
[AdaptiveV2-IS] Params: beta_q1=0.700, beta_q2=0.600, theta=0.214, imbalance_proxy=0.286
[AdaptiveV2-IS] Step 3 — applying quartile selection …
[AdaptiveV2-IS] Q1 (172085 instances): removing 120459 (beta_q1=0.700, uniform)
[AdaptiveV2-IS] Q2 (172084 instances): removing 103250 (beta_q2=0.600, uniform)
[AdaptiveV2-IS] Q4 (172085 instances): removing 36883 (theta=0.214, weighted)
[AdaptiveV2-IS] Done — removed 260592 / 688338 (reduction = 37.86%)
[312.83973813056946, 310.05665349960327, 305.01364517211914]
Fold 3
[AdaptiveV2-IS] Step 1 — scoring via 'perplexity' …
[PerplexityIS] Fitting LDA with 10 topics on 688341 instances …
[PerplexityIS] Perplexity stats — min: 1.4019, median: 3.0666, max: 10.0000
[PerplexityIS] Redundancy threshold (p0.0): 1.4019 → 0 candidates
[PerplexityIS] Noise threshold (p100.0): 10.0000 → 0 candidates
[PerplexityIS] Removed 0 redundant + 0 noisy = 0 total instances
[PerplexityIS] Kept 688341 / 688341 (reduction = 0.00%)
[AdaptiveV2-IS] Score stats — min: 1.4019, p25: 2.5190, median: 3.0666, p75: 3.9087, max: 10.0000
[AdaptiveV2-IS] Step 2 — estimating params via quartile density …
[AdaptiveV2-IS] Quartile widths: Q1_frac=0.130, Q2_frac=0.064, total_range=8.5981
[AdaptiveV2-IS] Params: beta_q1=0.700, beta_q2=0.600, theta=0.212, imbalance_proxy=0.293
[AdaptiveV2-IS] Step 3 — applying quartile selection …
[AdaptiveV2-IS] Q1 (172086 instances): removing 120460 (beta_q1=0.700, uniform)
[AdaptiveV2-IS] Q2 (172085 instances): removing 103251 (beta_q2=0.600, uniform)
[AdaptiveV2-IS] Q4 (172085 instances): removing 36515 (theta=0.212, weighted)
[AdaptiveV2-IS] Done — removed 260226 / 688341 (reduction = 37.80%)
[312.83973813056946, 310.05665349960327, 305.01364517211914, 299.1558771133423]
Fold 4
[AdaptiveV2-IS] Step 1 — scoring via 'perplexity' …
[PerplexityIS] Fitting LDA with 10 topics on 688343 instances …
[PerplexityIS] Perplexity stats — min: 1.3814, median: 3.0521, max: 10.0000
[PerplexityIS] Redundancy threshold (p0.0): 1.3814 → 0 candidates
[PerplexityIS] Noise threshold (p100.0): 10.0000 → 0 candidates
[PerplexityIS] Removed 0 redundant + 0 noisy = 0 total instances
[PerplexityIS] Kept 688343 / 688343 (reduction = 0.00%)
[AdaptiveV2-IS] Score stats — min: 1.3814, p25: 2.4709, median: 3.0521, p75: 3.8904, max: 10.0000
[AdaptiveV2-IS] Step 2 — estimating params via quartile density …
[AdaptiveV2-IS] Quartile widths: Q1_frac=0.126, Q2_frac=0.067, total_range=8.6186
[AdaptiveV2-IS] Params: beta_q1=0.700, beta_q2=0.600, theta=0.212, imbalance_proxy=0.292
[AdaptiveV2-IS] Step 3 — applying quartile selection …
[AdaptiveV2-IS] Q1 (172086 instances): removing 120460 (beta_q1=0.700, uniform)
[AdaptiveV2-IS] Q2 (172086 instances): removing 103251 (beta_q2=0.600, uniform)
[AdaptiveV2-IS] Q4 (172086 instances): removing 36552 (theta=0.212, weighted)
[AdaptiveV2-IS] Done — removed 260263 / 688343 (reduction = 37.81%)
[312.83973813056946, 310.05665349960327, 305.01364517211914, 299.1558771133423, 295.58030819892883]
END
  Method: no-is
Namespace(dataset='medline', method='no-is', folds=5, save=True, inputrep='tfidf', out='/app/unsupervised-is/resources/outsel', datain='/app/unsupervised-is/resources/datasets', overwrite=1, inputdir='/app/unsupervised-is/resources/datasets/medline/tfidf/', splitdir='/app/unsupervised-is/resources/datasets/medline/splits/', outputdir='/app/unsupervised-is/resources/outsel/selection/medline/', filename='/app/unsupervised-is/resources/outsel/selection/medline//saida_no-is', start_time='14-06-2026 20:19:58')
/app/unsupervised-is/resources/datasets/medline/splits//split_5.pkl
Fold 0
[0.3811652660369873]
Fold 1
[0.3811652660369873, 0.4186365604400635]
Fold 2
[0.3811652660369873, 0.4186365604400635, 0.39406919479370117]
Fold 3
[0.3811652660369873, 0.4186365604400635, 0.39406919479370117, 0.36644530296325684]
Fold 4
[0.3811652660369873, 0.4186365604400635, 0.39406919479370117, 0.36644530296325684, 0.3609020709991455]
END
  Method: biois
Namespace(dataset='medline', method='biois', folds=5, save=True, inputrep='tfidf', out='/app/unsupervised-is/resources/outsel', datain='/app/unsupervised-is/resources/datasets', overwrite=1, inputdir='/app/unsupervised-is/resources/datasets/medline/tfidf/', splitdir='/app/unsupervised-is/resources/datasets/medline/splits/', outputdir='/app/unsupervised-is/resources/outsel/selection/medline/', filename='/app/unsupervised-is/resources/outsel/selection/medline//saida_biois', start_time='14-06-2026 20:23:25')
/app/unsupervised-is/resources/datasets/medline/splits//split_5.pkl
Fold 0
fitting_alpha_by_lr_default
LogisticRegression()
/app/unsupervised-is/venv/lib/python3.12/site-packages/sklearn/linear_model/_logistic.py:406: ConvergenceWarning: lbfgs failed to converge after 100 iteration(s) (status=1):
STOP: TOTAL NO. OF ITERATIONS REACHED LIMIT

Increase the number of iterations to improve the convergence (max_iter=100).
You might also want to scale the data as shown in:
    https://scikit-learn.org/stable/modules/preprocessing.html
Please also refer to the documentation for alternative solver options:
    https://scikit-learn.org/stable/modules/linear_model.html#logistic-regression
  n_iter_i = _check_optimize_result(
LogisticRegression()
/app/unsupervised-is/venv/lib/python3.12/site-packages/sklearn/linear_model/_logistic.py:406: ConvergenceWarning: lbfgs failed to converge after 100 iteration(s) (status=1):
STOP: TOTAL NO. OF ITERATIONS REACHED LIMIT

Increase the number of iterations to improve the convergence (max_iter=100).
You might also want to scale the data as shown in:
    https://scikit-learn.org/stable/modules/preprocessing.html
Please also refer to the documentation for alternative solver options:
    https://scikit-learn.org/stable/modules/linear_model.html#logistic-regression
  n_iter_i = _check_optimize_result(
LogisticRegression()
/app/unsupervised-is/venv/lib/python3.12/site-packages/sklearn/linear_model/_logistic.py:406: ConvergenceWarning: lbfgs failed to converge after 100 iteration(s) (status=1):
STOP: TOTAL NO. OF ITERATIONS REACHED LIMIT

Increase the number of iterations to improve the convergence (max_iter=100).
You might also want to scale the data as shown in:
    https://scikit-learn.org/stable/modules/preprocessing.html
Please also refer to the documentation for alternative solver options:
    https://scikit-learn.org/stable/modules/linear_model.html#logistic-regression
  n_iter_i = _check_optimize_result(
LogisticRegression()
/app/unsupervised-is/venv/lib/python3.12/site-packages/sklearn/linear_model/_logistic.py:406: ConvergenceWarning: lbfgs failed to converge after 100 iteration(s) (status=1):
STOP: TOTAL NO. OF ITERATIONS REACHED LIMIT

Increase the number of iterations to improve the convergence (max_iter=100).
You might also want to scale the data as shown in:
    https://scikit-learn.org/stable/modules/preprocessing.html
Please also refer to the documentation for alternative solver options:
    https://scikit-learn.org/stable/modules/linear_model.html#logistic-regression
  n_iter_i = _check_optimize_result(
LogisticRegression()
/app/unsupervised-is/venv/lib/python3.12/site-packages/sklearn/linear_model/_logistic.py:406: ConvergenceWarning: lbfgs failed to converge after 100 iteration(s) (status=1):
STOP: TOTAL NO. OF ITERATIONS REACHED LIMIT

Increase the number of iterations to improve the convergence (max_iter=100).
You might also want to scale the data as shown in:
    https://scikit-learn.org/stable/modules/preprocessing.html
Please also refer to the documentation for alternative solver options:
    https://scikit-learn.org/stable/modules/linear_model.html#logistic-regression
  n_iter_i = _check_optimize_result(
Micro: 0.8598041366365603
Macro: 0.7652658959848883
identifyNoiseByLowerNNEntropy
[507.0375723838806]
Fold 1
fitting_alpha_by_lr_default
LogisticRegression()
/app/unsupervised-is/venv/lib/python3.12/site-packages/sklearn/linear_model/_logistic.py:406: ConvergenceWarning: lbfgs failed to converge after 100 iteration(s) (status=1):
STOP: TOTAL NO. OF ITERATIONS REACHED LIMIT

Increase the number of iterations to improve the convergence (max_iter=100).
You might also want to scale the data as shown in:
    https://scikit-learn.org/stable/modules/preprocessing.html
Please also refer to the documentation for alternative solver options:
    https://scikit-learn.org/stable/modules/linear_model.html#logistic-regression
  n_iter_i = _check_optimize_result(
LogisticRegression()
/app/unsupervised-is/venv/lib/python3.12/site-packages/sklearn/linear_model/_logistic.py:406: ConvergenceWarning: lbfgs failed to converge after 100 iteration(s) (status=1):
STOP: TOTAL NO. OF ITERATIONS REACHED LIMIT

Increase the number of iterations to improve the convergence (max_iter=100).
You might also want to scale the data as shown in:
    https://scikit-learn.org/stable/modules/preprocessing.html
Please also refer to the documentation for alternative solver options:
    https://scikit-learn.org/stable/modules/linear_model.html#logistic-regression
  n_iter_i = _check_optimize_result(
LogisticRegression()
/app/unsupervised-is/venv/lib/python3.12/site-packages/sklearn/linear_model/_logistic.py:406: ConvergenceWarning: lbfgs failed to converge after 100 iteration(s) (status=1):
STOP: TOTAL NO. OF ITERATIONS REACHED LIMIT

Increase the number of iterations to improve the convergence (max_iter=100).
You might also want to scale the data as shown in:
    https://scikit-learn.org/stable/modules/preprocessing.html
Please also refer to the documentation for alternative solver options:
    https://scikit-learn.org/stable/modules/linear_model.html#logistic-regression
  n_iter_i = _check_optimize_result(
LogisticRegression()
/app/unsupervised-is/venv/lib/python3.12/site-packages/sklearn/linear_model/_logistic.py:406: ConvergenceWarning: lbfgs failed to converge after 100 iteration(s) (status=1):
STOP: TOTAL NO. OF ITERATIONS REACHED LIMIT

Increase the number of iterations to improve the convergence (max_iter=100).
You might also want to scale the data as shown in:
    https://scikit-learn.org/stable/modules/preprocessing.html
Please also refer to the documentation for alternative solver options:
    https://scikit-learn.org/stable/modules/linear_model.html#logistic-regression
  n_iter_i = _check_optimize_result(
LogisticRegression()
/app/unsupervised-is/venv/lib/python3.12/site-packages/sklearn/linear_model/_logistic.py:406: ConvergenceWarning: lbfgs failed to converge after 100 iteration(s) (status=1):
STOP: TOTAL NO. OF ITERATIONS REACHED LIMIT

Increase the number of iterations to improve the convergence (max_iter=100).
You might also want to scale the data as shown in:
    https://scikit-learn.org/stable/modules/preprocessing.html
Please also refer to the documentation for alternative solver options:
    https://scikit-learn.org/stable/modules/linear_model.html#logistic-regression
  n_iter_i = _check_optimize_result(
Micro: 0.8606307666157711
Macro: 0.7670827332972594
identifyNoiseByLowerNNEntropy
[507.0375723838806, 510.52333188056946]
Fold 2
fitting_alpha_by_lr_default
LogisticRegression()
/app/unsupervised-is/venv/lib/python3.12/site-packages/sklearn/linear_model/_logistic.py:406: ConvergenceWarning: lbfgs failed to converge after 100 iteration(s) (status=1):
STOP: TOTAL NO. OF ITERATIONS REACHED LIMIT

Increase the number of iterations to improve the convergence (max_iter=100).
You might also want to scale the data as shown in:
    https://scikit-learn.org/stable/modules/preprocessing.html
Please also refer to the documentation for alternative solver options:
    https://scikit-learn.org/stable/modules/linear_model.html#logistic-regression
  n_iter_i = _check_optimize_result(
LogisticRegression()
/app/unsupervised-is/venv/lib/python3.12/site-packages/sklearn/linear_model/_logistic.py:406: ConvergenceWarning: lbfgs failed to converge after 100 iteration(s) (status=1):
STOP: TOTAL NO. OF ITERATIONS REACHED LIMIT

Increase the number of iterations to improve the convergence (max_iter=100).
You might also want to scale the data as shown in:
    https://scikit-learn.org/stable/modules/preprocessing.html
Please also refer to the documentation for alternative solver options:
    https://scikit-learn.org/stable/modules/linear_model.html#logistic-regression
  n_iter_i = _check_optimize_result(
LogisticRegression()
/app/unsupervised-is/venv/lib/python3.12/site-packages/sklearn/linear_model/_logistic.py:406: ConvergenceWarning: lbfgs failed to converge after 100 iteration(s) (status=1):
STOP: TOTAL NO. OF ITERATIONS REACHED LIMIT

Increase the number of iterations to improve the convergence (max_iter=100).
You might also want to scale the data as shown in:
    https://scikit-learn.org/stable/modules/preprocessing.html
Please also refer to the documentation for alternative solver options:
    https://scikit-learn.org/stable/modules/linear_model.html#logistic-regression
  n_iter_i = _check_optimize_result(
LogisticRegression()
/app/unsupervised-is/venv/lib/python3.12/site-packages/sklearn/linear_model/_logistic.py:406: ConvergenceWarning: lbfgs failed to converge after 100 iteration(s) (status=1):
STOP: TOTAL NO. OF ITERATIONS REACHED LIMIT

Increase the number of iterations to improve the convergence (max_iter=100).
You might also want to scale the data as shown in:
    https://scikit-learn.org/stable/modules/preprocessing.html
Please also refer to the documentation for alternative solver options:
    https://scikit-learn.org/stable/modules/linear_model.html#logistic-regression
  n_iter_i = _check_optimize_result(
LogisticRegression()
/app/unsupervised-is/venv/lib/python3.12/site-packages/sklearn/linear_model/_logistic.py:406: ConvergenceWarning: lbfgs failed to converge after 100 iteration(s) (status=1):
STOP: TOTAL NO. OF ITERATIONS REACHED LIMIT

Increase the number of iterations to improve the convergence (max_iter=100).
You might also want to scale the data as shown in:
    https://scikit-learn.org/stable/modules/preprocessing.html
Please also refer to the documentation for alternative solver options:
    https://scikit-learn.org/stable/modules/linear_model.html#logistic-regression
  n_iter_i = _check_optimize_result(
Micro: 0.8601980422408758
Macro: 0.7648955084542225
identifyNoiseByLowerNNEntropy
[507.0375723838806, 510.52333188056946, 529.9906072616577]
Fold 3
fitting_alpha_by_lr_default
LogisticRegression()
/app/unsupervised-is/venv/lib/python3.12/site-packages/sklearn/linear_model/_logistic.py:406: ConvergenceWarning: lbfgs failed to converge after 100 iteration(s) (status=1):
STOP: TOTAL NO. OF ITERATIONS REACHED LIMIT

Increase the number of iterations to improve the convergence (max_iter=100).
You might also want to scale the data as shown in:
    https://scikit-learn.org/stable/modules/preprocessing.html
Please also refer to the documentation for alternative solver options:
    https://scikit-learn.org/stable/modules/linear_model.html#logistic-regression
  n_iter_i = _check_optimize_result(
LogisticRegression()
/app/unsupervised-is/venv/lib/python3.12/site-packages/sklearn/linear_model/_logistic.py:406: ConvergenceWarning: lbfgs failed to converge after 100 iteration(s) (status=1):
STOP: TOTAL NO. OF ITERATIONS REACHED LIMIT

Increase the number of iterations to improve the convergence (max_iter=100).
You might also want to scale the data as shown in:
    https://scikit-learn.org/stable/modules/preprocessing.html
Please also refer to the documentation for alternative solver options:
    https://scikit-learn.org/stable/modules/linear_model.html#logistic-regression
  n_iter_i = _check_optimize_result(
LogisticRegression()
/app/unsupervised-is/venv/lib/python3.12/site-packages/sklearn/linear_model/_logistic.py:406: ConvergenceWarning: lbfgs failed to converge after 100 iteration(s) (status=1):
STOP: TOTAL NO. OF ITERATIONS REACHED LIMIT

Increase the number of iterations to improve the convergence (max_iter=100).
You might also want to scale the data as shown in:
    https://scikit-learn.org/stable/modules/preprocessing.html
Please also refer to the documentation for alternative solver options:
    https://scikit-learn.org/stable/modules/linear_model.html#logistic-regression
  n_iter_i = _check_optimize_result(
LogisticRegression()
/app/unsupervised-is/venv/lib/python3.12/site-packages/sklearn/linear_model/_logistic.py:406: ConvergenceWarning: lbfgs failed to converge after 100 iteration(s) (status=1):
STOP: TOTAL NO. OF ITERATIONS REACHED LIMIT

Increase the number of iterations to improve the convergence (max_iter=100).
You might also want to scale the data as shown in:
    https://scikit-learn.org/stable/modules/preprocessing.html
Please also refer to the documentation for alternative solver options:
    https://scikit-learn.org/stable/modules/linear_model.html#logistic-regression
  n_iter_i = _check_optimize_result(
LogisticRegression()
/app/unsupervised-is/venv/lib/python3.12/site-packages/sklearn/linear_model/_logistic.py:406: ConvergenceWarning: lbfgs failed to converge after 100 iteration(s) (status=1):
STOP: TOTAL NO. OF ITERATIONS REACHED LIMIT

Increase the number of iterations to improve the convergence (max_iter=100).
You might also want to scale the data as shown in:
    https://scikit-learn.org/stable/modules/preprocessing.html
Please also refer to the documentation for alternative solver options:
    https://scikit-learn.org/stable/modules/linear_model.html#logistic-regression
  n_iter_i = _check_optimize_result(
Micro: 0.8596233552846627
Macro: 0.7660056847983708
identifyNoiseByLowerNNEntropy
[507.0375723838806, 510.52333188056946, 529.9906072616577, 586.152592420578]
Fold 4
fitting_alpha_by_lr_default
LogisticRegression()
/app/unsupervised-is/venv/lib/python3.12/site-packages/sklearn/linear_model/_logistic.py:406: ConvergenceWarning: lbfgs failed to converge after 100 iteration(s) (status=1):
STOP: TOTAL NO. OF ITERATIONS REACHED LIMIT

Increase the number of iterations to improve the convergence (max_iter=100).
You might also want to scale the data as shown in:
    https://scikit-learn.org/stable/modules/preprocessing.html
Please also refer to the documentation for alternative solver options:
    https://scikit-learn.org/stable/modules/linear_model.html#logistic-regression
  n_iter_i = _check_optimize_result(
LogisticRegression()
/app/unsupervised-is/venv/lib/python3.12/site-packages/sklearn/linear_model/_logistic.py:406: ConvergenceWarning: lbfgs failed to converge after 100 iteration(s) (status=1):
STOP: TOTAL NO. OF ITERATIONS REACHED LIMIT

Increase the number of iterations to improve the convergence (max_iter=100).
You might also want to scale the data as shown in:
    https://scikit-learn.org/stable/modules/preprocessing.html
Please also refer to the documentation for alternative solver options:
    https://scikit-learn.org/stable/modules/linear_model.html#logistic-regression
  n_iter_i = _check_optimize_result(
LogisticRegression()
/app/unsupervised-is/venv/lib/python3.12/site-packages/sklearn/linear_model/_logistic.py:406: ConvergenceWarning: lbfgs failed to converge after 100 iteration(s) (status=1):
STOP: TOTAL NO. OF ITERATIONS REACHED LIMIT

Increase the number of iterations to improve the convergence (max_iter=100).
You might also want to scale the data as shown in:
    https://scikit-learn.org/stable/modules/preprocessing.html
Please also refer to the documentation for alternative solver options:
    https://scikit-learn.org/stable/modules/linear_model.html#logistic-regression
  n_iter_i = _check_optimize_result(
LogisticRegression()
/app/unsupervised-is/venv/lib/python3.12/site-packages/sklearn/linear_model/_logistic.py:406: ConvergenceWarning: lbfgs failed to converge after 100 iteration(s) (status=1):
STOP: TOTAL NO. OF ITERATIONS REACHED LIMIT

Increase the number of iterations to improve the convergence (max_iter=100).
You might also want to scale the data as shown in:
    https://scikit-learn.org/stable/modules/preprocessing.html
Please also refer to the documentation for alternative solver options:
    https://scikit-learn.org/stable/modules/linear_model.html#logistic-regression
  n_iter_i = _check_optimize_result(
LogisticRegression()
/app/unsupervised-is/venv/lib/python3.12/site-packages/sklearn/linear_model/_logistic.py:406: ConvergenceWarning: lbfgs failed to converge after 100 iteration(s) (status=1):
STOP: TOTAL NO. OF ITERATIONS REACHED LIMIT

Increase the number of iterations to improve the convergence (max_iter=100).
You might also want to scale the data as shown in:
    https://scikit-learn.org/stable/modules/preprocessing.html
Please also refer to the documentation for alternative solver options:
    https://scikit-learn.org/stable/modules/linear_model.html#logistic-regression
  n_iter_i = _check_optimize_result(
Micro: 0.8608208407726962
Macro: 0.7668068263753459
identifyNoiseByLowerNNEntropy
[507.0375723838806, 510.52333188056946, 529.9906072616577, 586.152592420578, 524.188099861145]
END
  Method: perplexity-is
Namespace(dataset='medline', method='perplexity-is', folds=5, save=True, inputrep='tfidf', out='/app/unsupervised-is/resources/outsel', datain='/app/unsupervised-is/resources/datasets', overwrite=1, inputdir='/app/unsupervised-is/resources/datasets/medline/tfidf/', splitdir='/app/unsupervised-is/resources/datasets/medline/splits/', outputdir='/app/unsupervised-is/resources/outsel/selection/medline/', filename='/app/unsupervised-is/resources/outsel/selection/medline//saida_perplexity-is', start_time='14-06-2026 21:11:18')
/app/unsupervised-is/resources/datasets/medline/splits//split_5.pkl
Fold 0
[PerplexityIS] Fitting LDA with 10 topics on 688337 instances …
[PerplexityIS] Perplexity stats — min: 1.4192, median: 3.0504, max: 10.0000
[PerplexityIS] Redundancy threshold (p40): 2.8763 → 275335 candidates
[PerplexityIS] Redundant instances: 275335, removing 165201 with beta=0.6
[PerplexityIS] Noise threshold (p70): 3.6198 → 206501 candidates
[PerplexityIS] Noise instances: 206501, removing 41300 with theta=0.2
[PerplexityIS] Removed 165201 redundant + 41300 noisy = 206501 total instances
[PerplexityIS] Kept 481836 / 688337 (reduction = 30.00%)
[340.8783824443817]
Fold 1
[PerplexityIS] Fitting LDA with 10 topics on 688337 instances …
[PerplexityIS] Perplexity stats — min: 1.4363, median: 3.0582, max: 10.0000
[PerplexityIS] Redundancy threshold (p40): 2.8882 → 275335 candidates
[PerplexityIS] Redundant instances: 275335, removing 165201 with beta=0.6
[PerplexityIS] Noise threshold (p70): 3.6047 → 206501 candidates
[PerplexityIS] Noise instances: 206501, removing 41300 with theta=0.2
[PerplexityIS] Removed 165201 redundant + 41300 noisy = 206501 total instances
[PerplexityIS] Kept 481836 / 688337 (reduction = 30.00%)
[340.8783824443817, 339.0440595149994]
Fold 2
[PerplexityIS] Fitting LDA with 10 topics on 688338 instances …
[PerplexityIS] Perplexity stats — min: 1.4393, median: 3.0903, max: 10.0000
[PerplexityIS] Redundancy threshold (p40): 2.9135 → 275335 candidates
[PerplexityIS] Redundant instances: 275335, removing 165201 with beta=0.6
[PerplexityIS] Noise threshold (p70): 3.6911 → 206501 candidates
[PerplexityIS] Noise instances: 206501, removing 41300 with theta=0.2
[PerplexityIS] Removed 165201 redundant + 41300 noisy = 206501 total instances
[PerplexityIS] Kept 481837 / 688338 (reduction = 30.00%)
[340.8783824443817, 339.0440595149994, 331.39255475997925]
Fold 3
[PerplexityIS] Fitting LDA with 10 topics on 688341 instances …
[PerplexityIS] Perplexity stats — min: 1.4019, median: 3.0666, max: 10.0000
[PerplexityIS] Redundancy threshold (p40): 2.8808 → 275336 candidates
[PerplexityIS] Redundant instances: 275336, removing 165201 with beta=0.6
[PerplexityIS] Noise threshold (p70): 3.6953 → 206502 candidates
[PerplexityIS] Noise instances: 206502, removing 41300 with theta=0.2
[PerplexityIS] Removed 165201 redundant + 41300 noisy = 206501 total instances
[PerplexityIS] Kept 481840 / 688341 (reduction = 30.00%)
[340.8783824443817, 339.0440595149994, 331.39255475997925, 333.20790576934814]
Fold 4
[PerplexityIS] Fitting LDA with 10 topics on 688343 instances …
[PerplexityIS] Perplexity stats — min: 1.3814, median: 3.0521, max: 10.0000
[PerplexityIS] Redundancy threshold (p40): 2.8636 → 275337 candidates
[PerplexityIS] Redundant instances: 275337, removing 165202 with beta=0.6
[PerplexityIS] Noise threshold (p70): 3.6641 → 206503 candidates
[PerplexityIS] Noise instances: 206503, removing 41300 with theta=0.2
[PerplexityIS] Removed 165202 redundant + 41300 noisy = 206502 total instances
[PerplexityIS] Kept 481841 / 688343 (reduction = 30.00%)
[340.8783824443817, 339.0440595149994, 331.39255475997925, 333.20790576934814, 328.54547476768494]
END
Dataset: yelp_2013
  Method: adaptive-perplexity
Namespace(dataset='yelp_2013', method='adaptive-perplexity', folds=5, save=True, inputrep='tfidf', out='/app/unsupervised-is/resources/outsel', datain='/app/unsupervised-is/resources/datasets', overwrite=1, inputdir='/app/unsupervised-is/resources/datasets/yelp_2013/tfidf/', splitdir='/app/unsupervised-is/resources/datasets/yelp_2013/splits/', outputdir='/app/unsupervised-is/resources/outsel/selection/yelp_2013/', filename='/app/unsupervised-is/resources/outsel/selection/yelp_2013//saida_adaptive-perplexity', start_time='14-06-2026 21:42:54')
Criando saida /app/unsupervised-is/resources/outsel/selection/yelp_2013/
/app/unsupervised-is/resources/datasets/yelp_2013/splits//split_5.pkl
Fold 0
[Adaptive-IS] Step 1 — computing scores via 'perplexity' …
[PerplexityIS] Fitting LDA with 10 topics on 268014 instances …
[PerplexityIS] Perplexity stats — min: 1.3211, median: 2.2977, max: 10.0000
[PerplexityIS] Redundancy threshold (p0.0): 1.3211 → 0 candidates
[PerplexityIS] Noise threshold (p100.0): 10.0000 → 0 candidates
[PerplexityIS] Removed 0 redundant + 0 noisy = 0 total instances
[PerplexityIS] Kept 268014 / 268014 (reduction = 0.00%)
[Adaptive-IS] Score stats — min: 1.3211, median: 2.2977, max: 10.0000
[Adaptive-IS] Step 2 — estimating thresholds via 'gmm_boundary' …
[Adaptive-IS] Estimated params — low_percentile=50.6, high_percentile=92.3, beta=0.600, theta=0.157, imbalance_proxy=0.227
[Adaptive-IS] GMM component means: [1.8595549693328814, 2.762196009735968, 3.4342602326664933]
[Adaptive-IS] Step 3 — applying selection …
[Adaptive-IS] Redundant candidates: 135634, removing 81380 (beta=0.600)
[Adaptive-IS] Noise candidates: 20584, removing 3224 (theta=0.157)
[Adaptive-IS] Removed 84604 instances — kept 183410 / 268014 (reduction = 31.57%)
[183.5894742012024]
Fold 1
[Adaptive-IS] Step 1 — computing scores via 'perplexity' …
[PerplexityIS] Fitting LDA with 10 topics on 268014 instances …
[PerplexityIS] Perplexity stats — min: 1.3297, median: 2.2787, max: 10.0000
[PerplexityIS] Redundancy threshold (p0.0): 1.3297 → 0 candidates
[PerplexityIS] Noise threshold (p100.0): 10.0000 → 0 candidates
[PerplexityIS] Removed 0 redundant + 0 noisy = 0 total instances
[PerplexityIS] Kept 268014 / 268014 (reduction = 0.00%)
[Adaptive-IS] Score stats — min: 1.3297, median: 2.2787, max: 10.0000
[Adaptive-IS] Step 2 — estimating thresholds via 'gmm_boundary' …
[Adaptive-IS] Estimated params — low_percentile=50.0, high_percentile=92.1, beta=0.600, theta=0.173, imbalance_proxy=0.232
[Adaptive-IS] GMM component means: [1.849071618418803, 2.777081095077879, 3.479927227458497]
[Adaptive-IS] Step 3 — applying selection …
[Adaptive-IS] Redundant candidates: 134136, removing 80481 (beta=0.600)
[Adaptive-IS] Noise candidates: 21162, removing 3663 (theta=0.173)
[Adaptive-IS] Removed 84144 instances — kept 183870 / 268014 (reduction = 31.40%)
[183.5894742012024, 181.37828302383423]
Fold 2
[Adaptive-IS] Step 1 — computing scores via 'perplexity' …
[PerplexityIS] Fitting LDA with 10 topics on 268014 instances …
[PerplexityIS] Perplexity stats — min: 1.3214, median: 2.2669, max: 10.0000
[PerplexityIS] Redundancy threshold (p0.0): 1.3214 → 0 candidates
[PerplexityIS] Noise threshold (p100.0): 10.0000 → 0 candidates
[PerplexityIS] Removed 0 redundant + 0 noisy = 0 total instances
[PerplexityIS] Kept 268014 / 268014 (reduction = 0.00%)
[Adaptive-IS] Score stats — min: 1.3214, median: 2.2669, max: 10.0000
[Adaptive-IS] Step 2 — estimating thresholds via 'gmm_boundary' …
[Adaptive-IS] Estimated params — low_percentile=52.2, high_percentile=92.7, beta=0.600, theta=0.151, imbalance_proxy=0.226
[Adaptive-IS] GMM component means: [1.864416490215562, 2.7741894087311234, 3.430920777407394]
[Adaptive-IS] Step 3 — applying selection …
[Adaptive-IS] Redundant candidates: 139949, removing 83969 (beta=0.600)
[Adaptive-IS] Noise candidates: 19478, removing 2942 (theta=0.151)
[Adaptive-IS] Removed 86911 instances — kept 181103 / 268014 (reduction = 32.43%)
[183.5894742012024, 181.37828302383423, 175.69737887382507]
Fold 3
[Adaptive-IS] Step 1 — computing scores via 'perplexity' …
[PerplexityIS] Fitting LDA with 10 topics on 268015 instances …
[PerplexityIS] Perplexity stats — min: 1.3230, median: 2.2399, max: 10.0000
[PerplexityIS] Redundancy threshold (p0.0): 1.3230 → 0 candidates
[PerplexityIS] Noise threshold (p100.0): 10.0000 → 0 candidates
[PerplexityIS] Removed 0 redundant + 0 noisy = 0 total instances
[PerplexityIS] Kept 268015 / 268015 (reduction = 0.00%)
[Adaptive-IS] Score stats — min: 1.3230, median: 2.2399, max: 10.0000
[Adaptive-IS] Step 2 — estimating thresholds via 'gmm_boundary' …
[Adaptive-IS] Estimated params — low_percentile=52.1, high_percentile=93.2, beta=0.600, theta=0.148, imbalance_proxy=0.224
[Adaptive-IS] GMM component means: [1.8543552420910596, 2.7535853955236496, 3.395018491107764]
[Adaptive-IS] Step 3 — applying selection …
[Adaptive-IS] Redundant candidates: 139645, removing 83787 (beta=0.600)
[Adaptive-IS] Noise candidates: 18294, removing 2714 (theta=0.148)
[Adaptive-IS] Removed 86501 instances — kept 181514 / 268015 (reduction = 32.27%)
[183.5894742012024, 181.37828302383423, 175.69737887382507, 175.56901907920837]
Fold 4
[Adaptive-IS] Step 1 — computing scores via 'perplexity' …
[PerplexityIS] Fitting LDA with 10 topics on 268015 instances …
[PerplexityIS] Perplexity stats — min: 1.3190, median: 2.2730, max: 10.0000
[PerplexityIS] Redundancy threshold (p0.0): 1.3190 → 0 candidates
[PerplexityIS] Noise threshold (p100.0): 10.0000 → 0 candidates
[PerplexityIS] Removed 0 redundant + 0 noisy = 0 total instances
[PerplexityIS] Kept 268015 / 268015 (reduction = 0.00%)
[Adaptive-IS] Score stats — min: 1.3190, median: 2.2730, max: 10.0000
[Adaptive-IS] Step 2 — estimating thresholds via 'gmm_boundary' …
[Adaptive-IS] Estimated params — low_percentile=50.0, high_percentile=92.0, beta=0.600, theta=0.168, imbalance_proxy=0.235
[Adaptive-IS] GMM component means: [1.8336761622691464, 2.7720131444969724, 3.496190596857591]
[Adaptive-IS] Step 3 — applying selection …
[Adaptive-IS] Redundant candidates: 134060, removing 80436 (beta=0.600)
[Adaptive-IS] Noise candidates: 21405, removing 3603 (theta=0.168)
[Adaptive-IS] Removed 84039 instances — kept 183976 / 268015 (reduction = 31.36%)
[183.5894742012024, 181.37828302383423, 175.69737887382507, 175.56901907920837, 178.33243370056152]
END
  Method: adaptive-v2-perplexity
Namespace(dataset='yelp_2013', method='adaptive-v2-perplexity', folds=5, save=True, inputrep='tfidf', out='/app/unsupervised-is/resources/outsel', datain='/app/unsupervised-is/resources/datasets', overwrite=1, inputdir='/app/unsupervised-is/resources/datasets/yelp_2013/tfidf/', splitdir='/app/unsupervised-is/resources/datasets/yelp_2013/splits/', outputdir='/app/unsupervised-is/resources/outsel/selection/yelp_2013/', filename='/app/unsupervised-is/resources/outsel/selection/yelp_2013//saida_adaptive-v2-perplexity', start_time='14-06-2026 22:00:14')
/app/unsupervised-is/resources/datasets/yelp_2013/splits//split_5.pkl
Fold 0
[AdaptiveV2-IS] Step 1 — scoring via 'perplexity' …
[PerplexityIS] Fitting LDA with 10 topics on 268014 instances …
[PerplexityIS] Perplexity stats — min: 1.3211, median: 2.2977, max: 10.0000
[PerplexityIS] Redundancy threshold (p0.0): 1.3211 → 0 candidates
[PerplexityIS] Noise threshold (p100.0): 10.0000 → 0 candidates
[PerplexityIS] Removed 0 redundant + 0 noisy = 0 total instances
[PerplexityIS] Kept 268014 / 268014 (reduction = 0.00%)
[AdaptiveV2-IS] Score stats — min: 1.3211, p25: 1.8518, median: 2.2977, p75: 2.8835, max: 10.0000
[AdaptiveV2-IS] Step 2 — estimating params via quartile density …
[AdaptiveV2-IS] Quartile widths: Q1_frac=0.061, Q2_frac=0.051, total_range=8.6789
[AdaptiveV2-IS] Params: beta_q1=0.700, beta_q2=0.600, theta=0.232, imbalance_proxy=0.227
[AdaptiveV2-IS] Step 3 — applying quartile selection …
[AdaptiveV2-IS] Q1 (67004 instances): removing 46902 (beta_q1=0.700, uniform)
[AdaptiveV2-IS] Q2 (67003 instances): removing 40201 (beta_q2=0.600, uniform)
[AdaptiveV2-IS] Q4 (67004 instances): removing 15548 (theta=0.232, weighted)
[AdaptiveV2-IS] Done — removed 102651 / 268014 (reduction = 38.30%)
[181.1936764717102]
Fold 1
[AdaptiveV2-IS] Step 1 — scoring via 'perplexity' …
[PerplexityIS] Fitting LDA with 10 topics on 268014 instances …
[PerplexityIS] Perplexity stats — min: 1.3297, median: 2.2787, max: 10.0000
[PerplexityIS] Redundancy threshold (p0.0): 1.3297 → 0 candidates
[PerplexityIS] Noise threshold (p100.0): 10.0000 → 0 candidates
[PerplexityIS] Removed 0 redundant + 0 noisy = 0 total instances
[PerplexityIS] Kept 268014 / 268014 (reduction = 0.00%)
[AdaptiveV2-IS] Score stats — min: 1.3297, p25: 1.8395, median: 2.2787, p75: 2.9327, max: 10.0000
[AdaptiveV2-IS] Step 2 — estimating params via quartile density …
[AdaptiveV2-IS] Quartile widths: Q1_frac=0.059, Q2_frac=0.051, total_range=8.6703
[AdaptiveV2-IS] Params: beta_q1=0.700, beta_q2=0.600, theta=0.231, imbalance_proxy=0.232
[AdaptiveV2-IS] Step 3 — applying quartile selection …
[AdaptiveV2-IS] Q1 (67004 instances): removing 46902 (beta_q1=0.700, uniform)
[AdaptiveV2-IS] Q2 (67003 instances): removing 40201 (beta_q2=0.600, uniform)
[AdaptiveV2-IS] Q4 (67004 instances): removing 15447 (theta=0.231, weighted)
[AdaptiveV2-IS] Done — removed 102550 / 268014 (reduction = 38.26%)
[181.1936764717102, 180.60134196281433]
Fold 2
[AdaptiveV2-IS] Step 1 — scoring via 'perplexity' …
[PerplexityIS] Fitting LDA with 10 topics on 268014 instances …
[PerplexityIS] Perplexity stats — min: 1.3214, median: 2.2669, max: 10.0000
[PerplexityIS] Redundancy threshold (p0.0): 1.3214 → 0 candidates
[PerplexityIS] Noise threshold (p100.0): 10.0000 → 0 candidates
[PerplexityIS] Removed 0 redundant + 0 noisy = 0 total instances
[PerplexityIS] Kept 268014 / 268014 (reduction = 0.00%)
[AdaptiveV2-IS] Score stats — min: 1.3214, p25: 1.8456, median: 2.2669, p75: 2.8743, max: 10.0000
[AdaptiveV2-IS] Step 2 — estimating params via quartile density …
[AdaptiveV2-IS] Quartile widths: Q1_frac=0.060, Q2_frac=0.049, total_range=8.6786
[AdaptiveV2-IS] Params: beta_q1=0.700, beta_q2=0.600, theta=0.232, imbalance_proxy=0.226
[AdaptiveV2-IS] Step 3 — applying quartile selection …
[AdaptiveV2-IS] Q1 (67004 instances): removing 46902 (beta_q1=0.700, uniform)
[AdaptiveV2-IS] Q2 (67003 instances): removing 40201 (beta_q2=0.600, uniform)
[AdaptiveV2-IS] Q4 (67004 instances): removing 15551 (theta=0.232, weighted)
[AdaptiveV2-IS] Done — removed 102654 / 268014 (reduction = 38.30%)
[181.1936764717102, 180.60134196281433, 182.32454633712769]
Fold 3
[AdaptiveV2-IS] Step 1 — scoring via 'perplexity' …
[PerplexityIS] Fitting LDA with 10 topics on 268015 instances …
[PerplexityIS] Perplexity stats — min: 1.3230, median: 2.2399, max: 10.0000
[PerplexityIS] Redundancy threshold (p0.0): 1.3230 → 0 candidates
[PerplexityIS] Noise threshold (p100.0): 10.0000 → 0 candidates
[PerplexityIS] Removed 0 redundant + 0 noisy = 0 total instances
[PerplexityIS] Kept 268015 / 268015 (reduction = 0.00%)
[AdaptiveV2-IS] Score stats — min: 1.3230, p25: 1.8350, median: 2.2399, p75: 2.8519, max: 10.0000
[AdaptiveV2-IS] Step 2 — estimating params via quartile density …
[AdaptiveV2-IS] Quartile widths: Q1_frac=0.059, Q2_frac=0.047, total_range=8.6770
[AdaptiveV2-IS] Params: beta_q1=0.700, beta_q2=0.600, theta=0.233, imbalance_proxy=0.224
[AdaptiveV2-IS] Step 3 — applying quartile selection …
[AdaptiveV2-IS] Q1 (67004 instances): removing 46902 (beta_q1=0.700, uniform)
[AdaptiveV2-IS] Q2 (67004 instances): removing 40202 (beta_q2=0.600, uniform)
[AdaptiveV2-IS] Q4 (67004 instances): removing 15601 (theta=0.233, weighted)
[AdaptiveV2-IS] Done — removed 102705 / 268015 (reduction = 38.32%)
[181.1936764717102, 180.60134196281433, 182.32454633712769, 177.9619300365448]
Fold 4
[AdaptiveV2-IS] Step 1 — scoring via 'perplexity' …
[PerplexityIS] Fitting LDA with 10 topics on 268015 instances …
[PerplexityIS] Perplexity stats — min: 1.3190, median: 2.2730, max: 10.0000
[PerplexityIS] Redundancy threshold (p0.0): 1.3190 → 0 candidates
[PerplexityIS] Noise threshold (p100.0): 10.0000 → 0 candidates
[PerplexityIS] Removed 0 redundant + 0 noisy = 0 total instances
[PerplexityIS] Kept 268015 / 268015 (reduction = 0.00%)
[AdaptiveV2-IS] Score stats — min: 1.3190, p25: 1.8231, median: 2.2730, p75: 2.9241, max: 10.0000
[AdaptiveV2-IS] Step 2 — estimating params via quartile density …
[AdaptiveV2-IS] Quartile widths: Q1_frac=0.058, Q2_frac=0.052, total_range=8.6810
[AdaptiveV2-IS] Params: beta_q1=0.700, beta_q2=0.600, theta=0.229, imbalance_proxy=0.235
[AdaptiveV2-IS] Step 3 — applying quartile selection …
[AdaptiveV2-IS] Q1 (67004 instances): removing 46902 (beta_q1=0.700, uniform)
[AdaptiveV2-IS] Q2 (67004 instances): removing 40202 (beta_q2=0.600, uniform)
[AdaptiveV2-IS] Q4 (67004 instances): removing 15374 (theta=0.229, weighted)
[AdaptiveV2-IS] Done — removed 102478 / 268015 (reduction = 38.24%)
[181.1936764717102, 180.60134196281433, 182.32454633712769, 177.9619300365448, 174.67287826538086]
END
  Method: no-is
Namespace(dataset='yelp_2013', method='no-is', folds=5, save=True, inputrep='tfidf', out='/app/unsupervised-is/resources/outsel', datain='/app/unsupervised-is/resources/datasets', overwrite=1, inputdir='/app/unsupervised-is/resources/datasets/yelp_2013/tfidf/', splitdir='/app/unsupervised-is/resources/datasets/yelp_2013/splits/', outputdir='/app/unsupervised-is/resources/outsel/selection/yelp_2013/', filename='/app/unsupervised-is/resources/outsel/selection/yelp_2013//saida_no-is', start_time='14-06-2026 22:17:43')
/app/unsupervised-is/resources/datasets/yelp_2013/splits//split_5.pkl
Fold 0
[0.20832395553588867]
Fold 1
[0.20832395553588867, 0.1625995635986328]
Fold 2
[0.20832395553588867, 0.1625995635986328, 0.16187214851379395]
Fold 3
[0.20832395553588867, 0.1625995635986328, 0.16187214851379395, 0.16525697708129883]
Fold 4
[0.20832395553588867, 0.1625995635986328, 0.16187214851379395, 0.16525697708129883, 0.1630082130432129]
END
  Method: biois
Namespace(dataset='yelp_2013', method='biois', folds=5, save=True, inputrep='tfidf', out='/app/unsupervised-is/resources/outsel', datain='/app/unsupervised-is/resources/datasets', overwrite=1, inputdir='/app/unsupervised-is/resources/datasets/yelp_2013/tfidf/', splitdir='/app/unsupervised-is/resources/datasets/yelp_2013/splits/', outputdir='/app/unsupervised-is/resources/outsel/selection/yelp_2013/', filename='/app/unsupervised-is/resources/outsel/selection/yelp_2013//saida_biois', start_time='14-06-2026 22:20:06')
/app/unsupervised-is/resources/datasets/yelp_2013/splits//split_5.pkl
Fold 0
fitting_alpha_by_lr_default
LogisticRegression()
/app/unsupervised-is/venv/lib/python3.12/site-packages/sklearn/linear_model/_logistic.py:406: ConvergenceWarning: lbfgs failed to converge after 100 iteration(s) (status=1):
STOP: TOTAL NO. OF ITERATIONS REACHED LIMIT

Increase the number of iterations to improve the convergence (max_iter=100).
You might also want to scale the data as shown in:
    https://scikit-learn.org/stable/modules/preprocessing.html
Please also refer to the documentation for alternative solver options:
    https://scikit-learn.org/stable/modules/linear_model.html#logistic-regression
  n_iter_i = _check_optimize_result(
LogisticRegression()
/app/unsupervised-is/venv/lib/python3.12/site-packages/sklearn/linear_model/_logistic.py:406: ConvergenceWarning: lbfgs failed to converge after 100 iteration(s) (status=1):
STOP: TOTAL NO. OF ITERATIONS REACHED LIMIT

Increase the number of iterations to improve the convergence (max_iter=100).
You might also want to scale the data as shown in:
    https://scikit-learn.org/stable/modules/preprocessing.html
Please also refer to the documentation for alternative solver options:
    https://scikit-learn.org/stable/modules/linear_model.html#logistic-regression
  n_iter_i = _check_optimize_result(
LogisticRegression()
/app/unsupervised-is/venv/lib/python3.12/site-packages/sklearn/linear_model/_logistic.py:406: ConvergenceWarning: lbfgs failed to converge after 100 iteration(s) (status=1):
STOP: TOTAL NO. OF ITERATIONS REACHED LIMIT

Increase the number of iterations to improve the convergence (max_iter=100).
You might also want to scale the data as shown in:
    https://scikit-learn.org/stable/modules/preprocessing.html
Please also refer to the documentation for alternative solver options:
    https://scikit-learn.org/stable/modules/linear_model.html#logistic-regression
  n_iter_i = _check_optimize_result(
LogisticRegression()
/app/unsupervised-is/venv/lib/python3.12/site-packages/sklearn/linear_model/_logistic.py:406: ConvergenceWarning: lbfgs failed to converge after 100 iteration(s) (status=1):
STOP: TOTAL NO. OF ITERATIONS REACHED LIMIT

Increase the number of iterations to improve the convergence (max_iter=100).
You might also want to scale the data as shown in:
    https://scikit-learn.org/stable/modules/preprocessing.html
Please also refer to the documentation for alternative solver options:
    https://scikit-learn.org/stable/modules/linear_model.html#logistic-regression
  n_iter_i = _check_optimize_result(
LogisticRegression()
/app/unsupervised-is/venv/lib/python3.12/site-packages/sklearn/linear_model/_logistic.py:406: ConvergenceWarning: lbfgs failed to converge after 100 iteration(s) (status=1):
STOP: TOTAL NO. OF ITERATIONS REACHED LIMIT

Increase the number of iterations to improve the convergence (max_iter=100).
You might also want to scale the data as shown in:
    https://scikit-learn.org/stable/modules/preprocessing.html
Please also refer to the documentation for alternative solver options:
    https://scikit-learn.org/stable/modules/linear_model.html#logistic-regression
  n_iter_i = _check_optimize_result(
Micro: 0.6078339191236278
Macro: 0.5707972812324149
identifyNoiseByLowerNNEntropy
[477.94439482688904]
Fold 1
fitting_alpha_by_lr_default
LogisticRegression()
/app/unsupervised-is/venv/lib/python3.12/site-packages/sklearn/linear_model/_logistic.py:406: ConvergenceWarning: lbfgs failed to converge after 100 iteration(s) (status=1):
STOP: TOTAL NO. OF ITERATIONS REACHED LIMIT

Increase the number of iterations to improve the convergence (max_iter=100).
You might also want to scale the data as shown in:
    https://scikit-learn.org/stable/modules/preprocessing.html
Please also refer to the documentation for alternative solver options:
    https://scikit-learn.org/stable/modules/linear_model.html#logistic-regression
  n_iter_i = _check_optimize_result(
LogisticRegression()
/app/unsupervised-is/venv/lib/python3.12/site-packages/sklearn/linear_model/_logistic.py:406: ConvergenceWarning: lbfgs failed to converge after 100 iteration(s) (status=1):
STOP: TOTAL NO. OF ITERATIONS REACHED LIMIT

Increase the number of iterations to improve the convergence (max_iter=100).
You might also want to scale the data as shown in:
    https://scikit-learn.org/stable/modules/preprocessing.html
Please also refer to the documentation for alternative solver options:
    https://scikit-learn.org/stable/modules/linear_model.html#logistic-regression
  n_iter_i = _check_optimize_result(
LogisticRegression()
/app/unsupervised-is/venv/lib/python3.12/site-packages/sklearn/linear_model/_logistic.py:406: ConvergenceWarning: lbfgs failed to converge after 100 iteration(s) (status=1):
STOP: TOTAL NO. OF ITERATIONS REACHED LIMIT

Increase the number of iterations to improve the convergence (max_iter=100).
You might also want to scale the data as shown in:
    https://scikit-learn.org/stable/modules/preprocessing.html
Please also refer to the documentation for alternative solver options:
    https://scikit-learn.org/stable/modules/linear_model.html#logistic-regression
  n_iter_i = _check_optimize_result(
LogisticRegression()
/app/unsupervised-is/venv/lib/python3.12/site-packages/sklearn/linear_model/_logistic.py:406: ConvergenceWarning: lbfgs failed to converge after 100 iteration(s) (status=1):
STOP: TOTAL NO. OF ITERATIONS REACHED LIMIT

Increase the number of iterations to improve the convergence (max_iter=100).
You might also want to scale the data as shown in:
    https://scikit-learn.org/stable/modules/preprocessing.html
Please also refer to the documentation for alternative solver options:
    https://scikit-learn.org/stable/modules/linear_model.html#logistic-regression
  n_iter_i = _check_optimize_result(
LogisticRegression()
/app/unsupervised-is/venv/lib/python3.12/site-packages/sklearn/linear_model/_logistic.py:406: ConvergenceWarning: lbfgs failed to converge after 100 iteration(s) (status=1):
STOP: TOTAL NO. OF ITERATIONS REACHED LIMIT

Increase the number of iterations to improve the convergence (max_iter=100).
You might also want to scale the data as shown in:
    https://scikit-learn.org/stable/modules/preprocessing.html
Please also refer to the documentation for alternative solver options:
    https://scikit-learn.org/stable/modules/linear_model.html#logistic-regression
  n_iter_i = _check_optimize_result(
Micro: 0.6074645354347161
Macro: 0.5699021959092493
identifyNoiseByLowerNNEntropy
[477.94439482688904, 415.6876480579376]
Fold 2
fitting_alpha_by_lr_default
LogisticRegression()
/app/unsupervised-is/venv/lib/python3.12/site-packages/sklearn/linear_model/_logistic.py:406: ConvergenceWarning: lbfgs failed to converge after 100 iteration(s) (status=1):
STOP: TOTAL NO. OF ITERATIONS REACHED LIMIT

Increase the number of iterations to improve the convergence (max_iter=100).
You might also want to scale the data as shown in:
    https://scikit-learn.org/stable/modules/preprocessing.html
Please also refer to the documentation for alternative solver options:
    https://scikit-learn.org/stable/modules/linear_model.html#logistic-regression
  n_iter_i = _check_optimize_result(
LogisticRegression()
/app/unsupervised-is/venv/lib/python3.12/site-packages/sklearn/linear_model/_logistic.py:406: ConvergenceWarning: lbfgs failed to converge after 100 iteration(s) (status=1):
STOP: TOTAL NO. OF ITERATIONS REACHED LIMIT

Increase the number of iterations to improve the convergence (max_iter=100).
You might also want to scale the data as shown in:
    https://scikit-learn.org/stable/modules/preprocessing.html
Please also refer to the documentation for alternative solver options:
    https://scikit-learn.org/stable/modules/linear_model.html#logistic-regression
  n_iter_i = _check_optimize_result(
LogisticRegression()
/app/unsupervised-is/venv/lib/python3.12/site-packages/sklearn/linear_model/_logistic.py:406: ConvergenceWarning: lbfgs failed to converge after 100 iteration(s) (status=1):
STOP: TOTAL NO. OF ITERATIONS REACHED LIMIT

Increase the number of iterations to improve the convergence (max_iter=100).
You might also want to scale the data as shown in:
    https://scikit-learn.org/stable/modules/preprocessing.html
Please also refer to the documentation for alternative solver options:
    https://scikit-learn.org/stable/modules/linear_model.html#logistic-regression
  n_iter_i = _check_optimize_result(
LogisticRegression()
/app/unsupervised-is/venv/lib/python3.12/site-packages/sklearn/linear_model/_logistic.py:406: ConvergenceWarning: lbfgs failed to converge after 100 iteration(s) (status=1):
STOP: TOTAL NO. OF ITERATIONS REACHED LIMIT

Increase the number of iterations to improve the convergence (max_iter=100).
You might also want to scale the data as shown in:
    https://scikit-learn.org/stable/modules/preprocessing.html
Please also refer to the documentation for alternative solver options:
    https://scikit-learn.org/stable/modules/linear_model.html#logistic-regression
  n_iter_i = _check_optimize_result(
LogisticRegression()
/app/unsupervised-is/venv/lib/python3.12/site-packages/sklearn/linear_model/_logistic.py:406: ConvergenceWarning: lbfgs failed to converge after 100 iteration(s) (status=1):
STOP: TOTAL NO. OF ITERATIONS REACHED LIMIT

Increase the number of iterations to improve the convergence (max_iter=100).
You might also want to scale the data as shown in:
    https://scikit-learn.org/stable/modules/preprocessing.html
Please also refer to the documentation for alternative solver options:
    https://scikit-learn.org/stable/modules/linear_model.html#logistic-regression
  n_iter_i = _check_optimize_result(
Micro: 0.6066511450894356
Macro: 0.5695005272442779
identifyNoiseByLowerNNEntropy
[477.94439482688904, 415.6876480579376, 502.02987599372864]
Fold 3
fitting_alpha_by_lr_default
LogisticRegression()
/app/unsupervised-is/venv/lib/python3.12/site-packages/sklearn/linear_model/_logistic.py:406: ConvergenceWarning: lbfgs failed to converge after 100 iteration(s) (status=1):
STOP: TOTAL NO. OF ITERATIONS REACHED LIMIT

Increase the number of iterations to improve the convergence (max_iter=100).
You might also want to scale the data as shown in:
    https://scikit-learn.org/stable/modules/preprocessing.html
Please also refer to the documentation for alternative solver options:
    https://scikit-learn.org/stable/modules/linear_model.html#logistic-regression
  n_iter_i = _check_optimize_result(
LogisticRegression()
/app/unsupervised-is/venv/lib/python3.12/site-packages/sklearn/linear_model/_logistic.py:406: ConvergenceWarning: lbfgs failed to converge after 100 iteration(s) (status=1):
STOP: TOTAL NO. OF ITERATIONS REACHED LIMIT

Increase the number of iterations to improve the convergence (max_iter=100).
You might also want to scale the data as shown in:
    https://scikit-learn.org/stable/modules/preprocessing.html
Please also refer to the documentation for alternative solver options:
    https://scikit-learn.org/stable/modules/linear_model.html#logistic-regression
  n_iter_i = _check_optimize_result(
LogisticRegression()
/app/unsupervised-is/venv/lib/python3.12/site-packages/sklearn/linear_model/_logistic.py:406: ConvergenceWarning: lbfgs failed to converge after 100 iteration(s) (status=1):
STOP: TOTAL NO. OF ITERATIONS REACHED LIMIT

Increase the number of iterations to improve the convergence (max_iter=100).
You might also want to scale the data as shown in:
    https://scikit-learn.org/stable/modules/preprocessing.html
Please also refer to the documentation for alternative solver options:
    https://scikit-learn.org/stable/modules/linear_model.html#logistic-regression
  n_iter_i = _check_optimize_result(
LogisticRegression()
/app/unsupervised-is/venv/lib/python3.12/site-packages/sklearn/linear_model/_logistic.py:406: ConvergenceWarning: lbfgs failed to converge after 100 iteration(s) (status=1):
STOP: TOTAL NO. OF ITERATIONS REACHED LIMIT

Increase the number of iterations to improve the convergence (max_iter=100).
You might also want to scale the data as shown in:
    https://scikit-learn.org/stable/modules/preprocessing.html
Please also refer to the documentation for alternative solver options:
    https://scikit-learn.org/stable/modules/linear_model.html#logistic-regression
  n_iter_i = _check_optimize_result(
LogisticRegression()
/app/unsupervised-is/venv/lib/python3.12/site-packages/sklearn/linear_model/_logistic.py:406: ConvergenceWarning: lbfgs failed to converge after 100 iteration(s) (status=1):
STOP: TOTAL NO. OF ITERATIONS REACHED LIMIT

Increase the number of iterations to improve the convergence (max_iter=100).
You might also want to scale the data as shown in:
    https://scikit-learn.org/stable/modules/preprocessing.html
Please also refer to the documentation for alternative solver options:
    https://scikit-learn.org/stable/modules/linear_model.html#logistic-regression
  n_iter_i = _check_optimize_result(
Micro: 0.6060630934835737
Macro: 0.56878915301252
identifyNoiseByLowerNNEntropy
[477.94439482688904, 415.6876480579376, 502.02987599372864, 452.35852789878845]
Fold 4
fitting_alpha_by_lr_default
LogisticRegression()
/app/unsupervised-is/venv/lib/python3.12/site-packages/sklearn/linear_model/_logistic.py:406: ConvergenceWarning: lbfgs failed to converge after 100 iteration(s) (status=1):
STOP: TOTAL NO. OF ITERATIONS REACHED LIMIT

Increase the number of iterations to improve the convergence (max_iter=100).
You might also want to scale the data as shown in:
    https://scikit-learn.org/stable/modules/preprocessing.html
Please also refer to the documentation for alternative solver options:
    https://scikit-learn.org/stable/modules/linear_model.html#logistic-regression
  n_iter_i = _check_optimize_result(
LogisticRegression()
/app/unsupervised-is/venv/lib/python3.12/site-packages/sklearn/linear_model/_logistic.py:406: ConvergenceWarning: lbfgs failed to converge after 100 iteration(s) (status=1):
STOP: TOTAL NO. OF ITERATIONS REACHED LIMIT

Increase the number of iterations to improve the convergence (max_iter=100).
You might also want to scale the data as shown in:
    https://scikit-learn.org/stable/modules/preprocessing.html
Please also refer to the documentation for alternative solver options:
    https://scikit-learn.org/stable/modules/linear_model.html#logistic-regression
  n_iter_i = _check_optimize_result(
LogisticRegression()
/app/unsupervised-is/venv/lib/python3.12/site-packages/sklearn/linear_model/_logistic.py:406: ConvergenceWarning: lbfgs failed to converge after 100 iteration(s) (status=1):
STOP: TOTAL NO. OF ITERATIONS REACHED LIMIT

Increase the number of iterations to improve the convergence (max_iter=100).
You might also want to scale the data as shown in:
    https://scikit-learn.org/stable/modules/preprocessing.html
Please also refer to the documentation for alternative solver options:
    https://scikit-learn.org/stable/modules/linear_model.html#logistic-regression
  n_iter_i = _check_optimize_result(
LogisticRegression()
/app/unsupervised-is/venv/lib/python3.12/site-packages/sklearn/linear_model/_logistic.py:406: ConvergenceWarning: lbfgs failed to converge after 100 iteration(s) (status=1):
STOP: TOTAL NO. OF ITERATIONS REACHED LIMIT

Increase the number of iterations to improve the convergence (max_iter=100).
You might also want to scale the data as shown in:
    https://scikit-learn.org/stable/modules/preprocessing.html
Please also refer to the documentation for alternative solver options:
    https://scikit-learn.org/stable/modules/linear_model.html#logistic-regression
  n_iter_i = _check_optimize_result(
LogisticRegression()
/app/unsupervised-is/venv/lib/python3.12/site-packages/sklearn/linear_model/_logistic.py:406: ConvergenceWarning: lbfgs failed to converge after 100 iteration(s) (status=1):
STOP: TOTAL NO. OF ITERATIONS REACHED LIMIT

Increase the number of iterations to improve the convergence (max_iter=100).
You might also want to scale the data as shown in:
    https://scikit-learn.org/stable/modules/preprocessing.html
Please also refer to the documentation for alternative solver options:
    https://scikit-learn.org/stable/modules/linear_model.html#logistic-regression
  n_iter_i = _check_optimize_result(
Micro: 0.6069399100796598
Macro: 0.5690936525275923
identifyNoiseByLowerNNEntropy
[477.94439482688904, 415.6876480579376, 502.02987599372864, 452.35852789878845, 435.52488112449646]
END
  Method: perplexity-is
Namespace(dataset='yelp_2013', method='perplexity-is', folds=5, save=True, inputrep='tfidf', out='/app/unsupervised-is/resources/outsel', datain='/app/unsupervised-is/resources/datasets', overwrite=1, inputdir='/app/unsupervised-is/resources/datasets/yelp_2013/tfidf/', splitdir='/app/unsupervised-is/resources/datasets/yelp_2013/splits/', outputdir='/app/unsupervised-is/resources/outsel/selection/yelp_2013/', filename='/app/unsupervised-is/resources/outsel/selection/yelp_2013//saida_perplexity-is', start_time='14-06-2026 23:00:48')
/app/unsupervised-is/resources/datasets/yelp_2013/splits//split_5.pkl
Fold 0
[PerplexityIS] Fitting LDA with 10 topics on 268014 instances …
[PerplexityIS] Perplexity stats — min: 1.3211, median: 2.2977, max: 10.0000
[PerplexityIS] Redundancy threshold (p40): 2.0797 → 107206 candidates
[PerplexityIS] Redundant instances: 107206, removing 64323 with beta=0.6
[PerplexityIS] Noise threshold (p70): 2.7824 → 80404 candidates
[PerplexityIS] Noise instances: 80404, removing 16080 with theta=0.2
[PerplexityIS] Removed 64323 redundant + 16080 noisy = 80403 total instances
[PerplexityIS] Kept 187611 / 268014 (reduction = 30.00%)
[183.04726386070251]
Fold 1
[PerplexityIS] Fitting LDA with 10 topics on 268014 instances …
[PerplexityIS] Perplexity stats — min: 1.3297, median: 2.2787, max: 10.0000
[PerplexityIS] Redundancy threshold (p40): 2.0575 → 107206 candidates
[PerplexityIS] Redundant instances: 107206, removing 64323 with beta=0.6
[PerplexityIS] Noise threshold (p70): 2.8163 → 80404 candidates
[PerplexityIS] Noise instances: 80404, removing 16080 with theta=0.2
[PerplexityIS] Removed 64323 redundant + 16080 noisy = 80403 total instances
[PerplexityIS] Kept 187611 / 268014 (reduction = 30.00%)
[183.04726386070251, 180.8897566795349]
Fold 2
[PerplexityIS] Fitting LDA with 10 topics on 268014 instances …
[PerplexityIS] Perplexity stats — min: 1.3214, median: 2.2669, max: 10.0000
[PerplexityIS] Redundancy threshold (p40): 2.0618 → 107206 candidates
[PerplexityIS] Redundant instances: 107206, removing 64323 with beta=0.6
[PerplexityIS] Noise threshold (p70): 2.7721 → 80404 candidates
[PerplexityIS] Noise instances: 80404, removing 16080 with theta=0.2
[PerplexityIS] Removed 64323 redundant + 16080 noisy = 80403 total instances
[PerplexityIS] Kept 187611 / 268014 (reduction = 30.00%)
[183.04726386070251, 180.8897566795349, 194.45422220230103]
Fold 3
[PerplexityIS] Fitting LDA with 10 topics on 268015 instances …
[PerplexityIS] Perplexity stats — min: 1.3230, median: 2.2399, max: 10.0000
[PerplexityIS] Redundancy threshold (p40): 2.0431 → 107206 candidates
[PerplexityIS] Redundant instances: 107206, removing 64323 with beta=0.6
[PerplexityIS] Noise threshold (p70): 2.7444 → 80405 candidates
[PerplexityIS] Noise instances: 80405, removing 16081 with theta=0.2
[PerplexityIS] Removed 64323 redundant + 16081 noisy = 80404 total instances
[PerplexityIS] Kept 187611 / 268015 (reduction = 30.00%)
[183.04726386070251, 180.8897566795349, 194.45422220230103, 179.09184646606445]
Fold 4
[PerplexityIS] Fitting LDA with 10 topics on 268015 instances …
[PerplexityIS] Perplexity stats — min: 1.3190, median: 2.2730, max: 10.0000
[PerplexityIS] Redundancy threshold (p40): 2.0488 → 107206 candidates
[PerplexityIS] Redundant instances: 107206, removing 64323 with beta=0.6
[PerplexityIS] Noise threshold (p70): 2.8068 → 80405 candidates
[PerplexityIS] Noise instances: 80405, removing 16081 with theta=0.2
[PerplexityIS] Removed 64323 redundant + 16081 noisy = 80404 total instances
[PerplexityIS] Kept 187611 / 268015 (reduction = 30.00%)
[183.04726386070251, 180.8897566795349, 194.45422220230103, 179.09184646606445, 175.31652355194092]
END

=================================================
Step 2: Generating summary (read_selection_ci.py)
=================================================
20ng:
    - no-is: time=0.012 ±0.002 (n=10)  reduction=0.0000 ±0.0000 (n=10)
    - perplexity-is: time=15.961 ±0.875 (n=10)  reduction=0.3000 ±0.0000 (n=10)
    - adaptive-v2-perplexity: time=18.978 ±2.892 (n=10)  reduction=0.3831 ±0.0005 (n=10)
    - adaptive-perplexity: time=22.315 ±2.236 (n=10)  reduction=0.3901 ±0.0445 (n=10)
    - biois: time=230.814 ±13.034 (n=10)  reduction=0.3195 ±0.0004 (n=10)

acm:
    - no-is: time=0.012 ±0.002 (n=10)  reduction=0.0000 ±0.0000 (n=10)
    - adaptive-v2-perplexity: time=12.809 ±1.032 (n=10)  reduction=0.3820 ±0.0002 (n=10)
    - perplexity-is: time=12.819 ±1.197 (n=10)  reduction=0.3000 ±0.0000 (n=10)
    - adaptive-perplexity: time=17.195 ±1.095 (n=10)  reduction=0.3181 ±0.0092 (n=10)
    - biois: time=401.582 ±12.987 (n=10)  reduction=0.3715 ±0.0003 (n=10)

agnews:
    - no-is: time=0.053 ±0.003 (n=5)  reduction=0.0000 ±0.0000 (n=5)
    - perplexity-is: time=43.430 ±2.103 (n=5)  reduction=0.3000 ±0.0000 (n=5)
    - adaptive-v2-perplexity: time=44.308 ±4.109 (n=5)  reduction=0.3835 ±0.0001 (n=5)
    - adaptive-perplexity: time=55.134 ±2.969 (n=5)  reduction=0.1860 ±0.0143 (n=5)
    - biois: time=403.812 ±61.927 (n=5)  reduction=0.2925 ±0.0001 (n=5)

books:
    - no-is: time=0.019 ±0.002 (n=10)  reduction=0.0000 ±0.0000 (n=10)
    - perplexity-is: time=16.853 ±1.360 (n=10)  reduction=0.3000 ±0.0000 (n=10)
    - adaptive-v2-perplexity: time=17.144 ±1.301 (n=10)  reduction=0.3840 ±0.0006 (n=10)
    - adaptive-perplexity: time=20.022 ±0.880 (n=10)  reduction=0.3820 ±0.0202 (n=10)
    - biois: time=324.804 ±20.219 (n=10)  reduction=0.3463 ±0.0003 (n=10)

dblp:
    - no-is: time=0.023 ±0.002 (n=10)  reduction=0.0000 ±0.0000 (n=10)
    - perplexity-is: time=19.185 ±1.464 (n=10)  reduction=0.3000 ±0.0000 (n=10)
    - adaptive-v2-perplexity: time=21.400 ±1.910 (n=10)  reduction=0.3835 ±0.0003 (n=10)
    - adaptive-perplexity: time=25.321 ±2.803 (n=10)  reduction=0.2832 ±0.0180 (n=10)
    - biois: time=381.584 ±31.438 (n=10)  reduction=0.3493 ±0.0003 (n=10)

medline:
    - no-is: time=0.384 ±0.029 (n=5)  reduction=0.0000 ±0.0000 (n=5)
    - adaptive-v2-perplexity: time=304.529 ±8.971 (n=5)  reduction=0.3783 ±0.0003 (n=5)
    - adaptive-perplexity: time=331.214 ±22.424 (n=5)  reduction=0.1220 ±0.0063 (n=5)
    - perplexity-is: time=334.614 ±6.453 (n=5)  reduction=0.3000 ±0.0000 (n=5)
    - biois: time=531.578 ±39.661 (n=5)  reduction=0.3199 ±0.0003 (n=5)

movie_review:
    - no-is: time=0.005 ±0.000 (n=10)  reduction=0.0000 ±0.0000 (n=10)
    - biois: time=0.595 ±0.009 (n=10)  reduction=0.3728 ±0.0008 (n=10)
    - perplexity-is: time=5.388 ±0.684 (n=10)  reduction=0.2998 ±0.0000 (n=10)
    - adaptive-v2-perplexity: time=5.511 ±0.675 (n=10)  reduction=0.3863 ±0.0001 (n=10)
    - adaptive-perplexity: time=5.631 ±0.814 (n=10)  reduction=0.3767 ±0.0029 (n=10)
    - autoencoder-is: time=8.749 ±0.708 (n=10)  reduction=0.2998 ±0.0000 (n=10)
    - gmm-is: time=18.689 ±4.944 (n=10)  reduction=0.2998 ±0.0000 (n=10)

mpqa:
    - no-is: time=0.005 ±0.000 (n=10)  reduction=0.0000 ±0.0000 (n=10)
    - biois: time=0.533 ±0.008 (n=10)  reduction=0.3467 ±0.0006 (n=10)
    - adaptive-v2-perplexity: time=3.606 ±0.668 (n=10)  reduction=0.3670 ±0.0021 (n=10)
    - perplexity-is: time=3.667 ±0.644 (n=10)  reduction=0.2996 ±0.0001 (n=10)
    - adaptive-perplexity: time=3.734 ±0.805 (n=10)  reduction=0.0858 ±0.0012 (n=10)
    - autoencoder-is: time=6.803 ±0.345 (n=10)  reduction=0.2998 ±0.0001 (n=10)
    - gmm-is: time=11.579 ±5.387 (n=10)  reduction=0.2998 ±0.0000 (n=10)

ohsumed:
    - no-is: time=0.011 ±0.002 (n=10)  reduction=0.0000 ±0.0000 (n=10)
    - adaptive-v2-perplexity: time=10.364 ±0.983 (n=10)  reduction=0.3834 ±0.0005 (n=10)
    - perplexity-is: time=10.502 ±1.144 (n=10)  reduction=0.3000 ±0.0000 (n=10)
    - adaptive-perplexity: time=13.026 ±0.611 (n=10)  reduction=0.2978 ±0.0181 (n=10)
    - autoencoder-is: time=24.837 ±1.217 (n=10)  reduction=0.3000 ±0.0000 (n=10)
    - gmm-is: time=57.495 ±14.229 (n=10)  reduction=0.3000 ±0.0000 (n=10)
    - biois: time=347.913 ±8.905 (n=10)  reduction=0.3980 ±0.0007 (n=10)

pang_movie:
    - no-is: time=0.005 ±0.000 (n=10)  reduction=0.0000 ±0.0000 (n=10)
    - biois: time=1.592 ±0.092 (n=10)  reduction=0.3709 ±0.0011 (n=10)
    - perplexity-is: time=5.593 ±0.841 (n=10)  reduction=0.2998 ±0.0000 (n=10)
    - adaptive-v2-perplexity: time=5.730 ±0.688 (n=10)  reduction=0.3852 ±0.0002 (n=10)
    - adaptive-perplexity: time=5.845 ±0.673 (n=10)  reduction=0.1663 ±0.0056 (n=10)
    - autoencoder-is: time=11.485 ±1.384 (n=10)  reduction=0.2998 ±0.0000 (n=10)
    - gmm-is: time=36.091 ±8.203 (n=10)  reduction=0.2998 ±0.0000 (n=10)

reuters90:
    - no-is: time=0.008 ±0.001 (n=10)  reduction=0.0000 ±0.0000 (n=10)
    - perplexity-is: time=8.050 ±0.897 (n=10)  reduction=0.2999 ±0.0000 (n=10)
    - adaptive-v2-perplexity: time=8.059 ±0.841 (n=10)  reduction=0.3819 ±0.0004 (n=10)
    - adaptive-perplexity: time=10.443 ±0.410 (n=10)  reduction=0.2991 ±0.0371 (n=10)
    - autoencoder-is: time=30.497 ±1.411 (n=10)  reduction=0.3000 ±0.0000 (n=10)
    - gmm-is: time=57.289 ±8.505 (n=10)  reduction=0.3000 ±0.0000 (n=10)
    - biois: time=291.699 ±3.711 (n=10)  reduction=0.4042 ±0.0007 (n=10)

sst1:
    - no-is: time=0.005 ±0.000 (n=10)  reduction=0.0000 ±0.0000 (n=10)
    - perplexity-is: time=5.764 ±0.695 (n=10)  reduction=0.2999 ±0.0000 (n=10)
    - adaptive-v2-perplexity: time=5.856 ±0.715 (n=10)  reduction=0.3853 ±0.0001 (n=10)
    - autoencoder-is: time=9.271 ±0.675 (n=10)  reduction=0.2999 ±0.0000 (n=10)
    - adaptive-perplexity: time=9.567 ±1.604 (n=10)  reduction=0.3631 ±0.0055 (n=10)
    - gmm-is: time=22.653 ±4.760 (n=10)  reduction=0.2999 ±0.0000 (n=10)
    - biois: time=195.003 ±46.409 (n=10)  reduction=0.5540 ±0.0012 (n=10)

sst2:
    - no-is: time=0.004 ±0.000 (n=10)  reduction=0.0000 ±0.0000 (n=10)
    - biois: time=0.541 ±0.004 (n=10)  reduction=0.3593 ±0.0014 (n=10)
    - adaptive-v2-perplexity: time=5.110 ±0.681 (n=10)  reduction=0.3857 ±0.0001 (n=10)
    - perplexity-is: time=5.232 ±0.658 (n=10)  reduction=0.2999 ±0.0000 (n=10)
    - adaptive-perplexity: time=5.383 ±0.721 (n=10)  reduction=0.3752 ±0.0059 (n=10)
    - autoencoder-is: time=7.780 ±0.438 (n=10)  reduction=0.2999 ±0.0000 (n=10)
    - gmm-is: time=14.423 ±5.300 (n=10)  reduction=0.2999 ±0.0000 (n=10)

subj:
    - no-is: time=0.005 ±0.000 (n=10)  reduction=0.0000 ±0.0000 (n=10)
    - adaptive-v2-perplexity: time=5.425 ±0.638 (n=10)  reduction=0.3869 ±0.0001 (n=10)
    - perplexity-is: time=5.463 ±0.725 (n=10)  reduction=0.3000 ±0.0000 (n=10)
    - adaptive-perplexity: time=5.618 ±0.665 (n=10)  reduction=0.4124 ±0.0038 (n=10)
    - biois: time=5.776 ±8.193 (n=10)  reduction=0.3074 ±0.0007 (n=10)
    - autoencoder-is: time=8.973 ±0.606 (n=10)  reduction=0.3000 ±0.0000 (n=10)
    - gmm-is: time=18.894 ±4.951 (n=10)  reduction=0.3000 ±0.0000 (n=10)

trec:
    - no-is: time=0.003 ±0.000 (n=10)  reduction=0.0000 ±0.0000 (n=10)
    - perplexity-is: time=2.911 ±0.613 (n=10)  reduction=0.2998 ±0.0000 (n=10)
    - adaptive-v2-perplexity: time=2.941 ±0.632 (n=10)  reduction=0.3767 ±0.0002 (n=10)
    - adaptive-perplexity: time=2.993 ±0.648 (n=10)  reduction=0.4117 ±0.0049 (n=10)
    - autoencoder-is: time=4.149 ±0.925 (n=10)  reduction=0.2998 ±0.0000 (n=10)
    - gmm-is: time=6.510 ±2.484 (n=10)  reduction=0.2998 ±0.0000 (n=10)
    - biois: time=138.907 ±68.851 (n=10)  reduction=0.4218 ±0.0012 (n=10)

twitter:
    - no-is: time=0.004 ±0.000 (n=10)  reduction=0.0000 ±0.0000 (n=10)
    - adaptive-v2-perplexity: time=4.377 ±0.644 (n=10)  reduction=0.3843 ±0.0002 (n=10)
    - perplexity-is: time=4.468 ±0.836 (n=10)  reduction=0.2999 ±0.0000 (n=10)
    - adaptive-perplexity: time=4.496 ±0.751 (n=10)  reduction=0.2729 ±0.0183 (n=10)
    - autoencoder-is: time=6.171 ±0.508 (n=10)  reduction=0.2999 ±0.0000 (n=10)
    - gmm-is: time=11.598 ±4.048 (n=10)  reduction=0.2999 ±0.0000 (n=10)
    - biois: time=157.686 ±39.457 (n=10)  reduction=0.3648 ±0.0003 (n=10)

vader_movie:
    - no-is: time=0.005 ±0.000 (n=10)  reduction=0.0000 ±0.0000 (n=10)
    - biois: time=1.682 ±0.028 (n=10)  reduction=0.3659 ±0.0007 (n=10)
    - adaptive-v2-perplexity: time=5.846 ±0.723 (n=10)  reduction=0.3853 ±0.0001 (n=10)
    - perplexity-is: time=5.900 ±0.907 (n=10)  reduction=0.2999 ±0.0000 (n=10)
    - adaptive-perplexity: time=6.013 ±0.766 (n=10)  reduction=0.1669 ±0.0117 (n=10)
    - autoencoder-is: time=10.694 ±0.850 (n=10)  reduction=0.2999 ±0.0000 (n=10)
    - gmm-is: time=32.721 ±7.542 (n=10)  reduction=0.2999 ±0.0000 (n=10)

webkb:
    - no-is: time=0.005 ±0.000 (n=10)  reduction=0.0000 ±0.0000 (n=10)
    - perplexity-is: time=6.151 ±0.853 (n=10)  reduction=0.2999 ±0.0000 (n=10)
    - adaptive-v2-perplexity: time=6.166 ±0.838 (n=10)  reduction=0.3829 ±0.0003 (n=10)
    - adaptive-perplexity: time=6.330 ±0.948 (n=10)  reduction=0.3736 ±0.0390 (n=10)
    - autoencoder-is: time=9.824 ±1.251 (n=10)  reduction=0.2999 ±0.0000 (n=10)
    - gmm-is: time=34.278 ±8.511 (n=10)  reduction=0.2999 ±0.0000 (n=10)
    - biois: time=231.868 ±12.878 (n=10)  reduction=0.3652 ±0.0008 (n=10)

wos11967:
    - no-is: time=0.008 ±0.002 (n=10)  reduction=0.0000 ±0.0000 (n=10)
    - perplexity-is: time=7.759 ±0.737 (n=10)  reduction=0.2999 ±0.0000 (n=10)
    - adaptive-v2-perplexity: time=8.058 ±0.748 (n=10)  reduction=0.3837 ±0.0006 (n=10)
    - adaptive-perplexity: time=10.107 ±0.666 (n=10)  reduction=0.3272 ±0.0374 (n=10)
    - autoencoder-is: time=14.081 ±1.108 (n=10)  reduction=0.2999 ±0.0000 (n=10)
    - gmm-is: time=45.489 ±8.621 (n=10)  reduction=0.2999 ±0.0000 (n=10)
    - biois: time=127.862 ±4.855 (n=10)  reduction=0.3291 ±0.0003 (n=10)

wos5736:
    - no-is: time=0.004 ±0.001 (n=10)  reduction=0.0000 ±0.0000 (n=10)
    - adaptive-v2-perplexity: time=4.990 ±0.729 (n=10)  reduction=0.3830 ±0.0015 (n=10)
    - adaptive-perplexity: time=5.015 ±0.710 (n=10)  reduction=0.2774 ±0.0339 (n=10)
    - perplexity-is: time=5.443 ±0.846 (n=10)  reduction=0.2999 ±0.0000 (n=10)
    - autoencoder-is: time=7.095 ±1.133 (n=10)  reduction=0.2999 ±0.0000 (n=10)
    - gmm-is: time=24.179 ±9.349 (n=10)  reduction=0.2999 ±0.0000 (n=10)
    - biois: time=114.228 ±30.310 (n=10)  reduction=0.3070 ±0.0005 (n=10)

yelp_2013:
    - no-is: time=0.172 ±0.025 (n=5)  reduction=0.0000 ±0.0000 (n=5)
    - adaptive-perplexity: time=178.913 ±4.381 (n=5)  reduction=0.3180 ±0.0063 (n=5)
    - adaptive-v2-perplexity: time=179.351 ±3.808 (n=5)  reduction=0.3828 ±0.0004 (n=5)
    - perplexity-is: time=182.560 ±8.975 (n=5)  reduction=0.3000 ±0.0000 (n=5)
    - biois: time=456.709 ±42.360 (n=5)  reduction=0.4465 ±0.0004 (n=5)

yelp_reviews:
    - no-is: time=0.004 ±0.001 (n=10)  reduction=0.0000 ±0.0000 (n=10)
    - perplexity-is: time=4.732 ±0.730 (n=10)  reduction=0.3000 ±0.0000 (n=10)
    - adaptive-v2-perplexity: time=4.733 ±0.770 (n=10)  reduction=0.3843 ±0.0001 (n=10)
    - adaptive-perplexity: time=4.982 ±0.638 (n=10)  reduction=0.4287 ±0.0014 (n=10)
    - autoencoder-is: time=5.947 ±0.756 (n=10)  reduction=0.3000 ±0.0000 (n=10)
    - biois: time=24.524 ±20.905 (n=10)  reduction=0.2836 ±0.0007 (n=10)
    - gmm-is: time=32.626 ±9.943 (n=10)  reduction=0.3000 ±0.0000 (n=10)

Wrote: /app/unsupervised-is/resources/outsel/selection_summary.json
Wrote: /app/unsupervised-is/resources/outsel/selection_summary.csv

=================================================
Step 3: Running atcBench
=================================================
Running with 1 concurrent processes...
Methods  : adaptive-perplexity adaptive-v2-perplexity no-is biois perplexity-is
Datasets : agnews medline yelp_2013
xargs: warning: options --max-args and --replace/-I/-i are mutually exclusive, ignoring previous --max-args value
[RUN] Iniciando agnews_adaptive-perplexity (Acompanhe os detalhes em logs/run_agnews_adaptive-perplexity.log)
[DONE] Finalizado agnews_adaptive-perplexity
[RUN] Iniciando agnews_adaptive-v2-perplexity (Acompanhe os detalhes em logs/run_agnews_adaptive-v2-perplexity.log)
[DONE] Finalizado agnews_adaptive-v2-perplexity
[RUN] Iniciando agnews_no-is (Acompanhe os detalhes em logs/run_agnews_no-is.log)
[DONE] Finalizado agnews_no-is
[RUN] Iniciando agnews_biois (Acompanhe os detalhes em logs/run_agnews_biois.log)
[DONE] Finalizado agnews_biois
[RUN] Iniciando agnews_perplexity-is (Acompanhe os detalhes em logs/run_agnews_perplexity-is.log)
[DONE] Finalizado agnews_perplexity-is
[RUN] Iniciando medline_adaptive-perplexity (Acompanhe os detalhes em logs/run_medline_adaptive-perplexity.log)
[DONE] Finalizado medline_adaptive-perplexity
[RUN] Iniciando medline_adaptive-v2-perplexity (Acompanhe os detalhes em logs/run_medline_adaptive-v2-perplexity.log)
