Methods  : no-is,biois,perplexity-is,autoencoder-is,gmm-is,adaptive-perplexity,adaptive-v2-perplexity
Datasets : mpqa,trec,sst2,twitter,vader_movie,movie_review,sst1,pang_movie,subj,yelp_reviews,wos5736,reuters90,webkb,wos11967,ohsumed
Steps    : 1,2,3,4,5
=================================================
Step 1: Running unsupervised selection
=================================================
Methods  : no-is biois perplexity-is autoencoder-is gmm-is adaptive-perplexity adaptive-v2-perplexity
Datasets : mpqa trec sst2 twitter vader_movie movie_review sst1 pang_movie subj yelp_reviews wos5736 reuters90 webkb wos11967 ohsumed
Dataset: mpqa
  Method: no-is
Namespace(dataset='mpqa', method='no-is', folds=10, save=True, inputrep='tfidf', out='/app/unsupervised-is/resources/outsel', datain='/app/unsupervised-is/resources/datasets', overwrite=1, inputdir='/app/unsupervised-is/resources/datasets/mpqa/tfidf/', splitdir='/app/unsupervised-is/resources/datasets/mpqa/splits/', outputdir='/app/unsupervised-is/resources/outsel/selection/mpqa/', filename='/app/unsupervised-is/resources/outsel/selection/mpqa//saida_no-is', start_time='05-06-2026 01:52:05')
/app/unsupervised-is/resources/datasets/mpqa/splits//split_10.pkl
Fold 0
[0.004940509796142578]
Fold 1
[0.004940509796142578, 0.00470423698425293]
Fold 2
[0.004940509796142578, 0.00470423698425293, 0.004706621170043945]
Fold 3
[0.004940509796142578, 0.00470423698425293, 0.004706621170043945, 0.004664182662963867]
Fold 4
[0.004940509796142578, 0.00470423698425293, 0.004706621170043945, 0.004664182662963867, 0.004644870758056641]
Fold 5
[0.004940509796142578, 0.00470423698425293, 0.004706621170043945, 0.004664182662963867, 0.004644870758056641, 0.004646778106689453]
Fold 6
[0.004940509796142578, 0.00470423698425293, 0.004706621170043945, 0.004664182662963867, 0.004644870758056641, 0.004646778106689453, 0.004641532897949219]
Fold 7
[0.004940509796142578, 0.00470423698425293, 0.004706621170043945, 0.004664182662963867, 0.004644870758056641, 0.004646778106689453, 0.004641532897949219, 0.004750728607177734]
Fold 8
[0.004940509796142578, 0.00470423698425293, 0.004706621170043945, 0.004664182662963867, 0.004644870758056641, 0.004646778106689453, 0.004641532897949219, 0.004750728607177734, 0.00467228889465332]
Fold 9
[0.004940509796142578, 0.00470423698425293, 0.004706621170043945, 0.004664182662963867, 0.004644870758056641, 0.004646778106689453, 0.004641532897949219, 0.004750728607177734, 0.00467228889465332, 0.004666805267333984]
END
  Method: biois
Namespace(dataset='mpqa', method='biois', folds=10, save=True, inputrep='tfidf', out='/app/unsupervised-is/resources/outsel', datain='/app/unsupervised-is/resources/datasets', overwrite=1, inputdir='/app/unsupervised-is/resources/datasets/mpqa/tfidf/', splitdir='/app/unsupervised-is/resources/datasets/mpqa/splits/', outputdir='/app/unsupervised-is/resources/outsel/selection/mpqa/', filename='/app/unsupervised-is/resources/outsel/selection/mpqa//saida_biois', start_time='05-06-2026 01:52:09')
/app/unsupervised-is/resources/datasets/mpqa/splits//split_10.pkl
Fold 0
fitting_alpha_by_lr_default
LogisticRegression()
LogisticRegression()
LogisticRegression()
LogisticRegression()
LogisticRegression()
Micro: 0.8059717129387114
Macro: 0.7343950116445046
identifyNoiseByLowerNNEntropy
[0.545764684677124]
Fold 1
fitting_alpha_by_lr_default
LogisticRegression()
LogisticRegression()
LogisticRegression()
LogisticRegression()
LogisticRegression()
Micro: 0.8072289156626506
Macro: 0.7373633594998952
identifyNoiseByLowerNNEntropy
[0.545764684677124, 0.5363874435424805]
Fold 2
fitting_alpha_by_lr_default
LogisticRegression()
LogisticRegression()
LogisticRegression()
LogisticRegression()
LogisticRegression()
Micro: 0.8042954426401258
Macro: 0.7326568820514321
identifyNoiseByLowerNNEntropy
[0.545764684677124, 0.5363874435424805, 0.5508527755737305]
Fold 3
fitting_alpha_by_lr_default
LogisticRegression()
LogisticRegression()
LogisticRegression()
LogisticRegression()
LogisticRegression()
Micro: 0.8072289156626506
Macro: 0.7365860904593134
identifyNoiseByLowerNNEntropy
[0.545764684677124, 0.5363874435424805, 0.5508527755737305, 0.5351791381835938]
Fold 4
fitting_alpha_by_lr_default
LogisticRegression()
LogisticRegression()
LogisticRegression()
LogisticRegression()
LogisticRegression()
Micro: 0.8078575170246203
Macro: 0.7366625460604705
identifyNoiseByLowerNNEntropy
[0.545764684677124, 0.5363874435424805, 0.5508527755737305, 0.5351791381835938, 0.5426783561706543]
Fold 5
fitting_alpha_by_lr_default
LogisticRegression()
LogisticRegression()
LogisticRegression()
LogisticRegression()
LogisticRegression()
Micro: 0.8079622839182818
Macro: 0.7377048479894398
identifyNoiseByLowerNNEntropy
[0.545764684677124, 0.5363874435424805, 0.5508527755737305, 0.5351791381835938, 0.5426783561706543, 0.5212552547454834]
Fold 6
fitting_alpha_by_lr_default
LogisticRegression()
LogisticRegression()
LogisticRegression()
LogisticRegression()
LogisticRegression()
Micro: 0.8040016760946993
Macro: 0.7325137010123017
identifyNoiseByLowerNNEntropy
[0.545764684677124, 0.5363874435424805, 0.5508527755737305, 0.5351791381835938, 0.5426783561706543, 0.5212552547454834, 0.5267512798309326]
Fold 7
fitting_alpha_by_lr_default
LogisticRegression()
LogisticRegression()
LogisticRegression()
LogisticRegression()
LogisticRegression()
Micro: 0.8046302116069558
Macro: 0.7329763817309745
identifyNoiseByLowerNNEntropy
[0.545764684677124, 0.5363874435424805, 0.5508527755737305, 0.5351791381835938, 0.5426783561706543, 0.5212552547454834, 0.5267512798309326, 0.5264594554901123]
Fold 8
fitting_alpha_by_lr_default
LogisticRegression()
LogisticRegression()
LogisticRegression()
LogisticRegression()
LogisticRegression()
Micro: 0.8093442279488791
Macro: 0.7402267990862487
identifyNoiseByLowerNNEntropy
[0.545764684677124, 0.5363874435424805, 0.5508527755737305, 0.5351791381835938, 0.5426783561706543, 0.5212552547454834, 0.5267512798309326, 0.5264594554901123, 0.5170397758483887]
Fold 9
fitting_alpha_by_lr_default
LogisticRegression()
LogisticRegression()
LogisticRegression()
LogisticRegression()
LogisticRegression()
Micro: 0.8062015503875969
Macro: 0.7348485098720776
identifyNoiseByLowerNNEntropy
[0.545764684677124, 0.5363874435424805, 0.5508527755737305, 0.5351791381835938, 0.5426783561706543, 0.5212552547454834, 0.5267512798309326, 0.5264594554901123, 0.5170397758483887, 0.5242156982421875]
END
  Method: perplexity-is
Namespace(dataset='mpqa', method='perplexity-is', folds=10, save=True, inputrep='tfidf', out='/app/unsupervised-is/resources/outsel', datain='/app/unsupervised-is/resources/datasets', overwrite=1, inputdir='/app/unsupervised-is/resources/datasets/mpqa/tfidf/', splitdir='/app/unsupervised-is/resources/datasets/mpqa/splits/', outputdir='/app/unsupervised-is/resources/outsel/selection/mpqa/', filename='/app/unsupervised-is/resources/outsel/selection/mpqa//saida_perplexity-is', start_time='05-06-2026 01:52:17')
/app/unsupervised-is/resources/datasets/mpqa/splits//split_10.pkl
Fold 0
[PerplexityIS] Fitting LDA with 10 topics on 9545 instances …
[PerplexityIS] Perplexity stats — min: 2.7963, median: 5.3489, max: 10.0000
[PerplexityIS] Redundancy threshold (p40): 5.3489 → 3817 candidates
[PerplexityIS] Redundant instances: 3817, removing 2290 with beta=0.6
[PerplexityIS] Noise threshold (p70): 5.3490 → 2863 candidates
[PerplexityIS] Noise instances: 2863, removing 572 with theta=0.2
[PerplexityIS] Removed 2290 redundant + 572 noisy = 2862 total instances
[PerplexityIS] Kept 6683 / 9545 (reduction = 29.98%)
[6.219640254974365]
Fold 1
[PerplexityIS] Fitting LDA with 10 topics on 9545 instances …
[PerplexityIS] Perplexity stats — min: 2.7308, median: 5.3489, max: 10.0000
[PerplexityIS] Redundancy threshold (p40): 5.3489 → 3813 candidates
[PerplexityIS] Redundant instances: 3813, removing 2287 with beta=0.6
[PerplexityIS] Noise threshold (p70): 5.3490 → 2864 candidates
[PerplexityIS] Noise instances: 2864, removing 572 with theta=0.2
[PerplexityIS] Removed 2287 redundant + 572 noisy = 2859 total instances
[PerplexityIS] Kept 6686 / 9545 (reduction = 29.95%)
[6.219640254974365, 3.3104512691497803]
Fold 2
[PerplexityIS] Fitting LDA with 10 topics on 9545 instances …
[PerplexityIS] Perplexity stats — min: 2.8944, median: 5.3489, max: 10.0000
[PerplexityIS] Redundancy threshold (p40): 5.3489 → 3813 candidates
[PerplexityIS] Redundant instances: 3813, removing 2287 with beta=0.6
[PerplexityIS] Noise threshold (p70): 5.3490 → 2864 candidates
[PerplexityIS] Noise instances: 2864, removing 572 with theta=0.2
[PerplexityIS] Removed 2287 redundant + 572 noisy = 2859 total instances
[PerplexityIS] Kept 6686 / 9545 (reduction = 29.95%)
[6.219640254974365, 3.3104512691497803, 3.5404303073883057]
Fold 3
[PerplexityIS] Fitting LDA with 10 topics on 9545 instances …
[PerplexityIS] Perplexity stats — min: 2.7969, median: 5.3489, max: 10.0000
[PerplexityIS] Redundancy threshold (p40): 5.3489 → 3815 candidates
[PerplexityIS] Redundant instances: 3815, removing 2289 with beta=0.6
[PerplexityIS] Noise threshold (p70): 5.3490 → 2864 candidates
[PerplexityIS] Noise instances: 2864, removing 572 with theta=0.2
[PerplexityIS] Removed 2289 redundant + 572 noisy = 2861 total instances
[PerplexityIS] Kept 6684 / 9545 (reduction = 29.97%)
[6.219640254974365, 3.3104512691497803, 3.5404303073883057, 3.4052088260650635]
Fold 4
[PerplexityIS] Fitting LDA with 10 topics on 9545 instances …
[PerplexityIS] Perplexity stats — min: 2.7967, median: 5.3489, max: 10.0000
[PerplexityIS] Redundancy threshold (p40): 5.3489 → 3815 candidates
[PerplexityIS] Redundant instances: 3815, removing 2289 with beta=0.6
[PerplexityIS] Noise threshold (p70): 5.3490 → 2859 candidates
[PerplexityIS] Noise instances: 2859, removing 571 with theta=0.2
[PerplexityIS] Removed 2289 redundant + 571 noisy = 2860 total instances
[PerplexityIS] Kept 6685 / 9545 (reduction = 29.96%)
[6.219640254974365, 3.3104512691497803, 3.5404303073883057, 3.4052088260650635, 3.322284698486328]
Fold 5
[PerplexityIS] Fitting LDA with 10 topics on 9545 instances …
[PerplexityIS] Perplexity stats — min: 2.8792, median: 5.3489, max: 10.0000
[PerplexityIS] Redundancy threshold (p40): 5.3489 → 3813 candidates
[PerplexityIS] Redundant instances: 3813, removing 2287 with beta=0.6
[PerplexityIS] Noise threshold (p70): 5.3490 → 2863 candidates
[PerplexityIS] Noise instances: 2863, removing 572 with theta=0.2
[PerplexityIS] Removed 2287 redundant + 572 noisy = 2859 total instances
[PerplexityIS] Kept 6686 / 9545 (reduction = 29.95%)
[6.219640254974365, 3.3104512691497803, 3.5404303073883057, 3.4052088260650635, 3.322284698486328, 3.4818742275238037]
Fold 6
[PerplexityIS] Fitting LDA with 10 topics on 9546 instances …
[PerplexityIS] Perplexity stats — min: 2.5271, median: 5.3489, max: 10.0000
[PerplexityIS] Redundancy threshold (p40): 5.3489 → 3817 candidates
[PerplexityIS] Redundant instances: 3817, removing 2290 with beta=0.6
[PerplexityIS] Noise threshold (p70): 5.3490 → 2864 candidates
[PerplexityIS] Noise instances: 2864, removing 572 with theta=0.2
[PerplexityIS] Removed 2290 redundant + 572 noisy = 2862 total instances
[PerplexityIS] Kept 6684 / 9546 (reduction = 29.98%)
[6.219640254974365, 3.3104512691497803, 3.5404303073883057, 3.4052088260650635, 3.322284698486328, 3.4818742275238037, 3.2725839614868164]
Fold 7
[PerplexityIS] Fitting LDA with 10 topics on 9546 instances …
[PerplexityIS] Perplexity stats — min: 2.8078, median: 5.3489, max: 10.0000
[PerplexityIS] Redundancy threshold (p40): 5.3489 → 3812 candidates
[PerplexityIS] Redundant instances: 3812, removing 2287 with beta=0.6
[PerplexityIS] Noise threshold (p70): 5.3490 → 2863 candidates
[PerplexityIS] Noise instances: 2863, removing 572 with theta=0.2
[PerplexityIS] Removed 2287 redundant + 572 noisy = 2859 total instances
[PerplexityIS] Kept 6687 / 9546 (reduction = 29.95%)
[6.219640254974365, 3.3104512691497803, 3.5404303073883057, 3.4052088260650635, 3.322284698486328, 3.4818742275238037, 3.2725839614868164, 3.380777597427368]
Fold 8
[PerplexityIS] Fitting LDA with 10 topics on 9546 instances …
[PerplexityIS] Perplexity stats — min: 2.7965, median: 5.3489, max: 10.0000
[PerplexityIS] Redundancy threshold (p40): 5.3489 → 3815 candidates
[PerplexityIS] Redundant instances: 3815, removing 2289 with beta=0.6
[PerplexityIS] Noise threshold (p70): 5.3490 → 2864 candidates
[PerplexityIS] Noise instances: 2864, removing 572 with theta=0.2
[PerplexityIS] Removed 2289 redundant + 572 noisy = 2861 total instances
[PerplexityIS] Kept 6685 / 9546 (reduction = 29.97%)
[6.219640254974365, 3.3104512691497803, 3.5404303073883057, 3.4052088260650635, 3.322284698486328, 3.4818742275238037, 3.2725839614868164, 3.380777597427368, 3.3743388652801514]
Fold 9
[PerplexityIS] Fitting LDA with 10 topics on 9546 instances …
[PerplexityIS] Perplexity stats — min: 2.4808, median: 5.3489, max: 10.0000
[PerplexityIS] Redundancy threshold (p40): 5.3489 → 3814 candidates
[PerplexityIS] Redundant instances: 3814, removing 2288 with beta=0.6
[PerplexityIS] Noise threshold (p70): 5.3490 → 2859 candidates
[PerplexityIS] Noise instances: 2859, removing 571 with theta=0.2
[PerplexityIS] Removed 2288 redundant + 571 noisy = 2859 total instances
[PerplexityIS] Kept 6687 / 9546 (reduction = 29.95%)
[6.219640254974365, 3.3104512691497803, 3.5404303073883057, 3.4052088260650635, 3.322284698486328, 3.4818742275238037, 3.2725839614868164, 3.380777597427368, 3.3743388652801514, 3.365408182144165]
END
  Method: autoencoder-is
Namespace(dataset='mpqa', method='autoencoder-is', folds=10, save=True, inputrep='tfidf', out='/app/unsupervised-is/resources/outsel', datain='/app/unsupervised-is/resources/datasets', overwrite=1, inputdir='/app/unsupervised-is/resources/datasets/mpqa/tfidf/', splitdir='/app/unsupervised-is/resources/datasets/mpqa/splits/', outputdir='/app/unsupervised-is/resources/outsel/selection/mpqa/', filename='/app/unsupervised-is/resources/outsel/selection/mpqa//saida_autoencoder-is', start_time='05-06-2026 01:52:59')
/app/unsupervised-is/resources/datasets/mpqa/splits//split_10.pkl
Fold 0
[AE-IS] Using GPU: NVIDIA A100-SXM4-80GB
[AE-IS] Architecture: 2643 → 20 → 10 → 20 → 2643
[AE-IS] Training autoencoder on 9545 instances (2643 features) for up to 20 epochs …
  Epoch   1/20 — loss: 1.102861 (best: 1.102861)
  Epoch  10/20 — loss: 1.000926 (best: 1.000926)
  Epoch  20/20 — loss: 0.997307 (best: 0.995592)
[AE-IS] Training finished — best loss: 0.995592
[AE-IS] Reconstruction error stats — min: 0.000538, median: 0.759699, max: 6.300037
[AE-IS] Redundant instances: 3818, removing 2290 with beta=0.6
[AE-IS] Noise instances: 2864, removing 572 with theta=0.2
[AE-IS] Removed 2290 redundant + 572 noisy = 2862 total instances
[AE-IS] Kept 6683 / 9545 (reduction = 29.98%)
[8.084214687347412]
Fold 1
[AE-IS] Using GPU: NVIDIA A100-SXM4-80GB
[AE-IS] Architecture: 2647 → 20 → 10 → 20 → 2647
[AE-IS] Training autoencoder on 9545 instances (2647 features) for up to 20 epochs …
  Epoch   1/20 — loss: 1.111349 (best: 1.111349)
  Epoch  10/20 — loss: 1.000133 (best: 1.000133)
  Epoch  20/20 — loss: 1.000515 (best: 0.994729)
[AE-IS] Training finished — best loss: 0.994729
[AE-IS] Reconstruction error stats — min: 0.000537, median: 0.756873, max: 6.616143
[AE-IS] Redundant instances: 3818, removing 2290 with beta=0.6
[AE-IS] Noise instances: 2864, removing 572 with theta=0.2
[AE-IS] Removed 2290 redundant + 572 noisy = 2862 total instances
[AE-IS] Kept 6683 / 9545 (reduction = 29.98%)
[8.084214687347412, 6.696719646453857]
Fold 2
[AE-IS] Using GPU: NVIDIA A100-SXM4-80GB
[AE-IS] Architecture: 2653 → 20 → 10 → 20 → 2653
[AE-IS] Training autoencoder on 9545 instances (2653 features) for up to 20 epochs …
  Epoch   1/20 — loss: 1.105092 (best: 1.105092)
  Epoch  10/20 — loss: 0.999422 (best: 0.999190)
  Epoch  20/20 — loss: 0.995779 (best: 0.992550)
[AE-IS] Training finished — best loss: 0.992550
[AE-IS] Reconstruction error stats — min: 0.000541, median: 0.767361, max: 6.120600
[AE-IS] Redundant instances: 3814, removing 2288 with beta=0.6
[AE-IS] Noise instances: 2863, removing 572 with theta=0.2
[AE-IS] Removed 2288 redundant + 572 noisy = 2860 total instances
[AE-IS] Kept 6685 / 9545 (reduction = 29.96%)
[8.084214687347412, 6.696719646453857, 6.647288799285889]
Fold 3
[AE-IS] Using GPU: NVIDIA A100-SXM4-80GB
[AE-IS] Architecture: 2656 → 20 → 10 → 20 → 2656
[AE-IS] Training autoencoder on 9545 instances (2656 features) for up to 20 epochs …
  Epoch   1/20 — loss: 1.105094 (best: 1.105094)
  Epoch  10/20 — loss: 1.001076 (best: 0.999453)
  Epoch  20/20 — loss: 0.994282 (best: 0.994282)
[AE-IS] Training finished — best loss: 0.994282
[AE-IS] Reconstruction error stats — min: 0.000542, median: 0.758883, max: 5.925732
[AE-IS] Redundant instances: 3815, removing 2289 with beta=0.6
[AE-IS] Noise instances: 2864, removing 572 with theta=0.2
[AE-IS] Removed 2289 redundant + 572 noisy = 2861 total instances
[AE-IS] Kept 6684 / 9545 (reduction = 29.97%)
[8.084214687347412, 6.696719646453857, 6.647288799285889, 6.536479949951172]
Fold 4
[AE-IS] Using GPU: NVIDIA A100-SXM4-80GB
[AE-IS] Architecture: 2656 → 20 → 10 → 20 → 2656
[AE-IS] Training autoencoder on 9545 instances (2656 features) for up to 20 epochs …
  Epoch   1/20 — loss: 1.105163 (best: 1.105163)
  Epoch  10/20 — loss: 1.000810 (best: 0.999344)
  Epoch  20/20 — loss: 0.996241 (best: 0.994290)
[AE-IS] Training finished — best loss: 0.994290
[AE-IS] Reconstruction error stats — min: 0.000543, median: 0.766913, max: 6.402485
[AE-IS] Redundant instances: 3818, removing 2290 with beta=0.6
[AE-IS] Noise instances: 2864, removing 572 with theta=0.2
[AE-IS] Removed 2290 redundant + 572 noisy = 2862 total instances
[AE-IS] Kept 6683 / 9545 (reduction = 29.98%)
[8.084214687347412, 6.696719646453857, 6.647288799285889, 6.536479949951172, 6.554248571395874]
Fold 5
[AE-IS] Using GPU: NVIDIA A100-SXM4-80GB
[AE-IS] Architecture: 2656 → 20 → 10 → 20 → 2656
[AE-IS] Training autoencoder on 9545 instances (2656 features) for up to 20 epochs …
  Epoch   1/20 — loss: 1.108396 (best: 1.108396)
  Epoch  10/20 — loss: 1.009396 (best: 0.999219)
  Epoch  20/20 — loss: 0.997805 (best: 0.995811)
[AE-IS] Training finished — best loss: 0.995811
[AE-IS] Reconstruction error stats — min: 0.000536, median: 0.758943, max: 5.813392
[AE-IS] Redundant instances: 3818, removing 2290 with beta=0.6
[AE-IS] Noise instances: 2864, removing 572 with theta=0.2
[AE-IS] Removed 2290 redundant + 572 noisy = 2862 total instances
[AE-IS] Kept 6683 / 9545 (reduction = 29.98%)
[8.084214687347412, 6.696719646453857, 6.647288799285889, 6.536479949951172, 6.554248571395874, 6.513406038284302]
Fold 6
[AE-IS] Using GPU: NVIDIA A100-SXM4-80GB
[AE-IS] Architecture: 2639 → 20 → 10 → 20 → 2639
[AE-IS] Training autoencoder on 9546 instances (2639 features) for up to 20 epochs …
  Epoch   1/20 — loss: 1.109143 (best: 1.109143)
  Epoch  10/20 — loss: 1.005082 (best: 1.001481)
  Epoch  20/20 — loss: 0.996471 (best: 0.995182)
[AE-IS] Training finished — best loss: 0.995182
[AE-IS] Reconstruction error stats — min: 0.000540, median: 0.759479, max: 6.792852
[AE-IS] Redundant instances: 3817, removing 2290 with beta=0.6
[AE-IS] Noise instances: 2864, removing 572 with theta=0.2
[AE-IS] Removed 2290 redundant + 572 noisy = 2862 total instances
[AE-IS] Kept 6684 / 9546 (reduction = 29.98%)
[8.084214687347412, 6.696719646453857, 6.647288799285889, 6.536479949951172, 6.554248571395874, 6.513406038284302, 6.517165660858154]
Fold 7
[AE-IS] Using GPU: NVIDIA A100-SXM4-80GB
[AE-IS] Architecture: 2640 → 20 → 10 → 20 → 2640
[AE-IS] Training autoencoder on 9546 instances (2640 features) for up to 20 epochs …
  Epoch   1/20 — loss: 1.103224 (best: 1.103224)
  Epoch  10/20 — loss: 0.998805 (best: 0.998805)
  Epoch  20/20 — loss: 0.994972 (best: 0.994972)
[AE-IS] Training finished — best loss: 0.994972
[AE-IS] Reconstruction error stats — min: 0.000538, median: 0.749554, max: 6.283908
[AE-IS] Redundant instances: 3816, removing 2289 with beta=0.6
[AE-IS] Noise instances: 2864, removing 572 with theta=0.2
[AE-IS] Removed 2289 redundant + 572 noisy = 2861 total instances
[AE-IS] Kept 6685 / 9546 (reduction = 29.97%)
[8.084214687347412, 6.696719646453857, 6.647288799285889, 6.536479949951172, 6.554248571395874, 6.513406038284302, 6.517165660858154, 6.5792319774627686]
Fold 8
[AE-IS] Using GPU: NVIDIA A100-SXM4-80GB
[AE-IS] Architecture: 2636 → 20 → 10 → 20 → 2636
[AE-IS] Training autoencoder on 9546 instances (2636 features) for up to 20 epochs …
  Epoch   1/20 — loss: 1.100510 (best: 1.100510)
  Epoch  10/20 — loss: 1.002296 (best: 1.000883)
  Epoch  20/20 — loss: 0.998156 (best: 0.994094)
[AE-IS] Training finished — best loss: 0.994094
[AE-IS] Reconstruction error stats — min: 0.000543, median: 0.754045, max: 5.884281
[AE-IS] Redundant instances: 3817, removing 2290 with beta=0.6
[AE-IS] Noise instances: 2864, removing 572 with theta=0.2
[AE-IS] Removed 2290 redundant + 572 noisy = 2862 total instances
[AE-IS] Kept 6684 / 9546 (reduction = 29.98%)
[8.084214687347412, 6.696719646453857, 6.647288799285889, 6.536479949951172, 6.554248571395874, 6.513406038284302, 6.517165660858154, 6.5792319774627686, 6.849300146102905]
Fold 9
[AE-IS] Using GPU: NVIDIA A100-SXM4-80GB
[AE-IS] Architecture: 2686 → 20 → 10 → 20 → 2686
[AE-IS] Training autoencoder on 9546 instances (2686 features) for up to 20 epochs …
  Epoch   1/20 — loss: 1.104238 (best: 1.104238)
  Epoch  10/20 — loss: 1.001146 (best: 1.001146)
  Epoch  20/20 — loss: 0.994715 (best: 0.994715)
[AE-IS] Training finished — best loss: 0.994715
[AE-IS] Reconstruction error stats — min: 0.000537, median: 0.769627, max: 6.111305
[AE-IS] Redundant instances: 3818, removing 2290 with beta=0.6
[AE-IS] Noise instances: 2864, removing 572 with theta=0.2
[AE-IS] Removed 2290 redundant + 572 noisy = 2862 total instances
[AE-IS] Kept 6684 / 9546 (reduction = 29.98%)
[8.084214687347412, 6.696719646453857, 6.647288799285889, 6.536479949951172, 6.554248571395874, 6.513406038284302, 6.517165660858154, 6.5792319774627686, 6.849300146102905, 7.053439140319824]
END
  Method: gmm-is
Namespace(dataset='mpqa', method='gmm-is', folds=10, save=True, inputrep='tfidf', out='/app/unsupervised-is/resources/outsel', datain='/app/unsupervised-is/resources/datasets', overwrite=1, inputdir='/app/unsupervised-is/resources/datasets/mpqa/tfidf/', splitdir='/app/unsupervised-is/resources/datasets/mpqa/splits/', outputdir='/app/unsupervised-is/resources/outsel/selection/mpqa/', filename='/app/unsupervised-is/resources/outsel/selection/mpqa//saida_gmm-is', start_time='05-06-2026 01:54:11')
/app/unsupervised-is/resources/datasets/mpqa/splits//split_10.pkl
Fold 0
[GMM] Redundant instances: 3818, removing 2290 with beta=0.6
[GMM] Noise instances: 2864, removing 572 with theta=0.2
[GMM] Removed 2290 redundant + 572 noisy = 2862 total instances
[GMM] Kept 6683 / 9545 (reduction = 29.98%)
[3.4698984622955322]
Fold 1
[GMM] Redundant instances: 3817, removing 2290 with beta=0.6
[GMM] Noise instances: 2864, removing 572 with theta=0.2
[GMM] Removed 2290 redundant + 572 noisy = 2862 total instances
[GMM] Kept 6683 / 9545 (reduction = 29.98%)
[3.4698984622955322, 5.221815347671509]
Fold 2
[GMM] Redundant instances: 3817, removing 2290 with beta=0.6
[GMM] Noise instances: 2864, removing 572 with theta=0.2
[GMM] Removed 2290 redundant + 572 noisy = 2862 total instances
[GMM] Kept 6683 / 9545 (reduction = 29.98%)
[3.4698984622955322, 5.221815347671509, 4.032048225402832]
Fold 3
[GMM] Redundant instances: 3818, removing 2290 with beta=0.6
[GMM] Noise instances: 2864, removing 572 with theta=0.2
[GMM] Removed 2290 redundant + 572 noisy = 2862 total instances
[GMM] Kept 6683 / 9545 (reduction = 29.98%)
[3.4698984622955322, 5.221815347671509, 4.032048225402832, 4.602870225906372]
Fold 4
[GMM] Redundant instances: 3816, removing 2289 with beta=0.6
[GMM] Noise instances: 2863, removing 572 with theta=0.2
[GMM] Removed 2289 redundant + 572 noisy = 2861 total instances
[GMM] Kept 6684 / 9545 (reduction = 29.97%)
[3.4698984622955322, 5.221815347671509, 4.032048225402832, 4.602870225906372, 8.811793804168701]
Fold 5
[GMM] Redundant instances: 3815, removing 2289 with beta=0.6
[GMM] Noise instances: 2864, removing 572 with theta=0.2
[GMM] Removed 2289 redundant + 572 noisy = 2861 total instances
[GMM] Kept 6684 / 9545 (reduction = 29.97%)
[3.4698984622955322, 5.221815347671509, 4.032048225402832, 4.602870225906372, 8.811793804168701, 23.989343881607056]
Fold 6
[GMM] Redundant instances: 3816, removing 2289 with beta=0.6
[GMM] Noise instances: 2864, removing 572 with theta=0.2
[GMM] Removed 2289 redundant + 572 noisy = 2861 total instances
[GMM] Kept 6685 / 9546 (reduction = 29.97%)
[3.4698984622955322, 5.221815347671509, 4.032048225402832, 4.602870225906372, 8.811793804168701, 23.989343881607056, 20.575581073760986]
Fold 7
[GMM] Redundant instances: 3818, removing 2290 with beta=0.6
[GMM] Noise instances: 2864, removing 572 with theta=0.2
[GMM] Removed 2290 redundant + 572 noisy = 2862 total instances
[GMM] Kept 6684 / 9546 (reduction = 29.98%)
[3.4698984622955322, 5.221815347671509, 4.032048225402832, 4.602870225906372, 8.811793804168701, 23.989343881607056, 20.575581073760986, 13.102578401565552]
Fold 8
[GMM] Redundant instances: 3816, removing 2289 with beta=0.6
[GMM] Noise instances: 2864, removing 572 with theta=0.2
[GMM] Removed 2289 redundant + 572 noisy = 2861 total instances
[GMM] Kept 6685 / 9546 (reduction = 29.97%)
[3.4698984622955322, 5.221815347671509, 4.032048225402832, 4.602870225906372, 8.811793804168701, 23.989343881607056, 20.575581073760986, 13.102578401565552, 13.266850233078003]
Fold 9
[GMM] Redundant instances: 3817, removing 2290 with beta=0.6
[GMM] Noise instances: 2863, removing 572 with theta=0.2
[GMM] Removed 2290 redundant + 572 noisy = 2862 total instances
[GMM] Kept 6684 / 9546 (reduction = 29.98%)
[3.4698984622955322, 5.221815347671509, 4.032048225402832, 4.602870225906372, 8.811793804168701, 23.989343881607056, 20.575581073760986, 13.102578401565552, 13.266850233078003, 18.712639570236206]
END
  Method: adaptive-perplexity
Namespace(dataset='mpqa', method='adaptive-perplexity', folds=10, save=True, inputrep='tfidf', out='/app/unsupervised-is/resources/outsel', datain='/app/unsupervised-is/resources/datasets', overwrite=1, inputdir='/app/unsupervised-is/resources/datasets/mpqa/tfidf/', splitdir='/app/unsupervised-is/resources/datasets/mpqa/splits/', outputdir='/app/unsupervised-is/resources/outsel/selection/mpqa/', filename='/app/unsupervised-is/resources/outsel/selection/mpqa//saida_adaptive-perplexity', start_time='05-06-2026 01:56:11')
/app/unsupervised-is/resources/datasets/mpqa/splits//split_10.pkl
Fold 0
[Adaptive-IS] Step 1 — computing scores via 'perplexity' …
[PerplexityIS] Fitting LDA with 10 topics on 9545 instances …
[PerplexityIS] Perplexity stats — min: 2.7963, median: 5.3489, max: 10.0000
[PerplexityIS] Redundancy threshold (p0.0): 2.7963 → 0 candidates
[PerplexityIS] Noise threshold (p100.0): 10.0000 → 0 candidates
[PerplexityIS] Removed 0 redundant + 0 noisy = 0 total instances
[PerplexityIS] Kept 9545 / 9545 (reduction = 0.00%)
[Adaptive-IS] Score stats — min: 2.7963, median: 5.3489, max: 10.0000
[Adaptive-IS] Step 2 — estimating thresholds via 'gmm_boundary' …
[Adaptive-IS] Estimated params — low_percentile=21.3, high_percentile=86.1, beta=0.316, theta=0.133, imbalance_proxy=0.250
[Adaptive-IS] GMM component means: [4.230500408690125, 5.467095018416795, 9.999999999999998]
[Adaptive-IS] Step 3 — applying selection …
[Adaptive-IS] Redundant candidates: 2037, removing 643 (beta=0.316)
[Adaptive-IS] Noise candidates: 1327, removing 176 (theta=0.133)
[Adaptive-IS] Removed 819 instances — kept 8726 / 9545 (reduction = 8.58%)
[6.927176475524902]
Fold 1
[Adaptive-IS] Step 1 — computing scores via 'perplexity' …
[PerplexityIS] Fitting LDA with 10 topics on 9545 instances …
[PerplexityIS] Perplexity stats — min: 2.7308, median: 5.3489, max: 10.0000
[PerplexityIS] Redundancy threshold (p0.0): 2.7308 → 0 candidates
[PerplexityIS] Noise threshold (p100.0): 10.0000 → 0 candidates
[PerplexityIS] Removed 0 redundant + 0 noisy = 0 total instances
[PerplexityIS] Kept 9545 / 9545 (reduction = 0.00%)
[Adaptive-IS] Score stats — min: 2.7308, median: 5.3489, max: 10.0000
[Adaptive-IS] Step 2 — estimating thresholds via 'gmm_boundary' …
[Adaptive-IS] Estimated params — low_percentile=21.9, high_percentile=86.7, beta=0.324, theta=0.132, imbalance_proxy=0.251
[Adaptive-IS] GMM component means: [4.220176174842321, 5.459238837224398, 9.999999999999998]
[Adaptive-IS] Step 3 — applying selection …
[Adaptive-IS] Redundant candidates: 2090, removing 676 (beta=0.324)
[Adaptive-IS] Noise candidates: 1271, removing 167 (theta=0.132)
[Adaptive-IS] Removed 843 instances — kept 8702 / 9545 (reduction = 8.83%)
[6.927176475524902, 3.3567042350769043]
Fold 2
[Adaptive-IS] Step 1 — computing scores via 'perplexity' …
[PerplexityIS] Fitting LDA with 10 topics on 9545 instances …
[PerplexityIS] Perplexity stats — min: 2.8944, median: 5.3489, max: 10.0000
[PerplexityIS] Redundancy threshold (p0.0): 2.8944 → 0 candidates
[PerplexityIS] Noise threshold (p100.0): 10.0000 → 0 candidates
[PerplexityIS] Removed 0 redundant + 0 noisy = 0 total instances
[PerplexityIS] Kept 9545 / 9545 (reduction = 0.00%)
[Adaptive-IS] Score stats — min: 2.8944, median: 5.3489, max: 10.0000
[Adaptive-IS] Step 2 — estimating thresholds via 'gmm_boundary' …
[Adaptive-IS] Estimated params — low_percentile=21.7, high_percentile=86.6, beta=0.322, theta=0.129, imbalance_proxy=0.251
[Adaptive-IS] GMM component means: [4.226788565146377, 5.4648782096379565, 9.999999999999998]
[Adaptive-IS] Step 3 — applying selection …
[Adaptive-IS] Redundant candidates: 2076, removing 669 (beta=0.322)
[Adaptive-IS] Noise candidates: 1279, removing 164 (theta=0.129)
[Adaptive-IS] Removed 833 instances — kept 8712 / 9545 (reduction = 8.73%)
[6.927176475524902, 3.3567042350769043, 3.3648438453674316]
Fold 3
[Adaptive-IS] Step 1 — computing scores via 'perplexity' …
[PerplexityIS] Fitting LDA with 10 topics on 9545 instances …
[PerplexityIS] Perplexity stats — min: 2.7969, median: 5.3489, max: 10.0000
[PerplexityIS] Redundancy threshold (p0.0): 2.7969 → 0 candidates
[PerplexityIS] Noise threshold (p100.0): 10.0000 → 0 candidates
[PerplexityIS] Removed 0 redundant + 0 noisy = 0 total instances
[PerplexityIS] Kept 9545 / 9545 (reduction = 0.00%)
[Adaptive-IS] Score stats — min: 2.7969, median: 5.3489, max: 10.0000
[Adaptive-IS] Step 2 — estimating thresholds via 'gmm_boundary' …
[Adaptive-IS] Estimated params — low_percentile=21.5, high_percentile=86.6, beta=0.318, theta=0.129, imbalance_proxy=0.251
[Adaptive-IS] GMM component means: [4.226043920857795, 5.463670000949733, 9.999999999999998]
[Adaptive-IS] Step 3 — applying selection …
[Adaptive-IS] Redundant candidates: 2055, removing 653 (beta=0.318)
[Adaptive-IS] Noise candidates: 1279, removing 165 (theta=0.129)
[Adaptive-IS] Removed 818 instances — kept 8727 / 9545 (reduction = 8.57%)
[6.927176475524902, 3.3567042350769043, 3.3648438453674316, 3.290782928466797]
Fold 4
[Adaptive-IS] Step 1 — computing scores via 'perplexity' …
[PerplexityIS] Fitting LDA with 10 topics on 9545 instances …
[PerplexityIS] Perplexity stats — min: 2.7967, median: 5.3489, max: 10.0000
[PerplexityIS] Redundancy threshold (p0.0): 2.7967 → 0 candidates
[PerplexityIS] Noise threshold (p100.0): 10.0000 → 0 candidates
[PerplexityIS] Removed 0 redundant + 0 noisy = 0 total instances
[PerplexityIS] Kept 9545 / 9545 (reduction = 0.00%)
[Adaptive-IS] Score stats — min: 2.7967, median: 5.3489, max: 10.0000
[Adaptive-IS] Step 2 — estimating thresholds via 'gmm_boundary' …
[Adaptive-IS] Estimated params — low_percentile=21.1, high_percentile=86.5, beta=0.312, theta=0.131, imbalance_proxy=0.251
[Adaptive-IS] GMM component means: [4.220108705764872, 5.468424052333868, 9.999999999999998]
[Adaptive-IS] Step 3 — applying selection …
[Adaptive-IS] Redundant candidates: 2017, removing 629 (beta=0.312)
[Adaptive-IS] Noise candidates: 1291, removing 169 (theta=0.131)
[Adaptive-IS] Removed 798 instances — kept 8747 / 9545 (reduction = 8.36%)
[6.927176475524902, 3.3567042350769043, 3.3648438453674316, 3.290782928466797, 3.2956459522247314]
Fold 5
[Adaptive-IS] Step 1 — computing scores via 'perplexity' …
[PerplexityIS] Fitting LDA with 10 topics on 9545 instances …
[PerplexityIS] Perplexity stats — min: 2.8792, median: 5.3489, max: 10.0000
[PerplexityIS] Redundancy threshold (p0.0): 2.8792 → 0 candidates
[PerplexityIS] Noise threshold (p100.0): 10.0000 → 0 candidates
[PerplexityIS] Removed 0 redundant + 0 noisy = 0 total instances
[PerplexityIS] Kept 9545 / 9545 (reduction = 0.00%)
[Adaptive-IS] Score stats — min: 2.8792, median: 5.3489, max: 10.0000
[Adaptive-IS] Step 2 — estimating thresholds via 'gmm_boundary' …
[Adaptive-IS] Estimated params — low_percentile=21.1, high_percentile=86.5, beta=0.312, theta=0.130, imbalance_proxy=0.251
[Adaptive-IS] GMM component means: [4.2215655920929755, 5.466599999136983, 9.999999999999998]
[Adaptive-IS] Step 3 — applying selection …
[Adaptive-IS] Redundant candidates: 2018, removing 629 (beta=0.312)
[Adaptive-IS] Noise candidates: 1291, removing 168 (theta=0.130)
[Adaptive-IS] Removed 797 instances — kept 8748 / 9545 (reduction = 8.35%)
[6.927176475524902, 3.3567042350769043, 3.3648438453674316, 3.290782928466797, 3.2956459522247314, 3.351483106613159]
Fold 6
[Adaptive-IS] Step 1 — computing scores via 'perplexity' …
[PerplexityIS] Fitting LDA with 10 topics on 9546 instances …
[PerplexityIS] Perplexity stats — min: 2.5271, median: 5.3489, max: 10.0000
[PerplexityIS] Redundancy threshold (p0.0): 2.5271 → 0 candidates
[PerplexityIS] Noise threshold (p100.0): 10.0000 → 0 candidates
[PerplexityIS] Removed 0 redundant + 0 noisy = 0 total instances
[PerplexityIS] Kept 9546 / 9546 (reduction = 0.00%)
[Adaptive-IS] Score stats — min: 2.5271, median: 5.3489, max: 10.0000
[Adaptive-IS] Step 2 — estimating thresholds via 'gmm_boundary' …
[Adaptive-IS] Estimated params — low_percentile=21.4, high_percentile=86.4, beta=0.317, theta=0.134, imbalance_proxy=0.251
[Adaptive-IS] GMM component means: [4.232787711467587, 5.460271015433376, 9.999999999999998]
[Adaptive-IS] Step 3 — applying selection …
[Adaptive-IS] Redundant candidates: 2040, removing 646 (beta=0.317)
[Adaptive-IS] Noise candidates: 1299, removing 173 (theta=0.134)
[Adaptive-IS] Removed 819 instances — kept 8727 / 9546 (reduction = 8.58%)
[6.927176475524902, 3.3567042350769043, 3.3648438453674316, 3.290782928466797, 3.2956459522247314, 3.351483106613159, 3.429697275161743]
Fold 7
[Adaptive-IS] Step 1 — computing scores via 'perplexity' …
[PerplexityIS] Fitting LDA with 10 topics on 9546 instances …
[PerplexityIS] Perplexity stats — min: 2.8078, median: 5.3489, max: 10.0000
[PerplexityIS] Redundancy threshold (p0.0): 2.8078 → 0 candidates
[PerplexityIS] Noise threshold (p100.0): 10.0000 → 0 candidates
[PerplexityIS] Removed 0 redundant + 0 noisy = 0 total instances
[PerplexityIS] Kept 9546 / 9546 (reduction = 0.00%)
[Adaptive-IS] Score stats — min: 2.8078, median: 5.3489, max: 10.0000
[Adaptive-IS] Step 2 — estimating thresholds via 'gmm_boundary' …
[Adaptive-IS] Estimated params — low_percentile=21.3, high_percentile=86.5, beta=0.313, theta=0.130, imbalance_proxy=0.250
[Adaptive-IS] GMM component means: [4.231899010873473, 5.465420612502022, 9.999999999999998]
[Adaptive-IS] Step 3 — applying selection …
[Adaptive-IS] Redundant candidates: 2031, removing 635 (beta=0.313)
[Adaptive-IS] Noise candidates: 1288, removing 167 (theta=0.130)
[Adaptive-IS] Removed 802 instances — kept 8744 / 9546 (reduction = 8.40%)
[6.927176475524902, 3.3567042350769043, 3.3648438453674316, 3.290782928466797, 3.2956459522247314, 3.351483106613159, 3.429697275161743, 3.330963373184204]
Fold 8
[Adaptive-IS] Step 1 — computing scores via 'perplexity' …
[PerplexityIS] Fitting LDA with 10 topics on 9546 instances …
[PerplexityIS] Perplexity stats — min: 2.7965, median: 5.3489, max: 10.0000
[PerplexityIS] Redundancy threshold (p0.0): 2.7965 → 0 candidates
[PerplexityIS] Noise threshold (p100.0): 10.0000 → 0 candidates
[PerplexityIS] Removed 0 redundant + 0 noisy = 0 total instances
[PerplexityIS] Kept 9546 / 9546 (reduction = 0.00%)
[Adaptive-IS] Score stats — min: 2.7965, median: 5.3489, max: 10.0000
[Adaptive-IS] Step 2 — estimating thresholds via 'gmm_boundary' …
[Adaptive-IS] Estimated params — low_percentile=21.5, high_percentile=86.5, beta=0.318, theta=0.131, imbalance_proxy=0.251
[Adaptive-IS] GMM component means: [4.226814893115555, 5.465859977477921, 9.999999999999998]
[Adaptive-IS] Step 3 — applying selection …
[Adaptive-IS] Redundant candidates: 2053, removing 652 (beta=0.318)
[Adaptive-IS] Noise candidates: 1290, removing 168 (theta=0.131)
[Adaptive-IS] Removed 820 instances — kept 8726 / 9546 (reduction = 8.59%)
[6.927176475524902, 3.3567042350769043, 3.3648438453674316, 3.290782928466797, 3.2956459522247314, 3.351483106613159, 3.429697275161743, 3.330963373184204, 3.5746545791625977]
Fold 9
[Adaptive-IS] Step 1 — computing scores via 'perplexity' …
[PerplexityIS] Fitting LDA with 10 topics on 9546 instances …
[PerplexityIS] Perplexity stats — min: 2.4808, median: 5.3489, max: 10.0000
[PerplexityIS] Redundancy threshold (p0.0): 2.4808 → 0 candidates
[PerplexityIS] Noise threshold (p100.0): 10.0000 → 0 candidates
[PerplexityIS] Removed 0 redundant + 0 noisy = 0 total instances
[PerplexityIS] Kept 9546 / 9546 (reduction = 0.00%)
[Adaptive-IS] Score stats — min: 2.4808, median: 5.3489, max: 10.0000
[Adaptive-IS] Step 2 — estimating thresholds via 'gmm_boundary' …
[Adaptive-IS] Estimated params — low_percentile=22.0, high_percentile=87.0, beta=0.326, theta=0.127, imbalance_proxy=0.251
[Adaptive-IS] GMM component means: [4.227280527603654, 5.459968064509494, 9.999999999999998]
[Adaptive-IS] Step 3 — applying selection …
[Adaptive-IS] Redundant candidates: 2103, removing 684 (beta=0.326)
[Adaptive-IS] Noise candidates: 1242, removing 157 (theta=0.127)
[Adaptive-IS] Removed 841 instances — kept 8705 / 9546 (reduction = 8.81%)
[6.927176475524902, 3.3567042350769043, 3.3648438453674316, 3.290782928466797, 3.2956459522247314, 3.351483106613159, 3.429697275161743, 3.330963373184204, 3.5746545791625977, 3.4173197746276855]
END
  Method: adaptive-v2-perplexity
Namespace(dataset='mpqa', method='adaptive-v2-perplexity', folds=10, save=True, inputrep='tfidf', out='/app/unsupervised-is/resources/outsel', datain='/app/unsupervised-is/resources/datasets', overwrite=1, inputdir='/app/unsupervised-is/resources/datasets/mpqa/tfidf/', splitdir='/app/unsupervised-is/resources/datasets/mpqa/splits/', outputdir='/app/unsupervised-is/resources/outsel/selection/mpqa/', filename='/app/unsupervised-is/resources/outsel/selection/mpqa//saida_adaptive-v2-perplexity', start_time='05-06-2026 01:56:52')
/app/unsupervised-is/resources/datasets/mpqa/splits//split_10.pkl
Fold 0
[AdaptiveV2-IS] Step 1 — scoring via 'perplexity' …
[PerplexityIS] Fitting LDA with 10 topics on 9545 instances …
[PerplexityIS] Perplexity stats — min: 2.7963, median: 5.3489, max: 10.0000
[PerplexityIS] Redundancy threshold (p0.0): 2.7963 → 0 candidates
[PerplexityIS] Noise threshold (p100.0): 10.0000 → 0 candidates
[PerplexityIS] Removed 0 redundant + 0 noisy = 0 total instances
[PerplexityIS] Kept 9545 / 9545 (reduction = 0.00%)
[AdaptiveV2-IS] Score stats — min: 2.7963, p25: 5.3489, median: 5.3489, p75: 5.3495, max: 10.0000
[AdaptiveV2-IS] Step 2 — estimating params via quartile density …
[AdaptiveV2-IS] Quartile widths: Q1_frac=0.354, Q2_frac=0.000, total_range=7.2037
[AdaptiveV2-IS] Params: beta_q1=0.646, beta_q2=0.600, theta=0.225, imbalance_proxy=0.250
[AdaptiveV2-IS] Step 3 — applying quartile selection …
[AdaptiveV2-IS] Q1 (2413 instances): removing 1557 (beta_q1=0.646, uniform)
[AdaptiveV2-IS] Q2 (2362 instances): removing 1417 (beta_q2=0.600, uniform)
[AdaptiveV2-IS] Q4 (2384 instances): removing 536 (theta=0.225, weighted)
[AdaptiveV2-IS] Done — removed 3510 / 9545 (reduction = 36.77%)
[6.260455131530762]
Fold 1
[AdaptiveV2-IS] Step 1 — scoring via 'perplexity' …
[PerplexityIS] Fitting LDA with 10 topics on 9545 instances …
[PerplexityIS] Perplexity stats — min: 2.7308, median: 5.3489, max: 10.0000
[PerplexityIS] Redundancy threshold (p0.0): 2.7308 → 0 candidates
[PerplexityIS] Noise threshold (p100.0): 10.0000 → 0 candidates
[PerplexityIS] Removed 0 redundant + 0 noisy = 0 total instances
[PerplexityIS] Kept 9545 / 9545 (reduction = 0.00%)
[AdaptiveV2-IS] Score stats — min: 2.7308, p25: 5.3489, median: 5.3489, p75: 5.3492, max: 10.0000
[AdaptiveV2-IS] Step 2 — estimating params via quartile density …
[AdaptiveV2-IS] Quartile widths: Q1_frac=0.360, Q2_frac=0.000, total_range=7.2692
[AdaptiveV2-IS] Params: beta_q1=0.640, beta_q2=0.600, theta=0.225, imbalance_proxy=0.251
[AdaptiveV2-IS] Step 3 — applying quartile selection …
[AdaptiveV2-IS] Q1 (2464 instances): removing 1576 (beta_q1=0.640, uniform)
[AdaptiveV2-IS] Q2 (2309 instances): removing 1385 (beta_q2=0.600, uniform)
[AdaptiveV2-IS] Q4 (2385 instances): removing 535 (theta=0.225, weighted)
[AdaptiveV2-IS] Done — removed 3496 / 9545 (reduction = 36.63%)
[6.260455131530762, 3.312258243560791]
Fold 2
[AdaptiveV2-IS] Step 1 — scoring via 'perplexity' …
[PerplexityIS] Fitting LDA with 10 topics on 9545 instances …
[PerplexityIS] Perplexity stats — min: 2.8944, median: 5.3489, max: 10.0000
[PerplexityIS] Redundancy threshold (p0.0): 2.8944 → 0 candidates
[PerplexityIS] Noise threshold (p100.0): 10.0000 → 0 candidates
[PerplexityIS] Removed 0 redundant + 0 noisy = 0 total instances
[PerplexityIS] Kept 9545 / 9545 (reduction = 0.00%)
[AdaptiveV2-IS] Score stats — min: 2.8944, p25: 5.3489, median: 5.3489, p75: 5.3492, max: 10.0000
[AdaptiveV2-IS] Step 2 — estimating params via quartile density …
[AdaptiveV2-IS] Quartile widths: Q1_frac=0.345, Q2_frac=0.000, total_range=7.1056
[AdaptiveV2-IS] Params: beta_q1=0.655, beta_q2=0.600, theta=0.225, imbalance_proxy=0.251
[AdaptiveV2-IS] Step 3 — applying quartile selection …
[AdaptiveV2-IS] Q1 (2462 instances): removing 1611 (beta_q1=0.655, uniform)
[AdaptiveV2-IS] Q2 (2312 instances): removing 1387 (beta_q2=0.600, uniform)
[AdaptiveV2-IS] Q4 (2385 instances): removing 535 (theta=0.225, weighted)
[AdaptiveV2-IS] Done — removed 3533 / 9545 (reduction = 37.01%)
[6.260455131530762, 3.312258243560791, 3.380342483520508]
Fold 3
[AdaptiveV2-IS] Step 1 — scoring via 'perplexity' …
[PerplexityIS] Fitting LDA with 10 topics on 9545 instances …
[PerplexityIS] Perplexity stats — min: 2.7969, median: 5.3489, max: 10.0000
[PerplexityIS] Redundancy threshold (p0.0): 2.7969 → 0 candidates
[PerplexityIS] Noise threshold (p100.0): 10.0000 → 0 candidates
[PerplexityIS] Removed 0 redundant + 0 noisy = 0 total instances
[PerplexityIS] Kept 9545 / 9545 (reduction = 0.00%)
[AdaptiveV2-IS] Score stats — min: 2.7969, p25: 5.3489, median: 5.3489, p75: 5.3493, max: 10.0000
[AdaptiveV2-IS] Step 2 — estimating params via quartile density …
[AdaptiveV2-IS] Quartile widths: Q1_frac=0.354, Q2_frac=0.000, total_range=7.2031
[AdaptiveV2-IS] Params: beta_q1=0.646, beta_q2=0.600, theta=0.225, imbalance_proxy=0.251
[AdaptiveV2-IS] Step 3 — applying quartile selection …
[AdaptiveV2-IS] Q1 (2443 instances): removing 1577 (beta_q1=0.646, uniform)
[AdaptiveV2-IS] Q2 (2330 instances): removing 1398 (beta_q2=0.600, uniform)
[AdaptiveV2-IS] Q4 (2385 instances): removing 535 (theta=0.225, weighted)
[AdaptiveV2-IS] Done — removed 3510 / 9545 (reduction = 36.77%)
[6.260455131530762, 3.312258243560791, 3.380342483520508, 3.211440086364746]
Fold 4
[AdaptiveV2-IS] Step 1 — scoring via 'perplexity' …
[PerplexityIS] Fitting LDA with 10 topics on 9545 instances …
[PerplexityIS] Perplexity stats — min: 2.7967, median: 5.3489, max: 10.0000
[PerplexityIS] Redundancy threshold (p0.0): 2.7967 → 0 candidates
[PerplexityIS] Noise threshold (p100.0): 10.0000 → 0 candidates
[PerplexityIS] Removed 0 redundant + 0 noisy = 0 total instances
[PerplexityIS] Kept 9545 / 9545 (reduction = 0.00%)
[AdaptiveV2-IS] Score stats — min: 2.7967, p25: 5.3489, median: 5.3489, p75: 5.3615, max: 10.0000
[AdaptiveV2-IS] Step 2 — estimating params via quartile density …
[AdaptiveV2-IS] Quartile widths: Q1_frac=0.354, Q2_frac=0.000, total_range=7.2033
[AdaptiveV2-IS] Params: beta_q1=0.646, beta_q2=0.600, theta=0.225, imbalance_proxy=0.251
[AdaptiveV2-IS] Step 3 — applying quartile selection …
[AdaptiveV2-IS] Q1 (2415 instances): removing 1559 (beta_q1=0.646, uniform)
[AdaptiveV2-IS] Q2 (2372 instances): removing 1423 (beta_q2=0.600, uniform)
[AdaptiveV2-IS] Q4 (2386 instances): removing 536 (theta=0.225, weighted)
[AdaptiveV2-IS] Done — removed 3518 / 9545 (reduction = 36.86%)
[6.260455131530762, 3.312258243560791, 3.380342483520508, 3.211440086364746, 3.3174009323120117]
Fold 5
[AdaptiveV2-IS] Step 1 — scoring via 'perplexity' …
[PerplexityIS] Fitting LDA with 10 topics on 9545 instances …
[PerplexityIS] Perplexity stats — min: 2.8792, median: 5.3489, max: 10.0000
[PerplexityIS] Redundancy threshold (p0.0): 2.8792 → 0 candidates
[PerplexityIS] Noise threshold (p100.0): 10.0000 → 0 candidates
[PerplexityIS] Removed 0 redundant + 0 noisy = 0 total instances
[PerplexityIS] Kept 9545 / 9545 (reduction = 0.00%)
[AdaptiveV2-IS] Score stats — min: 2.8792, p25: 5.3489, median: 5.3489, p75: 5.3499, max: 10.0000
[AdaptiveV2-IS] Step 2 — estimating params via quartile density …
[AdaptiveV2-IS] Quartile widths: Q1_frac=0.347, Q2_frac=0.000, total_range=7.1208
[AdaptiveV2-IS] Params: beta_q1=0.653, beta_q2=0.600, theta=0.225, imbalance_proxy=0.251
[AdaptiveV2-IS] Step 3 — applying quartile selection …
[AdaptiveV2-IS] Q1 (2421 instances): removing 1581 (beta_q1=0.653, uniform)
[AdaptiveV2-IS] Q2 (2352 instances): removing 1411 (beta_q2=0.600, uniform)
[AdaptiveV2-IS] Q4 (2385 instances): removing 535 (theta=0.225, weighted)
[AdaptiveV2-IS] Done — removed 3527 / 9545 (reduction = 36.95%)
[6.260455131530762, 3.312258243560791, 3.380342483520508, 3.211440086364746, 3.3174009323120117, 3.2282066345214844]
Fold 6
[AdaptiveV2-IS] Step 1 — scoring via 'perplexity' …
[PerplexityIS] Fitting LDA with 10 topics on 9546 instances …
[PerplexityIS] Perplexity stats — min: 2.5271, median: 5.3489, max: 10.0000
[PerplexityIS] Redundancy threshold (p0.0): 2.5271 → 0 candidates
[PerplexityIS] Noise threshold (p100.0): 10.0000 → 0 candidates
[PerplexityIS] Removed 0 redundant + 0 noisy = 0 total instances
[PerplexityIS] Kept 9546 / 9546 (reduction = 0.00%)
[AdaptiveV2-IS] Score stats — min: 2.5271, p25: 5.3489, median: 5.3489, p75: 5.3494, max: 10.0000
[AdaptiveV2-IS] Step 2 — estimating params via quartile density …
[AdaptiveV2-IS] Quartile widths: Q1_frac=0.378, Q2_frac=0.000, total_range=7.4729
[AdaptiveV2-IS] Params: beta_q1=0.622, beta_q2=0.600, theta=0.225, imbalance_proxy=0.251
[AdaptiveV2-IS] Step 3 — applying quartile selection …
[AdaptiveV2-IS] Q1 (2436 instances): removing 1516 (beta_q1=0.622, uniform)
[AdaptiveV2-IS] Q2 (2360 instances): removing 1416 (beta_q2=0.600, uniform)
[AdaptiveV2-IS] Q4 (2386 instances): removing 536 (theta=0.225, weighted)
[AdaptiveV2-IS] Done — removed 3468 / 9546 (reduction = 36.33%)
[6.260455131530762, 3.312258243560791, 3.380342483520508, 3.211440086364746, 3.3174009323120117, 3.2282066345214844, 3.370602607727051]
Fold 7
[AdaptiveV2-IS] Step 1 — scoring via 'perplexity' …
[PerplexityIS] Fitting LDA with 10 topics on 9546 instances …
[PerplexityIS] Perplexity stats — min: 2.8078, median: 5.3489, max: 10.0000
[PerplexityIS] Redundancy threshold (p0.0): 2.8078 → 0 candidates
[PerplexityIS] Noise threshold (p100.0): 10.0000 → 0 candidates
[PerplexityIS] Removed 0 redundant + 0 noisy = 0 total instances
[PerplexityIS] Kept 9546 / 9546 (reduction = 0.00%)
[AdaptiveV2-IS] Score stats — min: 2.8078, p25: 5.3489, median: 5.3489, p75: 5.3497, max: 10.0000
[AdaptiveV2-IS] Step 2 — estimating params via quartile density …
[AdaptiveV2-IS] Quartile widths: Q1_frac=0.353, Q2_frac=0.000, total_range=7.1922
[AdaptiveV2-IS] Params: beta_q1=0.647, beta_q2=0.600, theta=0.225, imbalance_proxy=0.250
[AdaptiveV2-IS] Step 3 — applying quartile selection …
[AdaptiveV2-IS] Q1 (2414 instances): removing 1561 (beta_q1=0.647, uniform)
[AdaptiveV2-IS] Q2 (2363 instances): removing 1417 (beta_q2=0.600, uniform)
[AdaptiveV2-IS] Q4 (2387 instances): removing 536 (theta=0.225, weighted)
[AdaptiveV2-IS] Done — removed 3514 / 9546 (reduction = 36.81%)
[6.260455131530762, 3.312258243560791, 3.380342483520508, 3.211440086364746, 3.3174009323120117, 3.2282066345214844, 3.370602607727051, 3.3745570182800293]
Fold 8
[AdaptiveV2-IS] Step 1 — scoring via 'perplexity' …
[PerplexityIS] Fitting LDA with 10 topics on 9546 instances …
[PerplexityIS] Perplexity stats — min: 2.7965, median: 5.3489, max: 10.0000
[PerplexityIS] Redundancy threshold (p0.0): 2.7965 → 0 candidates
[PerplexityIS] Noise threshold (p100.0): 10.0000 → 0 candidates
[PerplexityIS] Removed 0 redundant + 0 noisy = 0 total instances
[PerplexityIS] Kept 9546 / 9546 (reduction = 0.00%)
[AdaptiveV2-IS] Score stats — min: 2.7965, p25: 5.3489, median: 5.3489, p75: 5.3494, max: 10.0000
[AdaptiveV2-IS] Step 2 — estimating params via quartile density …
[AdaptiveV2-IS] Quartile widths: Q1_frac=0.354, Q2_frac=0.000, total_range=7.2035
[AdaptiveV2-IS] Params: beta_q1=0.646, beta_q2=0.600, theta=0.225, imbalance_proxy=0.251
[AdaptiveV2-IS] Step 3 — applying quartile selection …
[AdaptiveV2-IS] Q1 (2443 instances): removing 1577 (beta_q1=0.646, uniform)
[AdaptiveV2-IS] Q2 (2331 instances): removing 1398 (beta_q2=0.600, uniform)
[AdaptiveV2-IS] Q4 (2387 instances): removing 536 (theta=0.225, weighted)
[AdaptiveV2-IS] Done — removed 3511 / 9546 (reduction = 36.78%)
[6.260455131530762, 3.312258243560791, 3.380342483520508, 3.211440086364746, 3.3174009323120117, 3.2282066345214844, 3.370602607727051, 3.3745570182800293, 3.2728676795959473]
Fold 9
[AdaptiveV2-IS] Step 1 — scoring via 'perplexity' …
[PerplexityIS] Fitting LDA with 10 topics on 9546 instances …
[PerplexityIS] Perplexity stats — min: 2.4808, median: 5.3489, max: 10.0000
[PerplexityIS] Redundancy threshold (p0.0): 2.4808 → 0 candidates
[PerplexityIS] Noise threshold (p100.0): 10.0000 → 0 candidates
[PerplexityIS] Removed 0 redundant + 0 noisy = 0 total instances
[PerplexityIS] Kept 9546 / 9546 (reduction = 0.00%)
[AdaptiveV2-IS] Score stats — min: 2.4808, p25: 5.3489, median: 5.3489, p75: 5.3492, max: 10.0000
[AdaptiveV2-IS] Step 2 — estimating params via quartile density …
[AdaptiveV2-IS] Quartile widths: Q1_frac=0.381, Q2_frac=0.000, total_range=7.5192
[AdaptiveV2-IS] Params: beta_q1=0.619, beta_q2=0.600, theta=0.225, imbalance_proxy=0.251
[AdaptiveV2-IS] Step 3 — applying quartile selection …
[AdaptiveV2-IS] Q1 (2470 instances): removing 1527 (beta_q1=0.619, uniform)
[AdaptiveV2-IS] Q2 (2303 instances): removing 1381 (beta_q2=0.600, uniform)
[AdaptiveV2-IS] Q4 (2387 instances): removing 536 (theta=0.225, weighted)
[AdaptiveV2-IS] Done — removed 3444 / 9546 (reduction = 36.08%)
[6.260455131530762, 3.312258243560791, 3.380342483520508, 3.211440086364746, 3.3174009323120117, 3.2282066345214844, 3.370602607727051, 3.3745570182800293, 3.2728676795959473, 3.336397886276245]
END
Dataset: trec
  Method: no-is
Namespace(dataset='trec', method='no-is', folds=10, save=True, inputrep='tfidf', out='/app/unsupervised-is/resources/outsel', datain='/app/unsupervised-is/resources/datasets', overwrite=1, inputdir='/app/unsupervised-is/resources/datasets/trec/tfidf/', splitdir='/app/unsupervised-is/resources/datasets/trec/splits/', outputdir='/app/unsupervised-is/resources/outsel/selection/trec/', filename='/app/unsupervised-is/resources/outsel/selection/trec//saida_no-is', start_time='05-06-2026 01:57:32')
/app/unsupervised-is/resources/datasets/trec/splits//split_10.pkl
Fold 0
[0.003017425537109375]
Fold 1
[0.003017425537109375, 0.002794981002807617]
Fold 2
[0.003017425537109375, 0.002794981002807617, 0.002799510955810547]
Fold 3
[0.003017425537109375, 0.002794981002807617, 0.002799510955810547, 0.0027680397033691406]
Fold 4
[0.003017425537109375, 0.002794981002807617, 0.002799510955810547, 0.0027680397033691406, 0.002771139144897461]
Fold 5
[0.003017425537109375, 0.002794981002807617, 0.002799510955810547, 0.0027680397033691406, 0.002771139144897461, 0.0027990341186523438]
Fold 6
[0.003017425537109375, 0.002794981002807617, 0.002799510955810547, 0.0027680397033691406, 0.002771139144897461, 0.0027990341186523438, 0.002788066864013672]
Fold 7
[0.003017425537109375, 0.002794981002807617, 0.002799510955810547, 0.0027680397033691406, 0.002771139144897461, 0.0027990341186523438, 0.002788066864013672, 0.002798318862915039]
Fold 8
[0.003017425537109375, 0.002794981002807617, 0.002799510955810547, 0.0027680397033691406, 0.002771139144897461, 0.0027990341186523438, 0.002788066864013672, 0.002798318862915039, 0.0027616024017333984]
Fold 9
[0.003017425537109375, 0.002794981002807617, 0.002799510955810547, 0.0027680397033691406, 0.002771139144897461, 0.0027990341186523438, 0.002788066864013672, 0.002798318862915039, 0.0027616024017333984, 0.0027663707733154297]
END
  Method: biois
Namespace(dataset='trec', method='biois', folds=10, save=True, inputrep='tfidf', out='/app/unsupervised-is/resources/outsel', datain='/app/unsupervised-is/resources/datasets', overwrite=1, inputdir='/app/unsupervised-is/resources/datasets/trec/tfidf/', splitdir='/app/unsupervised-is/resources/datasets/trec/splits/', outputdir='/app/unsupervised-is/resources/outsel/selection/trec/', filename='/app/unsupervised-is/resources/outsel/selection/trec//saida_biois', start_time='05-06-2026 01:57:36')
/app/unsupervised-is/resources/datasets/trec/splits//split_10.pkl
Fold 0
fitting_alpha_by_lr_default
LogisticRegression()
LogisticRegression()
LogisticRegression()
LogisticRegression()
LogisticRegression()
Micro: 0.6577669902912622
Macro: 0.661758193517494
identifyNoiseByLowerNNEntropy
[9.655986785888672]
Fold 1
fitting_alpha_by_lr_default
LogisticRegression()
LogisticRegression()
LogisticRegression()
LogisticRegression()
LogisticRegression()
Micro: 0.6588872292755787
Macro: 0.6653299494778611
identifyNoiseByLowerNNEntropy
[9.655986785888672, 7.498241901397705]
Fold 2
fitting_alpha_by_lr_default
LogisticRegression()
LogisticRegression()
LogisticRegression()
LogisticRegression()
LogisticRegression()
Micro: 0.6552174724659324
Macro: 0.6583761780865613
identifyNoiseByLowerNNEntropy
[9.655986785888672, 7.498241901397705, 7.9670569896698]
Fold 3
fitting_alpha_by_lr_default
LogisticRegression()
LogisticRegression()
LogisticRegression()
LogisticRegression()
LogisticRegression()
Micro: 0.6540974425984692
Macro: 0.6591745534899304
identifyNoiseByLowerNNEntropy
[9.655986785888672, 7.498241901397705, 7.9670569896698, 105.01216220855713]
Fold 4
fitting_alpha_by_lr_default
LogisticRegression()
LogisticRegression()
LogisticRegression()
LogisticRegression()
LogisticRegression()
Micro: 0.6511106962852343
Macro: 0.6579410734198105
identifyNoiseByLowerNNEntropy
[9.655986785888672, 7.498241901397705, 7.9670569896698, 105.01216220855713, 201.10800194740295]
Fold 5
fitting_alpha_by_lr_default
LogisticRegression()
LogisticRegression()
LogisticRegression()
LogisticRegression()
LogisticRegression()
Micro: 0.653910770953892
Macro: 0.6579420913201566
identifyNoiseByLowerNNEntropy
[9.655986785888672, 7.498241901397705, 7.9670569896698, 105.01216220855713, 201.10800194740295, 211.47208666801453]
Fold 6
fitting_alpha_by_lr_default
LogisticRegression()
LogisticRegression()
LogisticRegression()
LogisticRegression()
LogisticRegression()
Micro: 0.6559641590442412
Macro: 0.6608742372408363
identifyNoiseByLowerNNEntropy
[9.655986785888672, 7.498241901397705, 7.9670569896698, 105.01216220855713, 201.10800194740295, 211.47208666801453, 230.96776032447815]
Fold 7
fitting_alpha_by_lr_default
LogisticRegression()
LogisticRegression()
LogisticRegression()
LogisticRegression()
LogisticRegression()
Micro: 0.6624976666044428
Macro: 0.670293290171654
identifyNoiseByLowerNNEntropy
[9.655986785888672, 7.498241901397705, 7.9670569896698, 105.01216220855713, 201.10800194740295, 211.47208666801453, 230.96776032447815, 190.83675169944763]
Fold 8
fitting_alpha_by_lr_default
LogisticRegression()
LogisticRegression()
LogisticRegression()
LogisticRegression()
LogisticRegression()
Micro: 0.6596975919357849
Macro: 0.6620669029656666
identifyNoiseByLowerNNEntropy
[9.655986785888672, 7.498241901397705, 7.9670569896698, 105.01216220855713, 201.10800194740295, 211.47208666801453, 230.96776032447815, 190.83675169944763, 216.18077516555786]
Fold 9
fitting_alpha_by_lr_default
LogisticRegression()
LogisticRegression()
LogisticRegression()
LogisticRegression()
LogisticRegression()
Micro: 0.652790741086429
Macro: 0.6561271242261527
identifyNoiseByLowerNNEntropy
[9.655986785888672, 7.498241901397705, 7.9670569896698, 105.01216220855713, 201.10800194740295, 211.47208666801453, 230.96776032447815, 190.83675169944763, 216.18077516555786, 208.36745834350586]
END
  Method: perplexity-is
Namespace(dataset='trec', method='perplexity-is', folds=10, save=True, inputrep='tfidf', out='/app/unsupervised-is/resources/outsel', datain='/app/unsupervised-is/resources/datasets', overwrite=1, inputdir='/app/unsupervised-is/resources/datasets/trec/tfidf/', splitdir='/app/unsupervised-is/resources/datasets/trec/splits/', outputdir='/app/unsupervised-is/resources/outsel/selection/trec/', filename='/app/unsupervised-is/resources/outsel/selection/trec//saida_perplexity-is', start_time='05-06-2026 02:20:48')
/app/unsupervised-is/resources/datasets/trec/splits//split_10.pkl
Fold 0
[PerplexityIS] Fitting LDA with 10 topics on 5356 instances …
[PerplexityIS] Perplexity stats — min: 2.6449, median: 4.3914, max: 10.0000
[PerplexityIS] Redundancy threshold (p40): 3.9150 → 2142 candidates
[PerplexityIS] Redundant instances: 2142, removing 1285 with beta=0.6
[PerplexityIS] Noise threshold (p70): 4.9297 → 1607 candidates
[PerplexityIS] Noise instances: 1607, removing 321 with theta=0.2
[PerplexityIS] Removed 1285 redundant + 321 noisy = 1606 total instances
[PerplexityIS] Kept 3750 / 5356 (reduction = 29.99%)
[5.343669176101685]
Fold 1
[PerplexityIS] Fitting LDA with 10 topics on 5356 instances …
[PerplexityIS] Perplexity stats — min: 2.6479, median: 4.3925, max: 10.0000
[PerplexityIS] Redundancy threshold (p40): 3.9224 → 2142 candidates
[PerplexityIS] Redundant instances: 2142, removing 1285 with beta=0.6
[PerplexityIS] Noise threshold (p70): 5.0385 → 1607 candidates
[PerplexityIS] Noise instances: 1607, removing 321 with theta=0.2
[PerplexityIS] Removed 1285 redundant + 321 noisy = 1606 total instances
[PerplexityIS] Kept 3750 / 5356 (reduction = 29.99%)
[5.343669176101685, 2.7112321853637695]
Fold 2
[PerplexityIS] Fitting LDA with 10 topics on 5357 instances …
[PerplexityIS] Perplexity stats — min: 2.6690, median: 4.3915, max: 10.0000
[PerplexityIS] Redundancy threshold (p40): 3.9184 → 2143 candidates
[PerplexityIS] Redundant instances: 2143, removing 1285 with beta=0.6
[PerplexityIS] Noise threshold (p70): 4.9049 → 1607 candidates
[PerplexityIS] Noise instances: 1607, removing 321 with theta=0.2
[PerplexityIS] Removed 1285 redundant + 321 noisy = 1606 total instances
[PerplexityIS] Kept 3751 / 5357 (reduction = 29.98%)
[5.343669176101685, 2.7112321853637695, 2.740020513534546]
Fold 3
[PerplexityIS] Fitting LDA with 10 topics on 5357 instances …
[PerplexityIS] Perplexity stats — min: 2.6451, median: 4.3911, max: 10.0000
[PerplexityIS] Redundancy threshold (p40): 3.9093 → 2143 candidates
[PerplexityIS] Redundant instances: 2143, removing 1285 with beta=0.6
[PerplexityIS] Noise threshold (p70): 4.8481 → 1607 candidates
[PerplexityIS] Noise instances: 1607, removing 321 with theta=0.2
[PerplexityIS] Removed 1285 redundant + 321 noisy = 1606 total instances
[PerplexityIS] Kept 3751 / 5357 (reduction = 29.98%)
[5.343669176101685, 2.7112321853637695, 2.740020513534546, 2.6238839626312256]
Fold 4
[PerplexityIS] Fitting LDA with 10 topics on 5357 instances …
[PerplexityIS] Perplexity stats — min: 2.4874, median: 4.3930, max: 10.0000
[PerplexityIS] Redundancy threshold (p40): 3.9301 → 2143 candidates
[PerplexityIS] Redundant instances: 2143, removing 1285 with beta=0.6
[PerplexityIS] Noise threshold (p70): 5.0750 → 1607 candidates
[PerplexityIS] Noise instances: 1607, removing 321 with theta=0.2
[PerplexityIS] Removed 1285 redundant + 321 noisy = 1606 total instances
[PerplexityIS] Kept 3751 / 5357 (reduction = 29.98%)
[5.343669176101685, 2.7112321853637695, 2.740020513534546, 2.6238839626312256, 2.5820093154907227]
Fold 5
[PerplexityIS] Fitting LDA with 10 topics on 5357 instances …
[PerplexityIS] Perplexity stats — min: 2.5998, median: 4.3922, max: 10.0000
[PerplexityIS] Redundancy threshold (p40): 3.9262 → 2143 candidates
[PerplexityIS] Redundant instances: 2143, removing 1285 with beta=0.6
[PerplexityIS] Noise threshold (p70): 5.0287 → 1607 candidates
[PerplexityIS] Noise instances: 1607, removing 321 with theta=0.2
[PerplexityIS] Removed 1285 redundant + 321 noisy = 1606 total instances
[PerplexityIS] Kept 3751 / 5357 (reduction = 29.98%)
[5.343669176101685, 2.7112321853637695, 2.740020513534546, 2.6238839626312256, 2.5820093154907227, 2.604290246963501]
Fold 6
[PerplexityIS] Fitting LDA with 10 topics on 5357 instances …
[PerplexityIS] Perplexity stats — min: 2.6455, median: 4.3921, max: 10.0000
[PerplexityIS] Redundancy threshold (p40): 3.9263 → 2143 candidates
[PerplexityIS] Redundant instances: 2143, removing 1285 with beta=0.6
[PerplexityIS] Noise threshold (p70): 4.9801 → 1607 candidates
[PerplexityIS] Noise instances: 1607, removing 321 with theta=0.2
[PerplexityIS] Removed 1285 redundant + 321 noisy = 1606 total instances
[PerplexityIS] Kept 3751 / 5357 (reduction = 29.98%)
[5.343669176101685, 2.7112321853637695, 2.740020513534546, 2.6238839626312256, 2.5820093154907227, 2.604290246963501, 2.697540521621704]
Fold 7
[PerplexityIS] Fitting LDA with 10 topics on 5357 instances …
[PerplexityIS] Perplexity stats — min: 2.5403, median: 4.3913, max: 10.0000
[PerplexityIS] Redundancy threshold (p40): 3.9128 → 2143 candidates
[PerplexityIS] Redundant instances: 2143, removing 1285 with beta=0.6
[PerplexityIS] Noise threshold (p70): 4.8677 → 1607 candidates
[PerplexityIS] Noise instances: 1607, removing 321 with theta=0.2
[PerplexityIS] Removed 1285 redundant + 321 noisy = 1606 total instances
[PerplexityIS] Kept 3751 / 5357 (reduction = 29.98%)
[5.343669176101685, 2.7112321853637695, 2.740020513534546, 2.6238839626312256, 2.5820093154907227, 2.604290246963501, 2.697540521621704, 2.5863211154937744]
Fold 8
[PerplexityIS] Fitting LDA with 10 topics on 5357 instances …
[PerplexityIS] Perplexity stats — min: 2.6448, median: 4.3918, max: 10.0000
[PerplexityIS] Redundancy threshold (p40): 3.9186 → 2143 candidates
[PerplexityIS] Redundant instances: 2143, removing 1285 with beta=0.6
[PerplexityIS] Noise threshold (p70): 4.9723 → 1607 candidates
[PerplexityIS] Noise instances: 1607, removing 321 with theta=0.2
[PerplexityIS] Removed 1285 redundant + 321 noisy = 1606 total instances
[PerplexityIS] Kept 3751 / 5357 (reduction = 29.98%)
[5.343669176101685, 2.7112321853637695, 2.740020513534546, 2.6238839626312256, 2.5820093154907227, 2.604290246963501, 2.697540521621704, 2.5863211154937744, 2.607988119125366]
Fold 9
[PerplexityIS] Fitting LDA with 10 topics on 5357 instances …
[PerplexityIS] Perplexity stats — min: 2.4879, median: 4.3923, max: 10.0000
[PerplexityIS] Redundancy threshold (p40): 3.9283 → 2143 candidates
[PerplexityIS] Redundant instances: 2143, removing 1285 with beta=0.6
[PerplexityIS] Noise threshold (p70): 5.0293 → 1607 candidates
[PerplexityIS] Noise instances: 1607, removing 321 with theta=0.2
[PerplexityIS] Removed 1285 redundant + 321 noisy = 1606 total instances
[PerplexityIS] Kept 3751 / 5357 (reduction = 29.98%)
[5.343669176101685, 2.7112321853637695, 2.740020513534546, 2.6238839626312256, 2.5820093154907227, 2.604290246963501, 2.697540521621704, 2.5863211154937744, 2.607988119125366, 2.6160621643066406]
END
  Method: autoencoder-is
Namespace(dataset='trec', method='autoencoder-is', folds=10, save=True, inputrep='tfidf', out='/app/unsupervised-is/resources/outsel', datain='/app/unsupervised-is/resources/datasets', overwrite=1, inputdir='/app/unsupervised-is/resources/datasets/trec/tfidf/', splitdir='/app/unsupervised-is/resources/datasets/trec/splits/', outputdir='/app/unsupervised-is/resources/outsel/selection/trec/', filename='/app/unsupervised-is/resources/outsel/selection/trec//saida_autoencoder-is', start_time='05-06-2026 02:21:22')
/app/unsupervised-is/resources/datasets/trec/splits//split_10.pkl
Fold 0
[AE-IS] Using GPU: NVIDIA A100-SXM4-80GB
[AE-IS] Architecture: 3032 → 20 → 10 → 20 → 3032
[AE-IS] Training autoencoder on 5356 instances (3032 features) for up to 20 epochs …
  Epoch   1/20 — loss: 1.160499 (best: 1.160499)
  Epoch  10/20 — loss: 1.004895 (best: 1.004895)
  Epoch  20/20 — loss: 0.998087 (best: 0.998087)
[AE-IS] Training finished — best loss: 0.998087
[AE-IS] Reconstruction error stats — min: 0.001056, median: 0.949975, max: 3.978692
[AE-IS] Redundant instances: 2142, removing 1285 with beta=0.6
[AE-IS] Noise instances: 1607, removing 321 with theta=0.2
[AE-IS] Removed 1285 redundant + 321 noisy = 1606 total instances
[AE-IS] Kept 3750 / 5356 (reduction = 29.99%)
[7.828018426895142]
Fold 1
[AE-IS] Using GPU: NVIDIA A100-SXM4-80GB
[AE-IS] Architecture: 3003 → 20 → 10 → 20 → 3003
[AE-IS] Training autoencoder on 5356 instances (3003 features) for up to 20 epochs …
  Epoch   1/20 — loss: 1.156145 (best: 1.156145)
  Epoch  10/20 — loss: 1.005771 (best: 1.005771)
  Epoch  20/20 — loss: 0.997984 (best: 0.997984)
[AE-IS] Training finished — best loss: 0.997984
[AE-IS] Reconstruction error stats — min: 0.001065, median: 0.947190, max: 3.909070
[AE-IS] Redundant instances: 2142, removing 1285 with beta=0.6
[AE-IS] Noise instances: 1607, removing 321 with theta=0.2
[AE-IS] Removed 1285 redundant + 321 noisy = 1606 total instances
[AE-IS] Kept 3750 / 5356 (reduction = 29.99%)
[7.828018426895142, 3.744182825088501]
Fold 2
[AE-IS] Using GPU: NVIDIA A100-SXM4-80GB
[AE-IS] Architecture: 3040 → 20 → 10 → 20 → 3040
[AE-IS] Training autoencoder on 5357 instances (3040 features) for up to 20 epochs …
  Epoch   1/20 — loss: 1.173227 (best: 1.173227)
  Epoch  10/20 — loss: 1.005133 (best: 1.005133)
  Epoch  20/20 — loss: 0.998272 (best: 0.998272)
[AE-IS] Training finished — best loss: 0.998272
[AE-IS] Reconstruction error stats — min: 0.001053, median: 0.949321, max: 3.939246
[AE-IS] Redundant instances: 2143, removing 1285 with beta=0.6
[AE-IS] Noise instances: 1607, removing 321 with theta=0.2
[AE-IS] Removed 1285 redundant + 321 noisy = 1606 total instances
[AE-IS] Kept 3751 / 5357 (reduction = 29.98%)
[7.828018426895142, 3.744182825088501, 3.7448551654815674]
Fold 3
[AE-IS] Using GPU: NVIDIA A100-SXM4-80GB
[AE-IS] Architecture: 3019 → 20 → 10 → 20 → 3019
[AE-IS] Training autoencoder on 5357 instances (3019 features) for up to 20 epochs …
  Epoch   1/20 — loss: 1.159205 (best: 1.159205)
  Epoch  10/20 — loss: 1.005991 (best: 1.005991)
  Epoch  20/20 — loss: 0.997706 (best: 0.997458)
[AE-IS] Training finished — best loss: 0.997458
[AE-IS] Reconstruction error stats — min: 0.001066, median: 0.949975, max: 4.244887
[AE-IS] Redundant instances: 2143, removing 1285 with beta=0.6
[AE-IS] Noise instances: 1607, removing 321 with theta=0.2
[AE-IS] Removed 1285 redundant + 321 noisy = 1606 total instances
[AE-IS] Kept 3751 / 5357 (reduction = 29.98%)
[7.828018426895142, 3.744182825088501, 3.7448551654815674, 3.7075350284576416]
Fold 4
[AE-IS] Using GPU: NVIDIA A100-SXM4-80GB
[AE-IS] Architecture: 2997 → 20 → 10 → 20 → 2997
[AE-IS] Training autoencoder on 5357 instances (2997 features) for up to 20 epochs …
  Epoch   1/20 — loss: 1.157057 (best: 1.157057)
  Epoch  10/20 — loss: 1.005643 (best: 1.005643)
  Epoch  20/20 — loss: 0.997545 (best: 0.997545)
[AE-IS] Training finished — best loss: 0.997545
[AE-IS] Reconstruction error stats — min: 0.001058, median: 0.947940, max: 3.603751
[AE-IS] Redundant instances: 2143, removing 1285 with beta=0.6
[AE-IS] Noise instances: 1607, removing 321 with theta=0.2
[AE-IS] Removed 1285 redundant + 321 noisy = 1606 total instances
[AE-IS] Kept 3751 / 5357 (reduction = 29.98%)
[7.828018426895142, 3.744182825088501, 3.7448551654815674, 3.7075350284576416, 3.7384021282196045]
Fold 5
[AE-IS] Using GPU: NVIDIA A100-SXM4-80GB
[AE-IS] Architecture: 3034 → 20 → 10 → 20 → 3034
[AE-IS] Training autoencoder on 5357 instances (3034 features) for up to 20 epochs …
  Epoch   1/20 — loss: 1.160172 (best: 1.160172)
  Epoch  10/20 — loss: 1.005378 (best: 1.005378)
  Epoch  20/20 — loss: 0.998517 (best: 0.998517)
[AE-IS] Training finished — best loss: 0.998517
[AE-IS] Reconstruction error stats — min: 0.001051, median: 0.956108, max: 3.946962
[AE-IS] Redundant instances: 2142, removing 1285 with beta=0.6
[AE-IS] Noise instances: 1607, removing 321 with theta=0.2
[AE-IS] Removed 1285 redundant + 321 noisy = 1606 total instances
[AE-IS] Kept 3751 / 5357 (reduction = 29.98%)
[7.828018426895142, 3.744182825088501, 3.7448551654815674, 3.7075350284576416, 3.7384021282196045, 3.7218782901763916]
Fold 6
[AE-IS] Using GPU: NVIDIA A100-SXM4-80GB
[AE-IS] Architecture: 3029 → 20 → 10 → 20 → 3029
[AE-IS] Training autoencoder on 5357 instances (3029 features) for up to 20 epochs …
  Epoch   1/20 — loss: 1.157217 (best: 1.157217)
  Epoch  10/20 — loss: 1.005539 (best: 1.005539)
  Epoch  20/20 — loss: 0.998294 (best: 0.998294)
[AE-IS] Training finished — best loss: 0.998294
[AE-IS] Reconstruction error stats — min: 0.001051, median: 0.957974, max: 3.967992
[AE-IS] Redundant instances: 2143, removing 1285 with beta=0.6
[AE-IS] Noise instances: 1607, removing 321 with theta=0.2
[AE-IS] Removed 1285 redundant + 321 noisy = 1606 total instances
[AE-IS] Kept 3751 / 5357 (reduction = 29.98%)
[7.828018426895142, 3.744182825088501, 3.7448551654815674, 3.7075350284576416, 3.7384021282196045, 3.7218782901763916, 3.814284086227417]
Fold 7
[AE-IS] Using GPU: NVIDIA A100-SXM4-80GB
[AE-IS] Architecture: 3032 → 20 → 10 → 20 → 3032
[AE-IS] Training autoencoder on 5357 instances (3032 features) for up to 20 epochs …
  Epoch   1/20 — loss: 1.160374 (best: 1.160374)
  Epoch  10/20 — loss: 1.004964 (best: 1.004964)
  Epoch  20/20 — loss: 0.997579 (best: 0.997579)
[AE-IS] Training finished — best loss: 0.997579
[AE-IS] Reconstruction error stats — min: 0.001056, median: 0.944886, max: 3.775273
[AE-IS] Redundant instances: 2143, removing 1285 with beta=0.6
[AE-IS] Noise instances: 1607, removing 321 with theta=0.2
[AE-IS] Removed 1285 redundant + 321 noisy = 1606 total instances
[AE-IS] Kept 3751 / 5357 (reduction = 29.98%)
[7.828018426895142, 3.744182825088501, 3.7448551654815674, 3.7075350284576416, 3.7384021282196045, 3.7218782901763916, 3.814284086227417, 3.7325663566589355]
Fold 8
[AE-IS] Using GPU: NVIDIA A100-SXM4-80GB
[AE-IS] Architecture: 3021 → 20 → 10 → 20 → 3021
[AE-IS] Training autoencoder on 5357 instances (3021 features) for up to 20 epochs …
  Epoch   1/20 — loss: 1.170761 (best: 1.170761)
  Epoch  10/20 — loss: 1.004778 (best: 1.004778)
  Epoch  20/20 — loss: 0.997596 (best: 0.997596)
[AE-IS] Training finished — best loss: 0.997596
[AE-IS] Reconstruction error stats — min: 0.001052, median: 0.956517, max: 3.412900
[AE-IS] Redundant instances: 2143, removing 1285 with beta=0.6
[AE-IS] Noise instances: 1607, removing 321 with theta=0.2
[AE-IS] Removed 1285 redundant + 321 noisy = 1606 total instances
[AE-IS] Kept 3751 / 5357 (reduction = 29.98%)
[7.828018426895142, 3.744182825088501, 3.7448551654815674, 3.7075350284576416, 3.7384021282196045, 3.7218782901763916, 3.814284086227417, 3.7325663566589355, 3.722137689590454]
Fold 9
[AE-IS] Using GPU: NVIDIA A100-SXM4-80GB
[AE-IS] Architecture: 3010 → 20 → 10 → 20 → 3010
[AE-IS] Training autoencoder on 5357 instances (3010 features) for up to 20 epochs …
  Epoch   1/20 — loss: 1.164613 (best: 1.164613)
  Epoch  10/20 — loss: 1.005562 (best: 1.005562)
  Epoch  20/20 — loss: 0.998237 (best: 0.998237)
[AE-IS] Training finished — best loss: 0.998237
[AE-IS] Reconstruction error stats — min: 0.001060, median: 0.947710, max: 3.776912
[AE-IS] Redundant instances: 2143, removing 1285 with beta=0.6
[AE-IS] Noise instances: 1607, removing 321 with theta=0.2
[AE-IS] Removed 1285 redundant + 321 noisy = 1606 total instances
[AE-IS] Kept 3751 / 5357 (reduction = 29.98%)
[7.828018426895142, 3.744182825088501, 3.7448551654815674, 3.7075350284576416, 3.7384021282196045, 3.7218782901763916, 3.814284086227417, 3.7325663566589355, 3.722137689590454, 3.7318434715270996]
END
  Method: gmm-is
Namespace(dataset='trec', method='gmm-is', folds=10, save=True, inputrep='tfidf', out='/app/unsupervised-is/resources/outsel', datain='/app/unsupervised-is/resources/datasets', overwrite=1, inputdir='/app/unsupervised-is/resources/datasets/trec/tfidf/', splitdir='/app/unsupervised-is/resources/datasets/trec/splits/', outputdir='/app/unsupervised-is/resources/outsel/selection/trec/', filename='/app/unsupervised-is/resources/outsel/selection/trec//saida_gmm-is', start_time='05-06-2026 02:22:09')
/app/unsupervised-is/resources/datasets/trec/splits//split_10.pkl
Fold 0
[GMM] Redundant instances: 2142, removing 1285 with beta=0.6
[GMM] Noise instances: 1607, removing 321 with theta=0.2
[GMM] Removed 1285 redundant + 321 noisy = 1606 total instances
[GMM] Kept 3750 / 5356 (reduction = 29.99%)
[3.1637191772460938]
Fold 1
[GMM] Redundant instances: 2142, removing 1285 with beta=0.6
[GMM] Noise instances: 1607, removing 321 with theta=0.2
[GMM] Removed 1285 redundant + 321 noisy = 1606 total instances
[GMM] Kept 3750 / 5356 (reduction = 29.99%)
[3.1637191772460938, 3.3214573860168457]
Fold 2
[GMM] Redundant instances: 2143, removing 1285 with beta=0.6
[GMM] Noise instances: 1605, removing 321 with theta=0.2
[GMM] Removed 1285 redundant + 321 noisy = 1606 total instances
[GMM] Kept 3751 / 5357 (reduction = 29.98%)
[3.1637191772460938, 3.3214573860168457, 3.3181040287017822]
Fold 3
[GMM] Redundant instances: 2143, removing 1285 with beta=0.6
[GMM] Noise instances: 1607, removing 321 with theta=0.2
[GMM] Removed 1285 redundant + 321 noisy = 1606 total instances
[GMM] Kept 3751 / 5357 (reduction = 29.98%)
[3.1637191772460938, 3.3214573860168457, 3.3181040287017822, 3.4962985515594482]
Fold 4
[GMM] Redundant instances: 2143, removing 1285 with beta=0.6
[GMM] Noise instances: 1607, removing 321 with theta=0.2
[GMM] Removed 1285 redundant + 321 noisy = 1606 total instances
[GMM] Kept 3751 / 5357 (reduction = 29.98%)
[3.1637191772460938, 3.3214573860168457, 3.3181040287017822, 3.4962985515594482, 3.1204380989074707]
Fold 5
[GMM] Redundant instances: 2143, removing 1285 with beta=0.6
[GMM] Noise instances: 1607, removing 321 with theta=0.2
[GMM] Removed 1285 redundant + 321 noisy = 1606 total instances
[GMM] Kept 3751 / 5357 (reduction = 29.98%)
[3.1637191772460938, 3.3214573860168457, 3.3181040287017822, 3.4962985515594482, 3.1204380989074707, 10.629257202148438]
Fold 6
[GMM] Redundant instances: 2143, removing 1285 with beta=0.6
[GMM] Noise instances: 1607, removing 321 with theta=0.2
[GMM] Removed 1285 redundant + 321 noisy = 1606 total instances
[GMM] Kept 3751 / 5357 (reduction = 29.98%)
[3.1637191772460938, 3.3214573860168457, 3.3181040287017822, 3.4962985515594482, 3.1204380989074707, 10.629257202148438, 10.789392471313477]
Fold 7
[GMM] Redundant instances: 2143, removing 1285 with beta=0.6
[GMM] Noise instances: 1607, removing 321 with theta=0.2
[GMM] Removed 1285 redundant + 321 noisy = 1606 total instances
[GMM] Kept 3751 / 5357 (reduction = 29.98%)
[3.1637191772460938, 3.3214573860168457, 3.3181040287017822, 3.4962985515594482, 3.1204380989074707, 10.629257202148438, 10.789392471313477, 9.778448820114136]
Fold 8
[GMM] Redundant instances: 2143, removing 1285 with beta=0.6
[GMM] Noise instances: 1607, removing 321 with theta=0.2
[GMM] Removed 1285 redundant + 321 noisy = 1606 total instances
[GMM] Kept 3751 / 5357 (reduction = 29.98%)
[3.1637191772460938, 3.3214573860168457, 3.3181040287017822, 3.4962985515594482, 3.1204380989074707, 10.629257202148438, 10.789392471313477, 9.778448820114136, 9.210407495498657]
Fold 9
[GMM] Redundant instances: 2143, removing 1285 with beta=0.6
[GMM] Noise instances: 1607, removing 321 with theta=0.2
[GMM] Removed 1285 redundant + 321 noisy = 1606 total instances
[GMM] Kept 3751 / 5357 (reduction = 29.98%)
[3.1637191772460938, 3.3214573860168457, 3.3181040287017822, 3.4962985515594482, 3.1204380989074707, 10.629257202148438, 10.789392471313477, 9.778448820114136, 9.210407495498657, 8.270994424819946]
END
  Method: adaptive-perplexity
Namespace(dataset='trec', method='adaptive-perplexity', folds=10, save=True, inputrep='tfidf', out='/app/unsupervised-is/resources/outsel', datain='/app/unsupervised-is/resources/datasets', overwrite=1, inputdir='/app/unsupervised-is/resources/datasets/trec/tfidf/', splitdir='/app/unsupervised-is/resources/datasets/trec/splits/', outputdir='/app/unsupervised-is/resources/outsel/selection/trec/', filename='/app/unsupervised-is/resources/outsel/selection/trec//saida_adaptive-perplexity', start_time='05-06-2026 02:23:18')
/app/unsupervised-is/resources/datasets/trec/splits//split_10.pkl
Fold 0
[Adaptive-IS] Step 1 — computing scores via 'perplexity' …
[PerplexityIS] Fitting LDA with 10 topics on 5356 instances …
[PerplexityIS] Perplexity stats — min: 2.6449, median: 4.3914, max: 10.0000
[PerplexityIS] Redundancy threshold (p0.0): 2.6449 → 0 candidates
[PerplexityIS] Noise threshold (p100.0): 10.0000 → 0 candidates
[PerplexityIS] Removed 0 redundant + 0 noisy = 0 total instances
[PerplexityIS] Kept 5356 / 5356 (reduction = 0.00%)
[Adaptive-IS] Score stats — min: 2.6449, median: 4.3914, max: 10.0000
[Adaptive-IS] Step 2 — estimating thresholds via 'gmm_boundary' …
[Adaptive-IS] Estimated params — low_percentile=68.6, high_percentile=94.0, beta=0.600, theta=0.057, imbalance_proxy=0.306
[Adaptive-IS] GMM component means: [3.8610079701141973, 5.344981401840818, 9.999999999999998]
[Adaptive-IS] Step 3 — applying selection …
[Adaptive-IS] Redundant candidates: 3673, removing 2203 (beta=0.600)
[Adaptive-IS] Noise candidates: 322, removing 18 (theta=0.057)
[Adaptive-IS] Removed 2221 instances — kept 3135 / 5356 (reduction = 41.47%)
[5.566251277923584]
Fold 1
[Adaptive-IS] Step 1 — computing scores via 'perplexity' …
[PerplexityIS] Fitting LDA with 10 topics on 5356 instances …
[PerplexityIS] Perplexity stats — min: 2.6479, median: 4.3925, max: 10.0000
[PerplexityIS] Redundancy threshold (p0.0): 2.6479 → 0 candidates
[PerplexityIS] Noise threshold (p100.0): 10.0000 → 0 candidates
[PerplexityIS] Removed 0 redundant + 0 noisy = 0 total instances
[PerplexityIS] Kept 5356 / 5356 (reduction = 0.00%)
[Adaptive-IS] Score stats — min: 2.6479, median: 4.3925, max: 10.0000
[Adaptive-IS] Step 2 — estimating thresholds via 'gmm_boundary' …
[Adaptive-IS] Estimated params — low_percentile=67.4, high_percentile=93.8, beta=0.600, theta=0.058, imbalance_proxy=0.306
[Adaptive-IS] GMM component means: [3.868135782928264, 5.357060222637189, 9.999999999999998]
[Adaptive-IS] Step 3 — applying selection …
[Adaptive-IS] Redundant candidates: 3610, removing 2166 (beta=0.600)
[Adaptive-IS] Noise candidates: 334, removing 19 (theta=0.058)
[Adaptive-IS] Removed 2185 instances — kept 3171 / 5356 (reduction = 40.80%)
[5.566251277923584, 2.7125909328460693]
Fold 2
[Adaptive-IS] Step 1 — computing scores via 'perplexity' …
[PerplexityIS] Fitting LDA with 10 topics on 5357 instances …
[PerplexityIS] Perplexity stats — min: 2.6690, median: 4.3915, max: 10.0000
[PerplexityIS] Redundancy threshold (p0.0): 2.6690 → 0 candidates
[PerplexityIS] Noise threshold (p100.0): 10.0000 → 0 candidates
[PerplexityIS] Removed 0 redundant + 0 noisy = 0 total instances
[PerplexityIS] Kept 5357 / 5357 (reduction = 0.00%)
[Adaptive-IS] Score stats — min: 2.6690, median: 4.3915, max: 10.0000
[Adaptive-IS] Step 2 — estimating thresholds via 'gmm_boundary' …
[Adaptive-IS] Estimated params — low_percentile=69.0, high_percentile=93.9, beta=0.600, theta=0.058, imbalance_proxy=0.306
[Adaptive-IS] GMM component means: [3.8714084826560975, 5.331532950807607, 9.999999999999998]
[Adaptive-IS] Step 3 — applying selection …
[Adaptive-IS] Redundant candidates: 3696, removing 2217 (beta=0.600)
[Adaptive-IS] Noise candidates: 327, removing 18 (theta=0.058)
[Adaptive-IS] Removed 2235 instances — kept 3122 / 5357 (reduction = 41.72%)
[5.566251277923584, 2.7125909328460693, 2.7002573013305664]
Fold 3
[Adaptive-IS] Step 1 — computing scores via 'perplexity' …
[PerplexityIS] Fitting LDA with 10 topics on 5357 instances …
[PerplexityIS] Perplexity stats — min: 2.6451, median: 4.3911, max: 10.0000
[PerplexityIS] Redundancy threshold (p0.0): 2.6451 → 0 candidates
[PerplexityIS] Noise threshold (p100.0): 10.0000 → 0 candidates
[PerplexityIS] Removed 0 redundant + 0 noisy = 0 total instances
[PerplexityIS] Kept 5357 / 5357 (reduction = 0.00%)
[Adaptive-IS] Score stats — min: 2.6451, median: 4.3911, max: 10.0000
[Adaptive-IS] Step 2 — estimating thresholds via 'gmm_boundary' …
[Adaptive-IS] Estimated params — low_percentile=69.8, high_percentile=94.0, beta=0.600, theta=0.057, imbalance_proxy=0.306
[Adaptive-IS] GMM component means: [3.8525332226473483, 5.333421568124168, 9.999999999999998]
[Adaptive-IS] Step 3 — applying selection …
[Adaptive-IS] Redundant candidates: 3740, removing 2244 (beta=0.600)
[Adaptive-IS] Noise candidates: 323, removing 18 (theta=0.057)
[Adaptive-IS] Removed 2262 instances — kept 3095 / 5357 (reduction = 42.23%)
[5.566251277923584, 2.7125909328460693, 2.7002573013305664, 2.708878755569458]
Fold 4
[Adaptive-IS] Step 1 — computing scores via 'perplexity' …
[PerplexityIS] Fitting LDA with 10 topics on 5357 instances …
[PerplexityIS] Perplexity stats — min: 2.4874, median: 4.3930, max: 10.0000
[PerplexityIS] Redundancy threshold (p0.0): 2.4874 → 0 candidates
[PerplexityIS] Noise threshold (p100.0): 10.0000 → 0 candidates
[PerplexityIS] Removed 0 redundant + 0 noisy = 0 total instances
[PerplexityIS] Kept 5357 / 5357 (reduction = 0.00%)
[Adaptive-IS] Score stats — min: 2.4874, median: 4.3930, max: 10.0000
[Adaptive-IS] Step 2 — estimating thresholds via 'gmm_boundary' …
[Adaptive-IS] Estimated params — low_percentile=66.8, high_percentile=93.6, beta=0.600, theta=0.059, imbalance_proxy=0.306
[Adaptive-IS] GMM component means: [3.873274652729868, 5.36481181741049, 9.999999999999998]
[Adaptive-IS] Step 3 — applying selection …
[Adaptive-IS] Redundant candidates: 3577, removing 2146 (beta=0.600)
[Adaptive-IS] Noise candidates: 344, removing 20 (theta=0.059)
[Adaptive-IS] Removed 2166 instances — kept 3191 / 5357 (reduction = 40.43%)
[5.566251277923584, 2.7125909328460693, 2.7002573013305664, 2.708878755569458, 2.689361333847046]
Fold 5
[Adaptive-IS] Step 1 — computing scores via 'perplexity' …
[PerplexityIS] Fitting LDA with 10 topics on 5357 instances …
[PerplexityIS] Perplexity stats — min: 2.5998, median: 4.3922, max: 10.0000
[PerplexityIS] Redundancy threshold (p0.0): 2.5998 → 0 candidates
[PerplexityIS] Noise threshold (p100.0): 10.0000 → 0 candidates
[PerplexityIS] Removed 0 redundant + 0 noisy = 0 total instances
[PerplexityIS] Kept 5357 / 5357 (reduction = 0.00%)
[Adaptive-IS] Score stats — min: 2.5998, median: 4.3922, max: 10.0000
[Adaptive-IS] Step 2 — estimating thresholds via 'gmm_boundary' …
[Adaptive-IS] Estimated params — low_percentile=67.3, high_percentile=94.0, beta=0.600, theta=0.056, imbalance_proxy=0.306
[Adaptive-IS] GMM component means: [3.8677897692941494, 5.359340540504026, 9.999999999999998]
[Adaptive-IS] Step 3 — applying selection …
[Adaptive-IS] Redundant candidates: 3606, removing 2163 (beta=0.600)
[Adaptive-IS] Noise candidates: 322, removing 18 (theta=0.056)
[Adaptive-IS] Removed 2181 instances — kept 3176 / 5357 (reduction = 40.71%)
[5.566251277923584, 2.7125909328460693, 2.7002573013305664, 2.708878755569458, 2.689361333847046, 2.637667655944824]
Fold 6
[Adaptive-IS] Step 1 — computing scores via 'perplexity' …
[PerplexityIS] Fitting LDA with 10 topics on 5357 instances …
[PerplexityIS] Perplexity stats — min: 2.6455, median: 4.3921, max: 10.0000
[PerplexityIS] Redundancy threshold (p0.0): 2.6455 → 0 candidates
[PerplexityIS] Noise threshold (p100.0): 10.0000 → 0 candidates
[PerplexityIS] Removed 0 redundant + 0 noisy = 0 total instances
[PerplexityIS] Kept 5357 / 5357 (reduction = 0.00%)
[Adaptive-IS] Score stats — min: 2.6455, median: 4.3921, max: 10.0000
[Adaptive-IS] Step 2 — estimating thresholds via 'gmm_boundary' …
[Adaptive-IS] Estimated params — low_percentile=67.6, high_percentile=93.9, beta=0.600, theta=0.056, imbalance_proxy=0.305
[Adaptive-IS] GMM component means: [3.867157313135955, 5.334712307713541, 9.999999999999998]
[Adaptive-IS] Step 3 — applying selection …
[Adaptive-IS] Redundant candidates: 3619, removing 2171 (beta=0.600)
[Adaptive-IS] Noise candidates: 325, removing 18 (theta=0.056)
[Adaptive-IS] Removed 2189 instances — kept 3168 / 5357 (reduction = 40.86%)
[5.566251277923584, 2.7125909328460693, 2.7002573013305664, 2.708878755569458, 2.689361333847046, 2.637667655944824, 2.7346630096435547]
Fold 7
[Adaptive-IS] Step 1 — computing scores via 'perplexity' …
[PerplexityIS] Fitting LDA with 10 topics on 5357 instances …
[PerplexityIS] Perplexity stats — min: 2.5403, median: 4.3913, max: 10.0000
[PerplexityIS] Redundancy threshold (p0.0): 2.5403 → 0 candidates
[PerplexityIS] Noise threshold (p100.0): 10.0000 → 0 candidates
[PerplexityIS] Removed 0 redundant + 0 noisy = 0 total instances
[PerplexityIS] Kept 5357 / 5357 (reduction = 0.00%)
[Adaptive-IS] Score stats — min: 2.5403, median: 4.3913, max: 10.0000
[Adaptive-IS] Step 2 — estimating thresholds via 'gmm_boundary' …
[Adaptive-IS] Estimated params — low_percentile=69.7, high_percentile=94.1, beta=0.600, theta=0.056, imbalance_proxy=0.306
[Adaptive-IS] GMM component means: [3.86612975618516, 5.346969103775131, 9.999999999999998]
[Adaptive-IS] Step 3 — applying selection …
[Adaptive-IS] Redundant candidates: 3735, removing 2241 (beta=0.600)
[Adaptive-IS] Noise candidates: 315, removing 17 (theta=0.056)
[Adaptive-IS] Removed 2258 instances — kept 3099 / 5357 (reduction = 42.15%)
[5.566251277923584, 2.7125909328460693, 2.7002573013305664, 2.708878755569458, 2.689361333847046, 2.637667655944824, 2.7346630096435547, 2.6127872467041016]
Fold 8
[Adaptive-IS] Step 1 — computing scores via 'perplexity' …
[PerplexityIS] Fitting LDA with 10 topics on 5357 instances …
[PerplexityIS] Perplexity stats — min: 2.6448, median: 4.3918, max: 10.0000
[PerplexityIS] Redundancy threshold (p0.0): 2.6448 → 0 candidates
[PerplexityIS] Noise threshold (p100.0): 10.0000 → 0 candidates
[PerplexityIS] Removed 0 redundant + 0 noisy = 0 total instances
[PerplexityIS] Kept 5357 / 5357 (reduction = 0.00%)
[Adaptive-IS] Score stats — min: 2.6448, median: 4.3918, max: 10.0000
[Adaptive-IS] Step 2 — estimating thresholds via 'gmm_boundary' …
[Adaptive-IS] Estimated params — low_percentile=67.8, high_percentile=93.8, beta=0.600, theta=0.057, imbalance_proxy=0.306
[Adaptive-IS] GMM component means: [3.8674755914567664, 5.35546343041238, 9.999999999999998]
[Adaptive-IS] Step 3 — applying selection …
[Adaptive-IS] Redundant candidates: 3633, removing 2179 (beta=0.600)
[Adaptive-IS] Noise candidates: 333, removing 18 (theta=0.057)
[Adaptive-IS] Removed 2197 instances — kept 3160 / 5357 (reduction = 41.01%)
[5.566251277923584, 2.7125909328460693, 2.7002573013305664, 2.708878755569458, 2.689361333847046, 2.637667655944824, 2.7346630096435547, 2.6127872467041016, 2.8092634677886963]
Fold 9
[Adaptive-IS] Step 1 — computing scores via 'perplexity' …
[PerplexityIS] Fitting LDA with 10 topics on 5357 instances …
[PerplexityIS] Perplexity stats — min: 2.4879, median: 4.3923, max: 10.0000
[PerplexityIS] Redundancy threshold (p0.0): 2.4879 → 0 candidates
[PerplexityIS] Noise threshold (p100.0): 10.0000 → 0 candidates
[PerplexityIS] Removed 0 redundant + 0 noisy = 0 total instances
[PerplexityIS] Kept 5357 / 5357 (reduction = 0.00%)
[Adaptive-IS] Score stats — min: 2.4879, median: 4.3923, max: 10.0000
[Adaptive-IS] Step 2 — estimating thresholds via 'gmm_boundary' …
[Adaptive-IS] Estimated params — low_percentile=66.7, high_percentile=93.8, beta=0.600, theta=0.057, imbalance_proxy=0.305
[Adaptive-IS] GMM component means: [3.868064939473379, 5.347592127345946, 9.999999999999998]
[Adaptive-IS] Step 3 — applying selection …
[Adaptive-IS] Redundant candidates: 3572, removing 2143 (beta=0.600)
[Adaptive-IS] Noise candidates: 334, removing 19 (theta=0.057)
[Adaptive-IS] Removed 2162 instances — kept 3195 / 5357 (reduction = 40.36%)
[5.566251277923584, 2.7125909328460693, 2.7002573013305664, 2.708878755569458, 2.689361333847046, 2.637667655944824, 2.7346630096435547, 2.6127872467041016, 2.8092634677886963, 2.7630465030670166]
END
  Method: adaptive-v2-perplexity
Namespace(dataset='trec', method='adaptive-v2-perplexity', folds=10, save=True, inputrep='tfidf', out='/app/unsupervised-is/resources/outsel', datain='/app/unsupervised-is/resources/datasets', overwrite=1, inputdir='/app/unsupervised-is/resources/datasets/trec/tfidf/', splitdir='/app/unsupervised-is/resources/datasets/trec/splits/', outputdir='/app/unsupervised-is/resources/outsel/selection/trec/', filename='/app/unsupervised-is/resources/outsel/selection/trec//saida_adaptive-v2-perplexity', start_time='05-06-2026 02:23:52')
/app/unsupervised-is/resources/datasets/trec/splits//split_10.pkl
Fold 0
[AdaptiveV2-IS] Step 1 — scoring via 'perplexity' …
[PerplexityIS] Fitting LDA with 10 topics on 5356 instances …
[PerplexityIS] Perplexity stats — min: 2.6449, median: 4.3914, max: 10.0000
[PerplexityIS] Redundancy threshold (p0.0): 2.6449 → 0 candidates
[PerplexityIS] Noise threshold (p100.0): 10.0000 → 0 candidates
[PerplexityIS] Removed 0 redundant + 0 noisy = 0 total instances
[PerplexityIS] Kept 5356 / 5356 (reduction = 0.00%)
[AdaptiveV2-IS] Score stats — min: 2.6449, p25: 3.6055, median: 4.3914, p75: 5.2743, max: 10.0000
[AdaptiveV2-IS] Step 2 — estimating params via quartile density …
[AdaptiveV2-IS] Quartile widths: Q1_frac=0.131, Q2_frac=0.107, total_range=7.3551
[AdaptiveV2-IS] Params: beta_q1=0.700, beta_q2=0.600, theta=0.208, imbalance_proxy=0.306
[AdaptiveV2-IS] Step 3 — applying quartile selection …
[AdaptiveV2-IS] Q1 (1339 instances): removing 937 (beta_q1=0.700, uniform)
[AdaptiveV2-IS] Q2 (1339 instances): removing 803 (beta_q2=0.600, uniform)
[AdaptiveV2-IS] Q4 (1339 instances): removing 278 (theta=0.208, weighted)
[AdaptiveV2-IS] Done — removed 2018 / 5356 (reduction = 37.68%)
[5.453614711761475]
Fold 1
[AdaptiveV2-IS] Step 1 — scoring via 'perplexity' …
[PerplexityIS] Fitting LDA with 10 topics on 5356 instances …
[PerplexityIS] Perplexity stats — min: 2.6479, median: 4.3925, max: 10.0000
[PerplexityIS] Redundancy threshold (p0.0): 2.6479 → 0 candidates
[PerplexityIS] Noise threshold (p100.0): 10.0000 → 0 candidates
[PerplexityIS] Removed 0 redundant + 0 noisy = 0 total instances
[PerplexityIS] Kept 5356 / 5356 (reduction = 0.00%)
[AdaptiveV2-IS] Score stats — min: 2.6479, p25: 3.6223, median: 4.3925, p75: 5.3489, max: 10.0000
[AdaptiveV2-IS] Step 2 — estimating params via quartile density …
[AdaptiveV2-IS] Quartile widths: Q1_frac=0.133, Q2_frac=0.105, total_range=7.3521
[AdaptiveV2-IS] Params: beta_q1=0.700, beta_q2=0.600, theta=0.208, imbalance_proxy=0.306
[AdaptiveV2-IS] Step 3 — applying quartile selection …
[AdaptiveV2-IS] Q1 (1339 instances): removing 937 (beta_q1=0.700, uniform)
[AdaptiveV2-IS] Q2 (1339 instances): removing 803 (beta_q2=0.600, uniform)
[AdaptiveV2-IS] Q4 (1335 instances): removing 278 (theta=0.208, weighted)
[AdaptiveV2-IS] Done — removed 2018 / 5356 (reduction = 37.68%)
[5.453614711761475, 2.7343077659606934]
Fold 2
[AdaptiveV2-IS] Step 1 — scoring via 'perplexity' …
[PerplexityIS] Fitting LDA with 10 topics on 5357 instances …
[PerplexityIS] Perplexity stats — min: 2.6690, median: 4.3915, max: 10.0000
[PerplexityIS] Redundancy threshold (p0.0): 2.6690 → 0 candidates
[PerplexityIS] Noise threshold (p100.0): 10.0000 → 0 candidates
[PerplexityIS] Removed 0 redundant + 0 noisy = 0 total instances
[PerplexityIS] Kept 5357 / 5357 (reduction = 0.00%)
[AdaptiveV2-IS] Score stats — min: 2.6690, p25: 3.6009, median: 4.3915, p75: 5.2265, max: 10.0000
[AdaptiveV2-IS] Step 2 — estimating params via quartile density …
[AdaptiveV2-IS] Quartile widths: Q1_frac=0.127, Q2_frac=0.108, total_range=7.3310
[AdaptiveV2-IS] Params: beta_q1=0.700, beta_q2=0.600, theta=0.208, imbalance_proxy=0.306
[AdaptiveV2-IS] Step 3 — applying quartile selection …
[AdaptiveV2-IS] Q1 (1340 instances): removing 937 (beta_q1=0.700, uniform)
[AdaptiveV2-IS] Q2 (1339 instances): removing 803 (beta_q2=0.600, uniform)
[AdaptiveV2-IS] Q4 (1339 instances): removing 278 (theta=0.208, weighted)
[AdaptiveV2-IS] Done — removed 2018 / 5357 (reduction = 37.67%)
[5.453614711761475, 2.7343077659606934, 2.6375668048858643]
Fold 3
[AdaptiveV2-IS] Step 1 — scoring via 'perplexity' …
[PerplexityIS] Fitting LDA with 10 topics on 5357 instances …
[PerplexityIS] Perplexity stats — min: 2.6451, median: 4.3911, max: 10.0000
[PerplexityIS] Redundancy threshold (p0.0): 2.6451 → 0 candidates
[PerplexityIS] Noise threshold (p100.0): 10.0000 → 0 candidates
[PerplexityIS] Removed 0 redundant + 0 noisy = 0 total instances
[PerplexityIS] Kept 5357 / 5357 (reduction = 0.00%)
[AdaptiveV2-IS] Score stats — min: 2.6451, p25: 3.5942, median: 4.3911, p75: 5.1879, max: 10.0000
[AdaptiveV2-IS] Step 2 — estimating params via quartile density …
[AdaptiveV2-IS] Quartile widths: Q1_frac=0.129, Q2_frac=0.108, total_range=7.3549
[AdaptiveV2-IS] Params: beta_q1=0.700, beta_q2=0.600, theta=0.208, imbalance_proxy=0.306
[AdaptiveV2-IS] Step 3 — applying quartile selection …
[AdaptiveV2-IS] Q1 (1340 instances): removing 937 (beta_q1=0.700, uniform)
[AdaptiveV2-IS] Q2 (1339 instances): removing 803 (beta_q2=0.600, uniform)
[AdaptiveV2-IS] Q4 (1339 instances): removing 278 (theta=0.208, weighted)
[AdaptiveV2-IS] Done — removed 2018 / 5357 (reduction = 37.67%)
[5.453614711761475, 2.7343077659606934, 2.6375668048858643, 2.6478919982910156]
Fold 4
[AdaptiveV2-IS] Step 1 — scoring via 'perplexity' …
[PerplexityIS] Fitting LDA with 10 topics on 5357 instances …
[PerplexityIS] Perplexity stats — min: 2.4874, median: 4.3930, max: 10.0000
[PerplexityIS] Redundancy threshold (p0.0): 2.4874 → 0 candidates
[PerplexityIS] Noise threshold (p100.0): 10.0000 → 0 candidates
[PerplexityIS] Removed 0 redundant + 0 noisy = 0 total instances
[PerplexityIS] Kept 5357 / 5357 (reduction = 0.00%)
[AdaptiveV2-IS] Score stats — min: 2.4874, p25: 3.6182, median: 4.3930, p75: 5.3489, max: 10.0000
[AdaptiveV2-IS] Step 2 — estimating params via quartile density …
[AdaptiveV2-IS] Quartile widths: Q1_frac=0.151, Q2_frac=0.103, total_range=7.5126
[AdaptiveV2-IS] Params: beta_q1=0.700, beta_q2=0.600, theta=0.208, imbalance_proxy=0.306
[AdaptiveV2-IS] Step 3 — applying quartile selection …
[AdaptiveV2-IS] Q1 (1340 instances): removing 937 (beta_q1=0.700, uniform)
[AdaptiveV2-IS] Q2 (1339 instances): removing 803 (beta_q2=0.600, uniform)
[AdaptiveV2-IS] Q4 (1339 instances): removing 278 (theta=0.208, weighted)
[AdaptiveV2-IS] Done — removed 2018 / 5357 (reduction = 37.67%)
[5.453614711761475, 2.7343077659606934, 2.6375668048858643, 2.6478919982910156, 2.6859190464019775]
Fold 5
[AdaptiveV2-IS] Step 1 — scoring via 'perplexity' …
[PerplexityIS] Fitting LDA with 10 topics on 5357 instances …
[PerplexityIS] Perplexity stats — min: 2.5998, median: 4.3922, max: 10.0000
[PerplexityIS] Redundancy threshold (p0.0): 2.5998 → 0 candidates
[PerplexityIS] Noise threshold (p100.0): 10.0000 → 0 candidates
[PerplexityIS] Removed 0 redundant + 0 noisy = 0 total instances
[PerplexityIS] Kept 5357 / 5357 (reduction = 0.00%)
[AdaptiveV2-IS] Score stats — min: 2.5998, p25: 3.6117, median: 4.3922, p75: 5.3489, max: 10.0000
[AdaptiveV2-IS] Step 2 — estimating params via quartile density …
[AdaptiveV2-IS] Quartile widths: Q1_frac=0.137, Q2_frac=0.105, total_range=7.4002
[AdaptiveV2-IS] Params: beta_q1=0.700, beta_q2=0.600, theta=0.208, imbalance_proxy=0.306
[AdaptiveV2-IS] Step 3 — applying quartile selection …
[AdaptiveV2-IS] Q1 (1340 instances): removing 937 (beta_q1=0.700, uniform)
[AdaptiveV2-IS] Q2 (1339 instances): removing 803 (beta_q2=0.600, uniform)
[AdaptiveV2-IS] Q4 (1329 instances): removing 276 (theta=0.208, weighted)
[AdaptiveV2-IS] Done — removed 2016 / 5357 (reduction = 37.63%)
[5.453614711761475, 2.7343077659606934, 2.6375668048858643, 2.6478919982910156, 2.6859190464019775, 2.6298532485961914]
Fold 6
[AdaptiveV2-IS] Step 1 — scoring via 'perplexity' …
[PerplexityIS] Fitting LDA with 10 topics on 5357 instances …
[PerplexityIS] Perplexity stats — min: 2.6455, median: 4.3921, max: 10.0000
[PerplexityIS] Redundancy threshold (p0.0): 2.6455 → 0 candidates
[PerplexityIS] Noise threshold (p100.0): 10.0000 → 0 candidates
[PerplexityIS] Removed 0 redundant + 0 noisy = 0 total instances
[PerplexityIS] Kept 5357 / 5357 (reduction = 0.00%)
[AdaptiveV2-IS] Score stats — min: 2.6455, p25: 3.6246, median: 4.3921, p75: 5.3266, max: 10.0000
[AdaptiveV2-IS] Step 2 — estimating params via quartile density …
[AdaptiveV2-IS] Quartile widths: Q1_frac=0.133, Q2_frac=0.104, total_range=7.3545
[AdaptiveV2-IS] Params: beta_q1=0.700, beta_q2=0.600, theta=0.208, imbalance_proxy=0.305
[AdaptiveV2-IS] Step 3 — applying quartile selection …
[AdaptiveV2-IS] Q1 (1340 instances): removing 937 (beta_q1=0.700, uniform)
[AdaptiveV2-IS] Q2 (1339 instances): removing 803 (beta_q2=0.600, uniform)
[AdaptiveV2-IS] Q4 (1339 instances): removing 279 (theta=0.208, weighted)
[AdaptiveV2-IS] Done — removed 2019 / 5357 (reduction = 37.69%)
[5.453614711761475, 2.7343077659606934, 2.6375668048858643, 2.6478919982910156, 2.6859190464019775, 2.6298532485961914, 2.689768075942993]
Fold 7
[AdaptiveV2-IS] Step 1 — scoring via 'perplexity' …
[PerplexityIS] Fitting LDA with 10 topics on 5357 instances …
[PerplexityIS] Perplexity stats — min: 2.5403, median: 4.3913, max: 10.0000
[PerplexityIS] Redundancy threshold (p0.0): 2.5403 → 0 candidates
[PerplexityIS] Noise threshold (p100.0): 10.0000 → 0 candidates
[PerplexityIS] Removed 0 redundant + 0 noisy = 0 total instances
[PerplexityIS] Kept 5357 / 5357 (reduction = 0.00%)
[AdaptiveV2-IS] Score stats — min: 2.5403, p25: 3.5981, median: 4.3913, p75: 5.2105, max: 10.0000
[AdaptiveV2-IS] Step 2 — estimating params via quartile density …
[AdaptiveV2-IS] Quartile widths: Q1_frac=0.142, Q2_frac=0.106, total_range=7.4597
[AdaptiveV2-IS] Params: beta_q1=0.700, beta_q2=0.600, theta=0.208, imbalance_proxy=0.306
[AdaptiveV2-IS] Step 3 — applying quartile selection …
[AdaptiveV2-IS] Q1 (1340 instances): removing 937 (beta_q1=0.700, uniform)
[AdaptiveV2-IS] Q2 (1339 instances): removing 803 (beta_q2=0.600, uniform)
[AdaptiveV2-IS] Q4 (1339 instances): removing 278 (theta=0.208, weighted)
[AdaptiveV2-IS] Done — removed 2018 / 5357 (reduction = 37.67%)
[5.453614711761475, 2.7343077659606934, 2.6375668048858643, 2.6478919982910156, 2.6859190464019775, 2.6298532485961914, 2.689768075942993, 2.6666862964630127]
Fold 8
[AdaptiveV2-IS] Step 1 — scoring via 'perplexity' …
[PerplexityIS] Fitting LDA with 10 topics on 5357 instances …
[PerplexityIS] Perplexity stats — min: 2.6448, median: 4.3918, max: 10.0000
[PerplexityIS] Redundancy threshold (p0.0): 2.6448 → 0 candidates
[PerplexityIS] Noise threshold (p100.0): 10.0000 → 0 candidates
[PerplexityIS] Removed 0 redundant + 0 noisy = 0 total instances
[PerplexityIS] Kept 5357 / 5357 (reduction = 0.00%)
[AdaptiveV2-IS] Score stats — min: 2.6448, p25: 3.6110, median: 4.3918, p75: 5.3315, max: 10.0000
[AdaptiveV2-IS] Step 2 — estimating params via quartile density …
[AdaptiveV2-IS] Quartile widths: Q1_frac=0.131, Q2_frac=0.106, total_range=7.3552
[AdaptiveV2-IS] Params: beta_q1=0.700, beta_q2=0.600, theta=0.208, imbalance_proxy=0.306
[AdaptiveV2-IS] Step 3 — applying quartile selection …
[AdaptiveV2-IS] Q1 (1340 instances): removing 937 (beta_q1=0.700, uniform)
[AdaptiveV2-IS] Q2 (1340 instances): removing 804 (beta_q2=0.600, uniform)
[AdaptiveV2-IS] Q4 (1339 instances): removing 278 (theta=0.208, weighted)
[AdaptiveV2-IS] Done — removed 2019 / 5357 (reduction = 37.69%)
[5.453614711761475, 2.7343077659606934, 2.6375668048858643, 2.6478919982910156, 2.6859190464019775, 2.6298532485961914, 2.689768075942993, 2.6666862964630127, 2.6246163845062256]
Fold 9
[AdaptiveV2-IS] Step 1 — scoring via 'perplexity' …
[PerplexityIS] Fitting LDA with 10 topics on 5357 instances …
[PerplexityIS] Perplexity stats — min: 2.4879, median: 4.3923, max: 10.0000
[PerplexityIS] Redundancy threshold (p0.0): 2.4879 → 0 candidates
[PerplexityIS] Noise threshold (p100.0): 10.0000 → 0 candidates
[PerplexityIS] Removed 0 redundant + 0 noisy = 0 total instances
[PerplexityIS] Kept 5357 / 5357 (reduction = 0.00%)
[AdaptiveV2-IS] Score stats — min: 2.4879, p25: 3.6170, median: 4.3923, p75: 5.3489, max: 10.0000
[AdaptiveV2-IS] Step 2 — estimating params via quartile density …
[AdaptiveV2-IS] Quartile widths: Q1_frac=0.150, Q2_frac=0.103, total_range=7.5121
[AdaptiveV2-IS] Params: beta_q1=0.700, beta_q2=0.600, theta=0.208, imbalance_proxy=0.305
[AdaptiveV2-IS] Step 3 — applying quartile selection …
[AdaptiveV2-IS] Q1 (1340 instances): removing 937 (beta_q1=0.700, uniform)
[AdaptiveV2-IS] Q2 (1339 instances): removing 803 (beta_q2=0.600, uniform)
[AdaptiveV2-IS] Q4 (1322 instances): removing 275 (theta=0.208, weighted)
[AdaptiveV2-IS] Done — removed 2015 / 5357 (reduction = 37.61%)
[5.453614711761475, 2.7343077659606934, 2.6375668048858643, 2.6478919982910156, 2.6859190464019775, 2.6298532485961914, 2.689768075942993, 2.6666862964630127, 2.6246163845062256, 2.639011859893799]
END
Dataset: sst2
  Method: no-is
Namespace(dataset='sst2', method='no-is', folds=10, save=True, inputrep='tfidf', out='/app/unsupervised-is/resources/outsel', datain='/app/unsupervised-is/resources/datasets', overwrite=1, inputdir='/app/unsupervised-is/resources/datasets/sst2/tfidf/', splitdir='/app/unsupervised-is/resources/datasets/sst2/splits/', outputdir='/app/unsupervised-is/resources/outsel/selection/sst2/', filename='/app/unsupervised-is/resources/outsel/selection/sst2//saida_no-is', start_time='05-06-2026 02:24:26')
/app/unsupervised-is/resources/datasets/sst2/splits//split_10.pkl
Fold 0
[0.004532337188720703]
Fold 1
[0.004532337188720703, 0.004347801208496094]
Fold 2
[0.004532337188720703, 0.004347801208496094, 0.004344463348388672]
Fold 3
[0.004532337188720703, 0.004347801208496094, 0.004344463348388672, 0.004360675811767578]
Fold 4
[0.004532337188720703, 0.004347801208496094, 0.004344463348388672, 0.004360675811767578, 0.004401445388793945]
Fold 5
[0.004532337188720703, 0.004347801208496094, 0.004344463348388672, 0.004360675811767578, 0.004401445388793945, 0.0043451786041259766]
Fold 6
[0.004532337188720703, 0.004347801208496094, 0.004344463348388672, 0.004360675811767578, 0.004401445388793945, 0.0043451786041259766, 0.00433659553527832]
Fold 7
[0.004532337188720703, 0.004347801208496094, 0.004344463348388672, 0.004360675811767578, 0.004401445388793945, 0.0043451786041259766, 0.00433659553527832, 0.0049266815185546875]
Fold 8
[0.004532337188720703, 0.004347801208496094, 0.004344463348388672, 0.004360675811767578, 0.004401445388793945, 0.0043451786041259766, 0.00433659553527832, 0.0049266815185546875, 0.0043375492095947266]
Fold 9
[0.004532337188720703, 0.004347801208496094, 0.004344463348388672, 0.004360675811767578, 0.004401445388793945, 0.0043451786041259766, 0.00433659553527832, 0.0049266815185546875, 0.0043375492095947266, 0.0043408870697021484]
END
  Method: biois
Namespace(dataset='sst2', method='biois', folds=10, save=True, inputrep='tfidf', out='/app/unsupervised-is/resources/outsel', datain='/app/unsupervised-is/resources/datasets', overwrite=1, inputdir='/app/unsupervised-is/resources/datasets/sst2/tfidf/', splitdir='/app/unsupervised-is/resources/datasets/sst2/splits/', outputdir='/app/unsupervised-is/resources/outsel/selection/sst2/', filename='/app/unsupervised-is/resources/outsel/selection/sst2//saida_biois', start_time='05-06-2026 02:24:30')
/app/unsupervised-is/resources/datasets/sst2/splits//split_10.pkl
Fold 0
fitting_alpha_by_lr_default
LogisticRegression()
LogisticRegression()
LogisticRegression()
LogisticRegression()
LogisticRegression()
Micro: 0.7851115477979425
Macro: 0.7845180899214611
identifyNoiseByLowerNNEntropy
[0.5396733283996582]
Fold 1
fitting_alpha_by_lr_default
LogisticRegression()
LogisticRegression()
LogisticRegression()
LogisticRegression()
LogisticRegression()
Micro: 0.7848803606519478
Macro: 0.7844377598482567
identifyNoiseByLowerNNEntropy
[0.5396733283996582, 0.5386741161346436]
Fold 2
fitting_alpha_by_lr_default
LogisticRegression()
LogisticRegression()
LogisticRegression()
LogisticRegression()
LogisticRegression()
Micro: 0.7801410241590567
Macro: 0.7796040830313675
identifyNoiseByLowerNNEntropy
[0.5396733283996582, 0.5386741161346436, 0.5401856899261475]
Fold 3
fitting_alpha_by_lr_default
LogisticRegression()
LogisticRegression()
LogisticRegression()
LogisticRegression()
LogisticRegression()
Micro: 0.7761211280628756
Macro: 0.7756147850055477
identifyNoiseByLowerNNEntropy
[0.5396733283996582, 0.5386741161346436, 0.5401856899261475, 0.5473382472991943]
Fold 4
fitting_alpha_by_lr_default
LogisticRegression()
LogisticRegression()
LogisticRegression()
LogisticRegression()
LogisticRegression()
Micro: 0.786176606564956
Macro: 0.7856322299669487
identifyNoiseByLowerNNEntropy
[0.5396733283996582, 0.5386741161346436, 0.5401856899261475, 0.5473382472991943, 0.5300436019897461]
Fold 5
fitting_alpha_by_lr_default
LogisticRegression()
LogisticRegression()
LogisticRegression()
LogisticRegression()
LogisticRegression()
Micro: 0.7829403606102635
Macro: 0.7824470432480142
identifyNoiseByLowerNNEntropy
[0.5396733283996582, 0.5386741161346436, 0.5401856899261475, 0.5473382472991943, 0.5300436019897461, 0.5408122539520264]
Fold 6
fitting_alpha_by_lr_default
LogisticRegression()
LogisticRegression()
LogisticRegression()
LogisticRegression()
LogisticRegression()
Micro: 0.7820157189089227
Macro: 0.7814031685522886
identifyNoiseByLowerNNEntropy
[0.5396733283996582, 0.5386741161346436, 0.5401856899261475, 0.5473382472991943, 0.5300436019897461, 0.5408122539520264, 0.5372328758239746]
Fold 7
fitting_alpha_by_lr_default
LogisticRegression()
LogisticRegression()
LogisticRegression()
LogisticRegression()
LogisticRegression()
Micro: 0.7794729542302358
Macro: 0.7789217907799708
identifyNoiseByLowerNNEntropy
[0.5396733283996582, 0.5386741161346436, 0.5401856899261475, 0.5473382472991943, 0.5300436019897461, 0.5408122539520264, 0.5372328758239746, 0.5493037700653076]
Fold 8
fitting_alpha_by_lr_default
LogisticRegression()
LogisticRegression()
LogisticRegression()
LogisticRegression()
LogisticRegression()
Micro: 0.7747341655108645
Macro: 0.7742146974623872
identifyNoiseByLowerNNEntropy
[0.5396733283996582, 0.5386741161346436, 0.5401856899261475, 0.5473382472991943, 0.5300436019897461, 0.5408122539520264, 0.5372328758239746, 0.5493037700653076, 0.5392298698425293]
Fold 9
fitting_alpha_by_lr_default
LogisticRegression()
LogisticRegression()
LogisticRegression()
LogisticRegression()
LogisticRegression()
Micro: 0.7805131761442441
Macro: 0.7800215967843438
identifyNoiseByLowerNNEntropy
[0.5396733283996582, 0.5386741161346436, 0.5401856899261475, 0.5473382472991943, 0.5300436019897461, 0.5408122539520264, 0.5372328758239746, 0.5493037700653076, 0.5392298698425293, 0.5501224994659424]
END
  Method: perplexity-is
Namespace(dataset='sst2', method='perplexity-is', folds=10, save=True, inputrep='tfidf', out='/app/unsupervised-is/resources/outsel', datain='/app/unsupervised-is/resources/datasets', overwrite=1, inputdir='/app/unsupervised-is/resources/datasets/sst2/tfidf/', splitdir='/app/unsupervised-is/resources/datasets/sst2/splits/', outputdir='/app/unsupervised-is/resources/outsel/selection/sst2/', filename='/app/unsupervised-is/resources/outsel/selection/sst2//saida_perplexity-is', start_time='05-06-2026 02:24:39')
/app/unsupervised-is/resources/datasets/sst2/splits//split_10.pkl
Fold 0
[PerplexityIS] Fitting LDA with 10 topics on 8651 instances …
[PerplexityIS] Perplexity stats — min: 2.1847, median: 3.1759, max: 10.0000
[PerplexityIS] Redundancy threshold (p40): 3.0234 → 3460 candidates
[PerplexityIS] Redundant instances: 3460, removing 2076 with beta=0.6
[PerplexityIS] Noise threshold (p70): 3.6411 → 2595 candidates
[PerplexityIS] Noise instances: 2595, removing 519 with theta=0.2
[PerplexityIS] Removed 2076 redundant + 519 noisy = 2595 total instances
[PerplexityIS] Kept 6056 / 8651 (reduction = 30.00%)
[7.839539051055908]
Fold 1
[PerplexityIS] Fitting LDA with 10 topics on 8651 instances …
[PerplexityIS] Perplexity stats — min: 2.1606, median: 3.1744, max: 10.0000
[PerplexityIS] Redundancy threshold (p40): 3.0223 → 3460 candidates
[PerplexityIS] Redundant instances: 3460, removing 2076 with beta=0.6
[PerplexityIS] Noise threshold (p70): 3.6298 → 2595 candidates
[PerplexityIS] Noise instances: 2595, removing 519 with theta=0.2
[PerplexityIS] Removed 2076 redundant + 519 noisy = 2595 total instances
[PerplexityIS] Kept 6056 / 8651 (reduction = 30.00%)
[7.839539051055908, 4.931857585906982]
Fold 2
[PerplexityIS] Fitting LDA with 10 topics on 8651 instances …
[PerplexityIS] Perplexity stats — min: 2.1912, median: 3.1776, max: 10.0000
[PerplexityIS] Redundancy threshold (p40): 3.0250 → 3460 candidates
[PerplexityIS] Redundant instances: 3460, removing 2076 with beta=0.6
[PerplexityIS] Noise threshold (p70): 3.6344 → 2595 candidates
[PerplexityIS] Noise instances: 2595, removing 519 with theta=0.2
[PerplexityIS] Removed 2076 redundant + 519 noisy = 2595 total instances
[PerplexityIS] Kept 6056 / 8651 (reduction = 30.00%)
[7.839539051055908, 4.931857585906982, 5.084815502166748]
Fold 3
[PerplexityIS] Fitting LDA with 10 topics on 8652 instances …
[PerplexityIS] Perplexity stats — min: 2.2170, median: 3.1828, max: 10.0000
[PerplexityIS] Redundancy threshold (p40): 3.0301 → 3461 candidates
[PerplexityIS] Redundant instances: 3461, removing 2076 with beta=0.6
[PerplexityIS] Noise threshold (p70): 3.6676 → 2596 candidates
[PerplexityIS] Noise instances: 2596, removing 519 with theta=0.2
[PerplexityIS] Removed 2076 redundant + 519 noisy = 2595 total instances
[PerplexityIS] Kept 6057 / 8652 (reduction = 29.99%)
[7.839539051055908, 4.931857585906982, 5.084815502166748, 4.920560598373413]
Fold 4
[PerplexityIS] Fitting LDA with 10 topics on 8652 instances …
[PerplexityIS] Perplexity stats — min: 2.1906, median: 3.1748, max: 10.0000
[PerplexityIS] Redundancy threshold (p40): 3.0228 → 3461 candidates
[PerplexityIS] Redundant instances: 3461, removing 2076 with beta=0.6
[PerplexityIS] Noise threshold (p70): 3.6241 → 2596 candidates
[PerplexityIS] Noise instances: 2596, removing 519 with theta=0.2
[PerplexityIS] Removed 2076 redundant + 519 noisy = 2595 total instances
[PerplexityIS] Kept 6057 / 8652 (reduction = 29.99%)
[7.839539051055908, 4.931857585906982, 5.084815502166748, 4.920560598373413, 4.806152582168579]
Fold 5
[PerplexityIS] Fitting LDA with 10 topics on 8652 instances …
[PerplexityIS] Perplexity stats — min: 2.1851, median: 3.1706, max: 10.0000
[PerplexityIS] Redundancy threshold (p40): 3.0163 → 3461 candidates
[PerplexityIS] Redundant instances: 3461, removing 2076 with beta=0.6
[PerplexityIS] Noise threshold (p70): 3.6245 → 2596 candidates
[PerplexityIS] Noise instances: 2596, removing 519 with theta=0.2
[PerplexityIS] Removed 2076 redundant + 519 noisy = 2595 total instances
[PerplexityIS] Kept 6057 / 8652 (reduction = 29.99%)
[7.839539051055908, 4.931857585906982, 5.084815502166748, 4.920560598373413, 4.806152582168579, 5.039286851882935]
Fold 6
[PerplexityIS] Fitting LDA with 10 topics on 8652 instances …
[PerplexityIS] Perplexity stats — min: 2.1599, median: 3.1820, max: 10.0000
[PerplexityIS] Redundancy threshold (p40): 3.0293 → 3461 candidates
[PerplexityIS] Redundant instances: 3461, removing 2076 with beta=0.6
[PerplexityIS] Noise threshold (p70): 3.6623 → 2596 candidates
[PerplexityIS] Noise instances: 2596, removing 519 with theta=0.2
[PerplexityIS] Removed 2076 redundant + 519 noisy = 2595 total instances
[PerplexityIS] Kept 6057 / 8652 (reduction = 29.99%)
[7.839539051055908, 4.931857585906982, 5.084815502166748, 4.920560598373413, 4.806152582168579, 5.039286851882935, 4.885625123977661]
Fold 7
[PerplexityIS] Fitting LDA with 10 topics on 8652 instances …
[PerplexityIS] Perplexity stats — min: 2.1446, median: 3.1812, max: 10.0000
[PerplexityIS] Redundancy threshold (p40): 3.0264 → 3461 candidates
[PerplexityIS] Redundant instances: 3461, removing 2076 with beta=0.6
[PerplexityIS] Noise threshold (p70): 3.6633 → 2596 candidates
[PerplexityIS] Noise instances: 2596, removing 519 with theta=0.2
[PerplexityIS] Removed 2076 redundant + 519 noisy = 2595 total instances
[PerplexityIS] Kept 6057 / 8652 (reduction = 29.99%)
[7.839539051055908, 4.931857585906982, 5.084815502166748, 4.920560598373413, 4.806152582168579, 5.039286851882935, 4.885625123977661, 4.908956050872803]
Fold 8
[PerplexityIS] Fitting LDA with 10 topics on 8652 instances …
[PerplexityIS] Perplexity stats — min: 2.1604, median: 3.1799, max: 10.0000
[PerplexityIS] Redundancy threshold (p40): 3.0262 → 3461 candidates
[PerplexityIS] Redundant instances: 3461, removing 2076 with beta=0.6
[PerplexityIS] Noise threshold (p70): 3.6403 → 2596 candidates
[PerplexityIS] Noise instances: 2596, removing 519 with theta=0.2
[PerplexityIS] Removed 2076 redundant + 519 noisy = 2595 total instances
[PerplexityIS] Kept 6057 / 8652 (reduction = 29.99%)
[7.839539051055908, 4.931857585906982, 5.084815502166748, 4.920560598373413, 4.806152582168579, 5.039286851882935, 4.885625123977661, 4.908956050872803, 4.95707631111145]
Fold 9
[PerplexityIS] Fitting LDA with 10 topics on 8652 instances …
[PerplexityIS] Perplexity stats — min: 2.1440, median: 3.1784, max: 10.0000
[PerplexityIS] Redundancy threshold (p40): 3.0254 → 3461 candidates
[PerplexityIS] Redundant instances: 3461, removing 2076 with beta=0.6
[PerplexityIS] Noise threshold (p70): 3.6545 → 2596 candidates
[PerplexityIS] Noise instances: 2596, removing 519 with theta=0.2
[PerplexityIS] Removed 2076 redundant + 519 noisy = 2595 total instances
[PerplexityIS] Kept 6057 / 8652 (reduction = 29.99%)
[7.839539051055908, 4.931857585906982, 5.084815502166748, 4.920560598373413, 4.806152582168579, 5.039286851882935, 4.885625123977661, 4.908956050872803, 4.95707631111145, 4.942839860916138]
END
  Method: autoencoder-is
Namespace(dataset='sst2', method='autoencoder-is', folds=10, save=True, inputrep='tfidf', out='/app/unsupervised-is/resources/outsel', datain='/app/unsupervised-is/resources/datasets', overwrite=1, inputdir='/app/unsupervised-is/resources/datasets/sst2/tfidf/', splitdir='/app/unsupervised-is/resources/datasets/sst2/splits/', outputdir='/app/unsupervised-is/resources/outsel/selection/sst2/', filename='/app/unsupervised-is/resources/outsel/selection/sst2//saida_autoencoder-is', start_time='05-06-2026 02:25:37')
/app/unsupervised-is/resources/datasets/sst2/splits//split_10.pkl
Fold 0
[AE-IS] Using GPU: NVIDIA A100-SXM4-80GB
[AE-IS] Architecture: 7866 → 20 → 10 → 20 → 7866
[AE-IS] Training autoencoder on 8651 instances (7866 features) for up to 20 epochs …
  Epoch   1/20 — loss: 1.112547 (best: 1.112547)
  Epoch  10/20 — loss: 1.001974 (best: 1.001974)
  Epoch  20/20 — loss: 0.998625 (best: 0.998352)
[AE-IS] Training finished — best loss: 0.998352
[AE-IS] Reconstruction error stats — min: 0.000957, median: 0.953376, max: 3.721052
[AE-IS] Redundant instances: 3460, removing 2076 with beta=0.6
[AE-IS] Noise instances: 2595, removing 519 with theta=0.2
[AE-IS] Removed 2076 redundant + 519 noisy = 2595 total instances
[AE-IS] Kept 6056 / 8651 (reduction = 30.00%)
[9.287166833877563]
Fold 1
[AE-IS] Using GPU: NVIDIA A100-SXM4-80GB
[AE-IS] Architecture: 7867 → 20 → 10 → 20 → 7867
[AE-IS] Training autoencoder on 8651 instances (7867 features) for up to 20 epochs …
  Epoch   1/20 — loss: 1.106802 (best: 1.106802)
  Epoch  10/20 — loss: 1.004920 (best: 1.004629)
  Epoch  20/20 — loss: 0.998876 (best: 0.998809)
[AE-IS] Training finished — best loss: 0.998809
[AE-IS] Reconstruction error stats — min: 0.000957, median: 0.948817, max: 3.446702
[AE-IS] Redundant instances: 3460, removing 2076 with beta=0.6
[AE-IS] Noise instances: 2595, removing 519 with theta=0.2
[AE-IS] Removed 2076 redundant + 519 noisy = 2595 total instances
[AE-IS] Kept 6056 / 8651 (reduction = 30.00%)
[9.287166833877563, 7.539752721786499]
Fold 2
[AE-IS] Using GPU: NVIDIA A100-SXM4-80GB
[AE-IS] Architecture: 7897 → 20 → 10 → 20 → 7897
[AE-IS] Training autoencoder on 8651 instances (7897 features) for up to 20 epochs …
  Epoch   1/20 — loss: 1.109911 (best: 1.109911)
  Epoch  10/20 — loss: 1.004933 (best: 1.004933)
  Epoch  20/20 — loss: 0.997206 (best: 0.997206)
[AE-IS] Training finished — best loss: 0.997206
[AE-IS] Reconstruction error stats — min: 0.000956, median: 0.947525, max: 4.082971
[AE-IS] Redundant instances: 3460, removing 2076 with beta=0.6
[AE-IS] Noise instances: 2595, removing 519 with theta=0.2
[AE-IS] Removed 2076 redundant + 519 noisy = 2595 total instances
[AE-IS] Kept 6056 / 8651 (reduction = 30.00%)
[9.287166833877563, 7.539752721786499, 7.220628499984741]
Fold 3
[AE-IS] Using GPU: NVIDIA A100-SXM4-80GB
[AE-IS] Architecture: 7912 → 20 → 10 → 20 → 7912
[AE-IS] Training autoencoder on 8652 instances (7912 features) for up to 20 epochs …
  Epoch   1/20 — loss: 1.106974 (best: 1.106974)
  Epoch  10/20 — loss: 1.004800 (best: 1.003447)
  Epoch  20/20 — loss: 0.998829 (best: 0.998643)
[AE-IS] Training finished — best loss: 0.998643
[AE-IS] Reconstruction error stats — min: 0.000954, median: 0.952773, max: 3.380386
[AE-IS] Redundant instances: 3461, removing 2076 with beta=0.6
[AE-IS] Noise instances: 2596, removing 519 with theta=0.2
[AE-IS] Removed 2076 redundant + 519 noisy = 2595 total instances
[AE-IS] Kept 6057 / 8652 (reduction = 29.99%)
[9.287166833877563, 7.539752721786499, 7.220628499984741, 7.758876085281372]
Fold 4
[AE-IS] Using GPU: NVIDIA A100-SXM4-80GB
[AE-IS] Architecture: 7903 → 20 → 10 → 20 → 7903
[AE-IS] Training autoencoder on 8652 instances (7903 features) for up to 20 epochs …
  Epoch   1/20 — loss: 1.114031 (best: 1.114031)
  Epoch  10/20 — loss: 1.002330 (best: 1.001916)
  Epoch  20/20 — loss: 0.999147 (best: 0.998806)
[AE-IS] Training finished — best loss: 0.998806
[AE-IS] Reconstruction error stats — min: 0.000953, median: 0.952854, max: 3.739829
[AE-IS] Redundant instances: 3461, removing 2076 with beta=0.6
[AE-IS] Noise instances: 2596, removing 519 with theta=0.2
[AE-IS] Removed 2076 redundant + 519 noisy = 2595 total instances
[AE-IS] Kept 6057 / 8652 (reduction = 29.99%)
[9.287166833877563, 7.539752721786499, 7.220628499984741, 7.758876085281372, 7.969777584075928]
Fold 5
[AE-IS] Using GPU: NVIDIA A100-SXM4-80GB
[AE-IS] Architecture: 7914 → 20 → 10 → 20 → 7914
[AE-IS] Training autoencoder on 8652 instances (7914 features) for up to 20 epochs …
  Epoch   1/20 — loss: 1.109200 (best: 1.109200)
  Epoch  10/20 — loss: 1.003057 (best: 1.003057)
  Epoch  20/20 — loss: 1.001393 (best: 0.999581)
[AE-IS] Training finished — best loss: 0.999581
[AE-IS] Reconstruction error stats — min: 0.000956, median: 0.955727, max: 3.469677
[AE-IS] Redundant instances: 3461, removing 2076 with beta=0.6
[AE-IS] Noise instances: 2596, removing 519 with theta=0.2
[AE-IS] Removed 2076 redundant + 519 noisy = 2595 total instances
[AE-IS] Kept 6057 / 8652 (reduction = 29.99%)
[9.287166833877563, 7.539752721786499, 7.220628499984741, 7.758876085281372, 7.969777584075928, 7.709698677062988]
Fold 6
[AE-IS] Using GPU: NVIDIA A100-SXM4-80GB
[AE-IS] Architecture: 7854 → 20 → 10 → 20 → 7854
[AE-IS] Training autoencoder on 8652 instances (7854 features) for up to 20 epochs …
  Epoch   1/20 — loss: 1.105834 (best: 1.105834)
  Epoch  10/20 — loss: 1.003194 (best: 1.003194)
  Epoch  20/20 — loss: 0.999811 (best: 0.997990)
[AE-IS] Training finished — best loss: 0.997990
[AE-IS] Reconstruction error stats — min: 0.000956, median: 0.951218, max: 3.520777
[AE-IS] Redundant instances: 3461, removing 2076 with beta=0.6
[AE-IS] Noise instances: 2596, removing 519 with theta=0.2
[AE-IS] Removed 2076 redundant + 519 noisy = 2595 total instances
[AE-IS] Kept 6057 / 8652 (reduction = 29.99%)
[9.287166833877563, 7.539752721786499, 7.220628499984741, 7.758876085281372, 7.969777584075928, 7.709698677062988, 6.976086139678955]
Fold 7
[AE-IS] Using GPU: NVIDIA A100-SXM4-80GB
[AE-IS] Architecture: 7875 → 20 → 10 → 20 → 7875
[AE-IS] Training autoencoder on 8652 instances (7875 features) for up to 20 epochs …
  Epoch   1/20 — loss: 1.122835 (best: 1.122835)
  Epoch  10/20 — loss: 1.001743 (best: 1.001743)
  Epoch  20/20 — loss: 0.998385 (best: 0.998385)
[AE-IS] Training finished — best loss: 0.998385
[AE-IS] Reconstruction error stats — min: 0.000959, median: 0.947003, max: 3.953632
[AE-IS] Redundant instances: 3461, removing 2076 with beta=0.6
[AE-IS] Noise instances: 2596, removing 519 with theta=0.2
[AE-IS] Removed 2076 redundant + 519 noisy = 2595 total instances
[AE-IS] Kept 6057 / 8652 (reduction = 29.99%)
[9.287166833877563, 7.539752721786499, 7.220628499984741, 7.758876085281372, 7.969777584075928, 7.709698677062988, 6.976086139678955, 7.697505712509155]
Fold 8
[AE-IS] Using GPU: NVIDIA A100-SXM4-80GB
[AE-IS] Architecture: 7939 → 20 → 10 → 20 → 7939
[AE-IS] Training autoencoder on 8652 instances (7939 features) for up to 20 epochs …
  Epoch   1/20 — loss: 1.112950 (best: 1.112950)
  Epoch  10/20 — loss: 1.003510 (best: 1.003510)
  Epoch  20/20 — loss: 0.999041 (best: 0.998465)
[AE-IS] Training finished — best loss: 0.998465
[AE-IS] Reconstruction error stats — min: 0.000945, median: 0.946893, max: 3.743761
[AE-IS] Redundant instances: 3461, removing 2076 with beta=0.6
[AE-IS] Noise instances: 2596, removing 519 with theta=0.2
[AE-IS] Removed 2076 redundant + 519 noisy = 2595 total instances
[AE-IS] Kept 6057 / 8652 (reduction = 29.99%)
[9.287166833877563, 7.539752721786499, 7.220628499984741, 7.758876085281372, 7.969777584075928, 7.709698677062988, 6.976086139678955, 7.697505712509155, 7.687975168228149]
Fold 9
[AE-IS] Using GPU: NVIDIA A100-SXM4-80GB
[AE-IS] Architecture: 7908 → 20 → 10 → 20 → 7908
[AE-IS] Training autoencoder on 8652 instances (7908 features) for up to 20 epochs …
  Epoch   1/20 — loss: 1.111529 (best: 1.111529)
  Epoch  10/20 — loss: 1.004464 (best: 1.004464)
  Epoch  20/20 — loss: 0.998937 (best: 0.998937)
[AE-IS] Training finished — best loss: 0.998937
[AE-IS] Reconstruction error stats — min: 0.000952, median: 0.945728, max: 3.892540
[AE-IS] Redundant instances: 3461, removing 2076 with beta=0.6
[AE-IS] Noise instances: 2596, removing 519 with theta=0.2
[AE-IS] Removed 2076 redundant + 519 noisy = 2595 total instances
[AE-IS] Kept 6057 / 8652 (reduction = 29.99%)
[9.287166833877563, 7.539752721786499, 7.220628499984741, 7.758876085281372, 7.969777584075928, 7.709698677062988, 6.976086139678955, 7.697505712509155, 7.687975168228149, 7.951952219009399]
END
  Method: gmm-is
Namespace(dataset='sst2', method='gmm-is', folds=10, save=True, inputrep='tfidf', out='/app/unsupervised-is/resources/outsel', datain='/app/unsupervised-is/resources/datasets', overwrite=1, inputdir='/app/unsupervised-is/resources/datasets/sst2/tfidf/', splitdir='/app/unsupervised-is/resources/datasets/sst2/splits/', outputdir='/app/unsupervised-is/resources/outsel/selection/sst2/', filename='/app/unsupervised-is/resources/outsel/selection/sst2//saida_gmm-is', start_time='05-06-2026 02:26:59')
/app/unsupervised-is/resources/datasets/sst2/splits//split_10.pkl
Fold 0
[GMM] Redundant instances: 3460, removing 2076 with beta=0.6
[GMM] Noise instances: 2595, removing 519 with theta=0.2
[GMM] Removed 2076 redundant + 519 noisy = 2595 total instances
[GMM] Kept 6056 / 8651 (reduction = 30.00%)
[6.43536376953125]
Fold 1
[GMM] Redundant instances: 3460, removing 2076 with beta=0.6
[GMM] Noise instances: 2595, removing 519 with theta=0.2
[GMM] Removed 2076 redundant + 519 noisy = 2595 total instances
[GMM] Kept 6056 / 8651 (reduction = 30.00%)
[6.43536376953125, 6.1332433223724365]
Fold 2
[GMM] Redundant instances: 3460, removing 2076 with beta=0.6
[GMM] Noise instances: 2595, removing 519 with theta=0.2
[GMM] Removed 2076 redundant + 519 noisy = 2595 total instances
[GMM] Kept 6056 / 8651 (reduction = 30.00%)
[6.43536376953125, 6.1332433223724365, 6.2252631187438965]
Fold 3
[GMM] Redundant instances: 3461, removing 2076 with beta=0.6
[GMM] Noise instances: 2596, removing 519 with theta=0.2
[GMM] Removed 2076 redundant + 519 noisy = 2595 total instances
[GMM] Kept 6057 / 8652 (reduction = 29.99%)
[6.43536376953125, 6.1332433223724365, 6.2252631187438965, 6.25200080871582]
Fold 4
[GMM] Redundant instances: 3461, removing 2076 with beta=0.6
[GMM] Noise instances: 2596, removing 519 with theta=0.2
[GMM] Removed 2076 redundant + 519 noisy = 2595 total instances
[GMM] Kept 6057 / 8652 (reduction = 29.99%)
[6.43536376953125, 6.1332433223724365, 6.2252631187438965, 6.25200080871582, 20.460413694381714]
Fold 5
[GMM] Redundant instances: 3461, removing 2076 with beta=0.6
[GMM] Noise instances: 2596, removing 519 with theta=0.2
[GMM] Removed 2076 redundant + 519 noisy = 2595 total instances
[GMM] Kept 6057 / 8652 (reduction = 29.99%)
[6.43536376953125, 6.1332433223724365, 6.2252631187438965, 6.25200080871582, 20.460413694381714, 16.8307466506958]
Fold 6
[GMM] Redundant instances: 3461, removing 2076 with beta=0.6
[GMM] Noise instances: 2596, removing 519 with theta=0.2
[GMM] Removed 2076 redundant + 519 noisy = 2595 total instances
[GMM] Kept 6057 / 8652 (reduction = 29.99%)
[6.43536376953125, 6.1332433223724365, 6.2252631187438965, 6.25200080871582, 20.460413694381714, 16.8307466506958, 25.0561625957489]
Fold 7
[GMM] Redundant instances: 3461, removing 2076 with beta=0.6
[GMM] Noise instances: 2596, removing 519 with theta=0.2
[GMM] Removed 2076 redundant + 519 noisy = 2595 total instances
[GMM] Kept 6057 / 8652 (reduction = 29.99%)
[6.43536376953125, 6.1332433223724365, 6.2252631187438965, 6.25200080871582, 20.460413694381714, 16.8307466506958, 25.0561625957489, 19.74066972732544]
Fold 8
[GMM] Redundant instances: 3461, removing 2076 with beta=0.6
[GMM] Noise instances: 2596, removing 519 with theta=0.2
[GMM] Removed 2076 redundant + 519 noisy = 2595 total instances
[GMM] Kept 6057 / 8652 (reduction = 29.99%)
[6.43536376953125, 6.1332433223724365, 6.2252631187438965, 6.25200080871582, 20.460413694381714, 16.8307466506958, 25.0561625957489, 19.74066972732544, 16.32765007019043]
Fold 9
[GMM] Redundant instances: 3461, removing 2076 with beta=0.6
[GMM] Noise instances: 2596, removing 519 with theta=0.2
[GMM] Removed 2076 redundant + 519 noisy = 2595 total instances
[GMM] Kept 6057 / 8652 (reduction = 29.99%)
[6.43536376953125, 6.1332433223724365, 6.2252631187438965, 6.25200080871582, 20.460413694381714, 16.8307466506958, 25.0561625957489, 19.74066972732544, 16.32765007019043, 20.765412092208862]
END
  Method: adaptive-perplexity
Namespace(dataset='sst2', method='adaptive-perplexity', folds=10, save=True, inputrep='tfidf', out='/app/unsupervised-is/resources/outsel', datain='/app/unsupervised-is/resources/datasets', overwrite=1, inputdir='/app/unsupervised-is/resources/datasets/sst2/tfidf/', splitdir='/app/unsupervised-is/resources/datasets/sst2/splits/', outputdir='/app/unsupervised-is/resources/outsel/selection/sst2/', filename='/app/unsupervised-is/resources/outsel/selection/sst2//saida_adaptive-perplexity', start_time='05-06-2026 02:29:27')
/app/unsupervised-is/resources/datasets/sst2/splits//split_10.pkl
Fold 0
[Adaptive-IS] Step 1 — computing scores via 'perplexity' …
[PerplexityIS] Fitting LDA with 10 topics on 8651 instances …
[PerplexityIS] Perplexity stats — min: 2.1847, median: 3.1759, max: 10.0000
[PerplexityIS] Redundancy threshold (p0.0): 2.1847 → 0 candidates
[PerplexityIS] Noise threshold (p100.0): 10.0000 → 0 candidates
[PerplexityIS] Removed 0 redundant + 0 noisy = 0 total instances
[PerplexityIS] Kept 8651 / 8651 (reduction = 0.00%)
[Adaptive-IS] Score stats — min: 2.1847, median: 3.1759, max: 10.0000
[Adaptive-IS] Step 2 — estimating thresholds via 'gmm_boundary' …
[Adaptive-IS] Estimated params — low_percentile=63.4, high_percentile=97.0, beta=0.600, theta=0.004, imbalance_proxy=0.190
[Adaptive-IS] GMM component means: [2.895072483084112, 4.005405040196207, 9.999999999999996]
[Adaptive-IS] Step 3 — applying selection …
[Adaptive-IS] Redundant candidates: 5481, removing 3288 (beta=0.600)
[Adaptive-IS] Noise candidates: 257, removing 1 (theta=0.004)
[Adaptive-IS] Removed 3289 instances — kept 5362 / 8651 (reduction = 38.02%)
[8.247361421585083]
Fold 1
[Adaptive-IS] Step 1 — computing scores via 'perplexity' …
[PerplexityIS] Fitting LDA with 10 topics on 8651 instances …
[PerplexityIS] Perplexity stats — min: 2.1606, median: 3.1744, max: 10.0000
[PerplexityIS] Redundancy threshold (p0.0): 2.1606 → 0 candidates
[PerplexityIS] Noise threshold (p100.0): 10.0000 → 0 candidates
[PerplexityIS] Removed 0 redundant + 0 noisy = 0 total instances
[PerplexityIS] Kept 8651 / 8651 (reduction = 0.00%)
[Adaptive-IS] Score stats — min: 2.1606, median: 3.1744, max: 10.0000
[Adaptive-IS] Step 2 — estimating thresholds via 'gmm_boundary' …
[Adaptive-IS] Estimated params — low_percentile=63.7, high_percentile=97.1, beta=0.600, theta=0.004, imbalance_proxy=0.188
[Adaptive-IS] GMM component means: [2.890207646016761, 3.986519417086706, 9.999999999999996]
[Adaptive-IS] Step 3 — applying selection …
[Adaptive-IS] Redundant candidates: 5513, removing 3307 (beta=0.600)
[Adaptive-IS] Noise candidates: 249, removing 1 (theta=0.004)
[Adaptive-IS] Removed 3308 instances — kept 5343 / 8651 (reduction = 38.24%)
[8.247361421585083, 4.945642471313477]
Fold 2
[Adaptive-IS] Step 1 — computing scores via 'perplexity' …
[PerplexityIS] Fitting LDA with 10 topics on 8651 instances …
[PerplexityIS] Perplexity stats — min: 2.1912, median: 3.1776, max: 10.0000
[PerplexityIS] Redundancy threshold (p0.0): 2.1912 → 0 candidates
[PerplexityIS] Noise threshold (p100.0): 10.0000 → 0 candidates
[PerplexityIS] Removed 0 redundant + 0 noisy = 0 total instances
[PerplexityIS] Kept 8651 / 8651 (reduction = 0.00%)
[Adaptive-IS] Score stats — min: 2.1912, median: 3.1776, max: 10.0000
[Adaptive-IS] Step 2 — estimating thresholds via 'gmm_boundary' …
[Adaptive-IS] Estimated params — low_percentile=63.6, high_percentile=96.9, beta=0.600, theta=0.004, imbalance_proxy=0.190
[Adaptive-IS] GMM component means: [2.905407163652327, 4.012812415998161, 9.999999999999996]
[Adaptive-IS] Step 3 — applying selection …
[Adaptive-IS] Redundant candidates: 5505, removing 3303 (beta=0.600)
[Adaptive-IS] Noise candidates: 271, removing 1 (theta=0.004)
[Adaptive-IS] Removed 3304 instances — kept 5347 / 8651 (reduction = 38.19%)
[8.247361421585083, 4.945642471313477, 5.10894250869751]
Fold 3
[Adaptive-IS] Step 1 — computing scores via 'perplexity' …
[PerplexityIS] Fitting LDA with 10 topics on 8652 instances …
[PerplexityIS] Perplexity stats — min: 2.2170, median: 3.1828, max: 10.0000
[PerplexityIS] Redundancy threshold (p0.0): 2.2170 → 0 candidates
[PerplexityIS] Noise threshold (p100.0): 10.0000 → 0 candidates
[PerplexityIS] Removed 0 redundant + 0 noisy = 0 total instances
[PerplexityIS] Kept 8652 / 8652 (reduction = 0.00%)
[Adaptive-IS] Score stats — min: 2.2170, median: 3.1828, max: 10.0000
[Adaptive-IS] Step 2 — estimating thresholds via 'gmm_boundary' …
[Adaptive-IS] Estimated params — low_percentile=62.3, high_percentile=97.1, beta=0.600, theta=0.004, imbalance_proxy=0.189
[Adaptive-IS] GMM component means: [2.8842914859189275, 3.9757174574203376, 9.999999999999998]
[Adaptive-IS] Step 3 — applying selection …
[Adaptive-IS] Redundant candidates: 5391, removing 3234 (beta=0.600)
[Adaptive-IS] Noise candidates: 252, removing 1 (theta=0.004)
[Adaptive-IS] Removed 3235 instances — kept 5417 / 8652 (reduction = 37.39%)
[8.247361421585083, 4.945642471313477, 5.10894250869751, 5.122796297073364]
Fold 4
[Adaptive-IS] Step 1 — computing scores via 'perplexity' …
[PerplexityIS] Fitting LDA with 10 topics on 8652 instances …
[PerplexityIS] Perplexity stats — min: 2.1906, median: 3.1748, max: 10.0000
[PerplexityIS] Redundancy threshold (p0.0): 2.1906 → 0 candidates
[PerplexityIS] Noise threshold (p100.0): 10.0000 → 0 candidates
[PerplexityIS] Removed 0 redundant + 0 noisy = 0 total instances
[PerplexityIS] Kept 8652 / 8652 (reduction = 0.00%)
[Adaptive-IS] Score stats — min: 2.1906, median: 3.1748, max: 10.0000
[Adaptive-IS] Step 2 — estimating thresholds via 'gmm_boundary' …
[Adaptive-IS] Estimated params — low_percentile=63.8, high_percentile=97.1, beta=0.600, theta=0.004, imbalance_proxy=0.188
[Adaptive-IS] GMM component means: [2.893854406917017, 3.987746481117153, 9.999999999999996]
[Adaptive-IS] Step 3 — applying selection …
[Adaptive-IS] Redundant candidates: 5519, removing 3311 (beta=0.600)
[Adaptive-IS] Noise candidates: 255, removing 1 (theta=0.004)
[Adaptive-IS] Removed 3312 instances — kept 5340 / 8652 (reduction = 38.28%)
[8.247361421585083, 4.945642471313477, 5.10894250869751, 5.122796297073364, 5.091667175292969]
Fold 5
[Adaptive-IS] Step 1 — computing scores via 'perplexity' …
[PerplexityIS] Fitting LDA with 10 topics on 8652 instances …
[PerplexityIS] Perplexity stats — min: 2.1851, median: 3.1706, max: 10.0000
[PerplexityIS] Redundancy threshold (p0.0): 2.1851 → 0 candidates
[PerplexityIS] Noise threshold (p100.0): 10.0000 → 0 candidates
[PerplexityIS] Removed 0 redundant + 0 noisy = 0 total instances
[PerplexityIS] Kept 8652 / 8652 (reduction = 0.00%)
[Adaptive-IS] Score stats — min: 2.1851, median: 3.1706, max: 10.0000
[Adaptive-IS] Step 2 — estimating thresholds via 'gmm_boundary' …
[Adaptive-IS] Estimated params — low_percentile=64.0, high_percentile=97.2, beta=0.600, theta=0.004, imbalance_proxy=0.189
[Adaptive-IS] GMM component means: [2.8801352624816503, 3.9798532477589315, 9.999999999999996]
[Adaptive-IS] Step 3 — applying selection …
[Adaptive-IS] Redundant candidates: 5533, removing 3319 (beta=0.600)
[Adaptive-IS] Noise candidates: 242, removing 0 (theta=0.004)
[Adaptive-IS] Removed 3319 instances — kept 5333 / 8652 (reduction = 38.36%)
[8.247361421585083, 4.945642471313477, 5.10894250869751, 5.122796297073364, 5.091667175292969, 5.045867681503296]
Fold 6
[Adaptive-IS] Step 1 — computing scores via 'perplexity' …
[PerplexityIS] Fitting LDA with 10 topics on 8652 instances …
[PerplexityIS] Perplexity stats — min: 2.1599, median: 3.1820, max: 10.0000
[PerplexityIS] Redundancy threshold (p0.0): 2.1599 → 0 candidates
[PerplexityIS] Noise threshold (p100.0): 10.0000 → 0 candidates
[PerplexityIS] Removed 0 redundant + 0 noisy = 0 total instances
[PerplexityIS] Kept 8652 / 8652 (reduction = 0.00%)
[Adaptive-IS] Score stats — min: 2.1599, median: 3.1820, max: 10.0000
[Adaptive-IS] Step 2 — estimating thresholds via 'gmm_boundary' …
[Adaptive-IS] Estimated params — low_percentile=61.8, high_percentile=96.7, beta=0.600, theta=0.012, imbalance_proxy=0.191
[Adaptive-IS] GMM component means: [2.861167668642378, 3.9145133590002485, 6.848032592499321]
[Adaptive-IS] Step 3 — applying selection …
[Adaptive-IS] Redundant candidates: 5346, removing 3207 (beta=0.600)
[Adaptive-IS] Noise candidates: 285, removing 3 (theta=0.012)
[Adaptive-IS] Removed 3210 instances — kept 5442 / 8652 (reduction = 37.10%)
[8.247361421585083, 4.945642471313477, 5.10894250869751, 5.122796297073364, 5.091667175292969, 5.045867681503296, 5.020310163497925]
Fold 7
[Adaptive-IS] Step 1 — computing scores via 'perplexity' …
[PerplexityIS] Fitting LDA with 10 topics on 8652 instances …
[PerplexityIS] Perplexity stats — min: 2.1446, median: 3.1812, max: 10.0000
[PerplexityIS] Redundancy threshold (p0.0): 2.1446 → 0 candidates
[PerplexityIS] Noise threshold (p100.0): 10.0000 → 0 candidates
[PerplexityIS] Removed 0 redundant + 0 noisy = 0 total instances
[PerplexityIS] Kept 8652 / 8652 (reduction = 0.00%)
[Adaptive-IS] Score stats — min: 2.1446, median: 3.1812, max: 10.0000
[Adaptive-IS] Step 2 — estimating thresholds via 'gmm_boundary' …
[Adaptive-IS] Estimated params — low_percentile=59.9, high_percentile=96.8, beta=0.600, theta=0.012, imbalance_proxy=0.189
[Adaptive-IS] GMM component means: [2.844064220700949, 3.865393530025409, 6.695964873271453]
[Adaptive-IS] Step 3 — applying selection …
[Adaptive-IS] Redundant candidates: 5183, removing 3109 (beta=0.600)
[Adaptive-IS] Noise candidates: 274, removing 3 (theta=0.012)
[Adaptive-IS] Removed 3112 instances — kept 5540 / 8652 (reduction = 35.97%)
[8.247361421585083, 4.945642471313477, 5.10894250869751, 5.122796297073364, 5.091667175292969, 5.045867681503296, 5.020310163497925, 5.108646631240845]
Fold 8
[Adaptive-IS] Step 1 — computing scores via 'perplexity' …
[PerplexityIS] Fitting LDA with 10 topics on 8652 instances …
[PerplexityIS] Perplexity stats — min: 2.1604, median: 3.1799, max: 10.0000
[PerplexityIS] Redundancy threshold (p0.0): 2.1604 → 0 candidates
[PerplexityIS] Noise threshold (p100.0): 10.0000 → 0 candidates
[PerplexityIS] Removed 0 redundant + 0 noisy = 0 total instances
[PerplexityIS] Kept 8652 / 8652 (reduction = 0.00%)
[Adaptive-IS] Score stats — min: 2.1604, median: 3.1799, max: 10.0000
[Adaptive-IS] Step 2 — estimating thresholds via 'gmm_boundary' …
[Adaptive-IS] Estimated params — low_percentile=61.1, high_percentile=96.8, beta=0.600, theta=0.014, imbalance_proxy=0.188
[Adaptive-IS] GMM component means: [2.8474362875688763, 3.8573311420717156, 6.339477517891121]
[Adaptive-IS] Step 3 — applying selection …
[Adaptive-IS] Redundant candidates: 5283, removing 3169 (beta=0.600)
[Adaptive-IS] Noise candidates: 274, removing 3 (theta=0.014)
[Adaptive-IS] Removed 3172 instances — kept 5480 / 8652 (reduction = 36.66%)
[8.247361421585083, 4.945642471313477, 5.10894250869751, 5.122796297073364, 5.091667175292969, 5.045867681503296, 5.020310163497925, 5.108646631240845, 5.120544672012329]
Fold 9
[Adaptive-IS] Step 1 — computing scores via 'perplexity' …
[PerplexityIS] Fitting LDA with 10 topics on 8652 instances …
[PerplexityIS] Perplexity stats — min: 2.1440, median: 3.1784, max: 10.0000
[PerplexityIS] Redundancy threshold (p0.0): 2.1440 → 0 candidates
[PerplexityIS] Noise threshold (p100.0): 10.0000 → 0 candidates
[PerplexityIS] Removed 0 redundant + 0 noisy = 0 total instances
[PerplexityIS] Kept 8652 / 8652 (reduction = 0.00%)
[Adaptive-IS] Score stats — min: 2.1440, median: 3.1784, max: 10.0000
[Adaptive-IS] Step 2 — estimating thresholds via 'gmm_boundary' …
[Adaptive-IS] Estimated params — low_percentile=60.8, high_percentile=95.4, beta=0.600, theta=0.112, imbalance_proxy=0.189
[Adaptive-IS] GMM component means: [2.850164864554511, 3.842642485400065, 4.577540872551709]
[Adaptive-IS] Step 3 — applying selection …
[Adaptive-IS] Redundant candidates: 5263, removing 3157 (beta=0.600)
[Adaptive-IS] Noise candidates: 394, removing 44 (theta=0.112)
[Adaptive-IS] Removed 3201 instances — kept 5451 / 8652 (reduction = 37.00%)
[8.247361421585083, 4.945642471313477, 5.10894250869751, 5.122796297073364, 5.091667175292969, 5.045867681503296, 5.020310163497925, 5.108646631240845, 5.120544672012329, 5.017536878585815]
END
  Method: adaptive-v2-perplexity
Namespace(dataset='sst2', method='adaptive-v2-perplexity', folds=10, save=True, inputrep='tfidf', out='/app/unsupervised-is/resources/outsel', datain='/app/unsupervised-is/resources/datasets', overwrite=1, inputdir='/app/unsupervised-is/resources/datasets/sst2/tfidf/', splitdir='/app/unsupervised-is/resources/datasets/sst2/splits/', outputdir='/app/unsupervised-is/resources/outsel/selection/sst2/', filename='/app/unsupervised-is/resources/outsel/selection/sst2//saida_adaptive-v2-perplexity', start_time='05-06-2026 02:30:26')
/app/unsupervised-is/resources/datasets/sst2/splits//split_10.pkl
Fold 0
[AdaptiveV2-IS] Step 1 — scoring via 'perplexity' …
[PerplexityIS] Fitting LDA with 10 topics on 8651 instances …
[PerplexityIS] Perplexity stats — min: 2.1847, median: 3.1759, max: 10.0000
[PerplexityIS] Redundancy threshold (p0.0): 2.1847 → 0 candidates
[PerplexityIS] Noise threshold (p100.0): 10.0000 → 0 candidates
[PerplexityIS] Removed 0 redundant + 0 noisy = 0 total instances
[PerplexityIS] Kept 8651 / 8651 (reduction = 0.00%)
[AdaptiveV2-IS] Score stats — min: 2.1847, p25: 2.8126, median: 3.1759, p75: 3.8928, max: 10.0000
[AdaptiveV2-IS] Step 2 — estimating params via quartile density …
[AdaptiveV2-IS] Quartile widths: Q1_frac=0.080, Q2_frac=0.046, total_range=7.8153
[AdaptiveV2-IS] Params: beta_q1=0.700, beta_q2=0.600, theta=0.243, imbalance_proxy=0.190
[AdaptiveV2-IS] Step 3 — applying quartile selection …
[AdaptiveV2-IS] Q1 (2163 instances): removing 1514 (beta_q1=0.700, uniform)
[AdaptiveV2-IS] Q2 (2163 instances): removing 1297 (beta_q2=0.600, uniform)
[AdaptiveV2-IS] Q4 (2163 instances): removing 525 (theta=0.243, weighted)
[AdaptiveV2-IS] Done — removed 3336 / 8651 (reduction = 38.56%)
[7.805649280548096]
Fold 1
[AdaptiveV2-IS] Step 1 — scoring via 'perplexity' …
[PerplexityIS] Fitting LDA with 10 topics on 8651 instances …
[PerplexityIS] Perplexity stats — min: 2.1606, median: 3.1744, max: 10.0000
[PerplexityIS] Redundancy threshold (p0.0): 2.1606 → 0 candidates
[PerplexityIS] Noise threshold (p100.0): 10.0000 → 0 candidates
[PerplexityIS] Removed 0 redundant + 0 noisy = 0 total instances
[PerplexityIS] Kept 8651 / 8651 (reduction = 0.00%)
[AdaptiveV2-IS] Score stats — min: 2.1606, p25: 2.8094, median: 3.1744, p75: 3.8901, max: 10.0000
[AdaptiveV2-IS] Step 2 — estimating params via quartile density …
[AdaptiveV2-IS] Quartile widths: Q1_frac=0.083, Q2_frac=0.047, total_range=7.8394
[AdaptiveV2-IS] Params: beta_q1=0.700, beta_q2=0.600, theta=0.244, imbalance_proxy=0.188
[AdaptiveV2-IS] Step 3 — applying quartile selection …
[AdaptiveV2-IS] Q1 (2163 instances): removing 1514 (beta_q1=0.700, uniform)
[AdaptiveV2-IS] Q2 (2163 instances): removing 1297 (beta_q2=0.600, uniform)
[AdaptiveV2-IS] Q4 (2163 instances): removing 526 (theta=0.244, weighted)
[AdaptiveV2-IS] Done — removed 3337 / 8651 (reduction = 38.57%)
[7.805649280548096, 4.721293926239014]
Fold 2
[AdaptiveV2-IS] Step 1 — scoring via 'perplexity' …
[PerplexityIS] Fitting LDA with 10 topics on 8651 instances …
[PerplexityIS] Perplexity stats — min: 2.1912, median: 3.1776, max: 10.0000
[PerplexityIS] Redundancy threshold (p0.0): 2.1912 → 0 candidates
[PerplexityIS] Noise threshold (p100.0): 10.0000 → 0 candidates
[PerplexityIS] Removed 0 redundant + 0 noisy = 0 total instances
[PerplexityIS] Kept 8651 / 8651 (reduction = 0.00%)
[AdaptiveV2-IS] Score stats — min: 2.1912, p25: 2.8118, median: 3.1776, p75: 3.8900, max: 10.0000
[AdaptiveV2-IS] Step 2 — estimating params via quartile density …
[AdaptiveV2-IS] Quartile widths: Q1_frac=0.079, Q2_frac=0.047, total_range=7.8088
[AdaptiveV2-IS] Params: beta_q1=0.700, beta_q2=0.600, theta=0.243, imbalance_proxy=0.190
[AdaptiveV2-IS] Step 3 — applying quartile selection …
[AdaptiveV2-IS] Q1 (2163 instances): removing 1514 (beta_q1=0.700, uniform)
[AdaptiveV2-IS] Q2 (2163 instances): removing 1297 (beta_q2=0.600, uniform)
[AdaptiveV2-IS] Q4 (2163 instances): removing 525 (theta=0.243, weighted)
[AdaptiveV2-IS] Done — removed 3336 / 8651 (reduction = 38.56%)
[7.805649280548096, 4.721293926239014, 4.947611093521118]
Fold 3
[AdaptiveV2-IS] Step 1 — scoring via 'perplexity' …
[PerplexityIS] Fitting LDA with 10 topics on 8652 instances …
[PerplexityIS] Perplexity stats — min: 2.2170, median: 3.1828, max: 10.0000
[PerplexityIS] Redundancy threshold (p0.0): 2.2170 → 0 candidates
[PerplexityIS] Noise threshold (p100.0): 10.0000 → 0 candidates
[PerplexityIS] Removed 0 redundant + 0 noisy = 0 total instances
[PerplexityIS] Kept 8652 / 8652 (reduction = 0.00%)
[AdaptiveV2-IS] Score stats — min: 2.2170, p25: 2.8152, median: 3.1828, p75: 3.8961, max: 10.0000
[AdaptiveV2-IS] Step 2 — estimating params via quartile density …
[AdaptiveV2-IS] Quartile widths: Q1_frac=0.077, Q2_frac=0.047, total_range=7.7830
[AdaptiveV2-IS] Params: beta_q1=0.700, beta_q2=0.600, theta=0.243, imbalance_proxy=0.189
[AdaptiveV2-IS] Step 3 — applying quartile selection …
[AdaptiveV2-IS] Q1 (2163 instances): removing 1514 (beta_q1=0.700, uniform)
[AdaptiveV2-IS] Q2 (2163 instances): removing 1297 (beta_q2=0.600, uniform)
[AdaptiveV2-IS] Q4 (2163 instances): removing 526 (theta=0.243, weighted)
[AdaptiveV2-IS] Done — removed 3337 / 8652 (reduction = 38.57%)
[7.805649280548096, 4.721293926239014, 4.947611093521118, 4.7625181674957275]
Fold 4
[AdaptiveV2-IS] Step 1 — scoring via 'perplexity' …
[PerplexityIS] Fitting LDA with 10 topics on 8652 instances …
[PerplexityIS] Perplexity stats — min: 2.1906, median: 3.1748, max: 10.0000
[PerplexityIS] Redundancy threshold (p0.0): 2.1906 → 0 candidates
[PerplexityIS] Noise threshold (p100.0): 10.0000 → 0 candidates
[PerplexityIS] Removed 0 redundant + 0 noisy = 0 total instances
[PerplexityIS] Kept 8652 / 8652 (reduction = 0.00%)
[AdaptiveV2-IS] Score stats — min: 2.1906, p25: 2.8110, median: 3.1748, p75: 3.8883, max: 10.0000
[AdaptiveV2-IS] Step 2 — estimating params via quartile density …
[AdaptiveV2-IS] Quartile widths: Q1_frac=0.079, Q2_frac=0.047, total_range=7.8094
[AdaptiveV2-IS] Params: beta_q1=0.700, beta_q2=0.600, theta=0.244, imbalance_proxy=0.188
[AdaptiveV2-IS] Step 3 — applying quartile selection …
[AdaptiveV2-IS] Q1 (2163 instances): removing 1514 (beta_q1=0.700, uniform)
[AdaptiveV2-IS] Q2 (2163 instances): removing 1297 (beta_q2=0.600, uniform)
[AdaptiveV2-IS] Q4 (2163 instances): removing 526 (theta=0.244, weighted)
[AdaptiveV2-IS] Done — removed 3337 / 8652 (reduction = 38.57%)
[7.805649280548096, 4.721293926239014, 4.947611093521118, 4.7625181674957275, 4.680714130401611]
Fold 5
[AdaptiveV2-IS] Step 1 — scoring via 'perplexity' …
[PerplexityIS] Fitting LDA with 10 topics on 8652 instances …
[PerplexityIS] Perplexity stats — min: 2.1851, median: 3.1706, max: 10.0000
[PerplexityIS] Redundancy threshold (p0.0): 2.1851 → 0 candidates
[PerplexityIS] Noise threshold (p100.0): 10.0000 → 0 candidates
[PerplexityIS] Removed 0 redundant + 0 noisy = 0 total instances
[PerplexityIS] Kept 8652 / 8652 (reduction = 0.00%)
[AdaptiveV2-IS] Score stats — min: 2.1851, p25: 2.8041, median: 3.1706, p75: 3.8887, max: 10.0000
[AdaptiveV2-IS] Step 2 — estimating params via quartile density …
[AdaptiveV2-IS] Quartile widths: Q1_frac=0.079, Q2_frac=0.047, total_range=7.8149
[AdaptiveV2-IS] Params: beta_q1=0.700, beta_q2=0.600, theta=0.243, imbalance_proxy=0.189
[AdaptiveV2-IS] Step 3 — applying quartile selection …
[AdaptiveV2-IS] Q1 (2163 instances): removing 1514 (beta_q1=0.700, uniform)
[AdaptiveV2-IS] Q2 (2163 instances): removing 1297 (beta_q2=0.600, uniform)
[AdaptiveV2-IS] Q4 (2163 instances): removing 526 (theta=0.243, weighted)
[AdaptiveV2-IS] Done — removed 3337 / 8652 (reduction = 38.57%)
[7.805649280548096, 4.721293926239014, 4.947611093521118, 4.7625181674957275, 4.680714130401611, 4.935508489608765]
Fold 6
[AdaptiveV2-IS] Step 1 — scoring via 'perplexity' …
[PerplexityIS] Fitting LDA with 10 topics on 8652 instances …
[PerplexityIS] Perplexity stats — min: 2.1599, median: 3.1820, max: 10.0000
[PerplexityIS] Redundancy threshold (p0.0): 2.1599 → 0 candidates
[PerplexityIS] Noise threshold (p100.0): 10.0000 → 0 candidates
[PerplexityIS] Removed 0 redundant + 0 noisy = 0 total instances
[PerplexityIS] Kept 8652 / 8652 (reduction = 0.00%)
[AdaptiveV2-IS] Score stats — min: 2.1599, p25: 2.8131, median: 3.1820, p75: 3.8969, max: 10.0000
[AdaptiveV2-IS] Step 2 — estimating params via quartile density …
[AdaptiveV2-IS] Quartile widths: Q1_frac=0.083, Q2_frac=0.047, total_range=7.8401
[AdaptiveV2-IS] Params: beta_q1=0.700, beta_q2=0.600, theta=0.243, imbalance_proxy=0.191
[AdaptiveV2-IS] Step 3 — applying quartile selection …
[AdaptiveV2-IS] Q1 (2163 instances): removing 1514 (beta_q1=0.700, uniform)
[AdaptiveV2-IS] Q2 (2163 instances): removing 1297 (beta_q2=0.600, uniform)
[AdaptiveV2-IS] Q4 (2163 instances): removing 524 (theta=0.243, weighted)
[AdaptiveV2-IS] Done — removed 3335 / 8652 (reduction = 38.55%)
[7.805649280548096, 4.721293926239014, 4.947611093521118, 4.7625181674957275, 4.680714130401611, 4.935508489608765, 4.704193592071533]
Fold 7
[AdaptiveV2-IS] Step 1 — scoring via 'perplexity' …
[PerplexityIS] Fitting LDA with 10 topics on 8652 instances …
[PerplexityIS] Perplexity stats — min: 2.1446, median: 3.1812, max: 10.0000
[PerplexityIS] Redundancy threshold (p0.0): 2.1446 → 0 candidates
[PerplexityIS] Noise threshold (p100.0): 10.0000 → 0 candidates
[PerplexityIS] Removed 0 redundant + 0 noisy = 0 total instances
[PerplexityIS] Kept 8652 / 8652 (reduction = 0.00%)
[AdaptiveV2-IS] Score stats — min: 2.1446, p25: 2.8132, median: 3.1812, p75: 3.8952, max: 10.0000
[AdaptiveV2-IS] Step 2 — estimating params via quartile density …
[AdaptiveV2-IS] Quartile widths: Q1_frac=0.085, Q2_frac=0.047, total_range=7.8554
[AdaptiveV2-IS] Params: beta_q1=0.700, beta_q2=0.600, theta=0.243, imbalance_proxy=0.189
[AdaptiveV2-IS] Step 3 — applying quartile selection …
[AdaptiveV2-IS] Q1 (2163 instances): removing 1514 (beta_q1=0.700, uniform)
[AdaptiveV2-IS] Q2 (2163 instances): removing 1297 (beta_q2=0.600, uniform)
[AdaptiveV2-IS] Q4 (2163 instances): removing 526 (theta=0.243, weighted)
[AdaptiveV2-IS] Done — removed 3337 / 8652 (reduction = 38.57%)
[7.805649280548096, 4.721293926239014, 4.947611093521118, 4.7625181674957275, 4.680714130401611, 4.935508489608765, 4.704193592071533, 4.9054059982299805]
Fold 8
[AdaptiveV2-IS] Step 1 — scoring via 'perplexity' …
[PerplexityIS] Fitting LDA with 10 topics on 8652 instances …
[PerplexityIS] Perplexity stats — min: 2.1604, median: 3.1799, max: 10.0000
[PerplexityIS] Redundancy threshold (p0.0): 2.1604 → 0 candidates
[PerplexityIS] Noise threshold (p100.0): 10.0000 → 0 candidates
[PerplexityIS] Removed 0 redundant + 0 noisy = 0 total instances
[PerplexityIS] Kept 8652 / 8652 (reduction = 0.00%)
[AdaptiveV2-IS] Score stats — min: 2.1604, p25: 2.8125, median: 3.1799, p75: 3.8926, max: 10.0000
[AdaptiveV2-IS] Step 2 — estimating params via quartile density …
[AdaptiveV2-IS] Quartile widths: Q1_frac=0.083, Q2_frac=0.047, total_range=7.8396
[AdaptiveV2-IS] Params: beta_q1=0.700, beta_q2=0.600, theta=0.243, imbalance_proxy=0.188
[AdaptiveV2-IS] Step 3 — applying quartile selection …
[AdaptiveV2-IS] Q1 (2163 instances): removing 1514 (beta_q1=0.700, uniform)
[AdaptiveV2-IS] Q2 (2163 instances): removing 1297 (beta_q2=0.600, uniform)
[AdaptiveV2-IS] Q4 (2163 instances): removing 526 (theta=0.243, weighted)
[AdaptiveV2-IS] Done — removed 3337 / 8652 (reduction = 38.57%)
[7.805649280548096, 4.721293926239014, 4.947611093521118, 4.7625181674957275, 4.680714130401611, 4.935508489608765, 4.704193592071533, 4.9054059982299805, 4.743485927581787]
Fold 9
[AdaptiveV2-IS] Step 1 — scoring via 'perplexity' …
[PerplexityIS] Fitting LDA with 10 topics on 8652 instances …
[PerplexityIS] Perplexity stats — min: 2.1440, median: 3.1784, max: 10.0000
[PerplexityIS] Redundancy threshold (p0.0): 2.1440 → 0 candidates
[PerplexityIS] Noise threshold (p100.0): 10.0000 → 0 candidates
[PerplexityIS] Removed 0 redundant + 0 noisy = 0 total instances
[PerplexityIS] Kept 8652 / 8652 (reduction = 0.00%)
[AdaptiveV2-IS] Score stats — min: 2.1440, p25: 2.8131, median: 3.1784, p75: 3.8957, max: 10.0000
[AdaptiveV2-IS] Step 2 — estimating params via quartile density …
[AdaptiveV2-IS] Quartile widths: Q1_frac=0.085, Q2_frac=0.046, total_range=7.8560
[AdaptiveV2-IS] Params: beta_q1=0.700, beta_q2=0.600, theta=0.243, imbalance_proxy=0.189
[AdaptiveV2-IS] Step 3 — applying quartile selection …
[AdaptiveV2-IS] Q1 (2163 instances): removing 1514 (beta_q1=0.700, uniform)
[AdaptiveV2-IS] Q2 (2163 instances): removing 1297 (beta_q2=0.600, uniform)
[AdaptiveV2-IS] Q4 (2163 instances): removing 526 (theta=0.243, weighted)
[AdaptiveV2-IS] Done — removed 3337 / 8652 (reduction = 38.57%)
[7.805649280548096, 4.721293926239014, 4.947611093521118, 4.7625181674957275, 4.680714130401611, 4.935508489608765, 4.704193592071533, 4.9054059982299805, 4.743485927581787, 4.892791032791138]
END
Dataset: twitter
  Method: no-is
Namespace(dataset='twitter', method='no-is', folds=10, save=True, inputrep='tfidf', out='/app/unsupervised-is/resources/outsel', datain='/app/unsupervised-is/resources/datasets', overwrite=1, inputdir='/app/unsupervised-is/resources/datasets/twitter/tfidf/', splitdir='/app/unsupervised-is/resources/datasets/twitter/splits/', outputdir='/app/unsupervised-is/resources/outsel/selection/twitter/', filename='/app/unsupervised-is/resources/outsel/selection/twitter//saida_no-is', start_time='05-06-2026 02:31:22')
/app/unsupervised-is/resources/datasets/twitter/splits//split_10.pkl
Fold 0
[0.00395512580871582]
Fold 1
[0.00395512580871582, 0.003378152847290039]
Fold 2
[0.00395512580871582, 0.003378152847290039, 0.0034332275390625]
Fold 3
[0.00395512580871582, 0.003378152847290039, 0.0034332275390625, 0.003373861312866211]
Fold 4
[0.00395512580871582, 0.003378152847290039, 0.0034332275390625, 0.003373861312866211, 0.003938436508178711]
Fold 5
[0.00395512580871582, 0.003378152847290039, 0.0034332275390625, 0.003373861312866211, 0.003938436508178711, 0.003717660903930664]
Fold 6
[0.00395512580871582, 0.003378152847290039, 0.0034332275390625, 0.003373861312866211, 0.003938436508178711, 0.003717660903930664, 0.0033829212188720703]
Fold 7
[0.00395512580871582, 0.003378152847290039, 0.0034332275390625, 0.003373861312866211, 0.003938436508178711, 0.003717660903930664, 0.0033829212188720703, 0.00342559814453125]
Fold 8
[0.00395512580871582, 0.003378152847290039, 0.0034332275390625, 0.003373861312866211, 0.003938436508178711, 0.003717660903930664, 0.0033829212188720703, 0.00342559814453125, 0.0034427642822265625]
Fold 9
[0.00395512580871582, 0.003378152847290039, 0.0034332275390625, 0.003373861312866211, 0.003938436508178711, 0.003717660903930664, 0.0033829212188720703, 0.00342559814453125, 0.0034427642822265625, 0.003451108932495117]
END
  Method: biois
Namespace(dataset='twitter', method='biois', folds=10, save=True, inputrep='tfidf', out='/app/unsupervised-is/resources/outsel', datain='/app/unsupervised-is/resources/datasets', overwrite=1, inputdir='/app/unsupervised-is/resources/datasets/twitter/tfidf/', splitdir='/app/unsupervised-is/resources/datasets/twitter/splits/', outputdir='/app/unsupervised-is/resources/outsel/selection/twitter/', filename='/app/unsupervised-is/resources/outsel/selection/twitter//saida_biois', start_time='05-06-2026 02:31:26')
/app/unsupervised-is/resources/datasets/twitter/splits//split_10.pkl
Fold 0
fitting_alpha_by_lr_default
LogisticRegression()
LogisticRegression()
LogisticRegression()
LogisticRegression()
LogisticRegression()
Micro: 0.7705256471335556
Macro: 0.4720809169756763
identifyNoiseByLowerNNEntropy
[16.444907903671265]
Fold 1
fitting_alpha_by_lr_default
LogisticRegression()
LogisticRegression()
LogisticRegression()
LogisticRegression()
LogisticRegression()
Micro: 0.7703668413530252
Macro: 0.47406220900281765
identifyNoiseByLowerNNEntropy
[16.444907903671265, 116.3361668586731]
Fold 2
fitting_alpha_by_lr_default
LogisticRegression()
LogisticRegression()
LogisticRegression()
LogisticRegression()
LogisticRegression()
Micro: 0.7708432586946165
Macro: 0.4720408082862621
identifyNoiseByLowerNNEntropy
[16.444907903671265, 116.3361668586731, 189.77096462249756]
Fold 3
fitting_alpha_by_lr_default
LogisticRegression()
LogisticRegression()
LogisticRegression()
LogisticRegression()
LogisticRegression()
Micro: 0.7710020644751469
Macro: 0.4706865915324381
identifyNoiseByLowerNNEntropy
[16.444907903671265, 116.3361668586731, 189.77096462249756, 173.17831540107727]
Fold 4
fitting_alpha_by_lr_default
LogisticRegression()
LogisticRegression()
LogisticRegression()
LogisticRegression()
LogisticRegression()
Micro: 0.7694140066698428
Macro: 0.46866742497575725
identifyNoiseByLowerNNEntropy
[16.444907903671265, 116.3361668586731, 189.77096462249756, 173.17831540107727, 160.47364211082458]
Fold 5
fitting_alpha_by_lr_default
LogisticRegression()
LogisticRegression()
LogisticRegression()
LogisticRegression()
LogisticRegression()
Micro: 0.7694140066698428
Macro: 0.4731741902278739
identifyNoiseByLowerNNEntropy
[16.444907903671265, 116.3361668586731, 189.77096462249756, 173.17831540107727, 160.47364211082458, 205.23512649536133]
Fold 6
fitting_alpha_by_lr_default
LogisticRegression()
LogisticRegression()
LogisticRegression()
LogisticRegression()
LogisticRegression()
Micro: 0.7694140066698428
Macro: 0.4680129198006879
identifyNoiseByLowerNNEntropy
[16.444907903671265, 116.3361668586731, 189.77096462249756, 173.17831540107727, 160.47364211082458, 205.23512649536133, 178.07460045814514]
Fold 7
fitting_alpha_by_lr_default
LogisticRegression()
LogisticRegression()
LogisticRegression()
LogisticRegression()
LogisticRegression()
Micro: 0.7705620832010162
Macro: 0.4756341567642149
identifyNoiseByLowerNNEntropy
[16.444907903671265, 116.3361668586731, 189.77096462249756, 173.17831540107727, 160.47364211082458, 205.23512649536133, 178.07460045814514, 169.34694910049438]
Fold 8
fitting_alpha_by_lr_default
LogisticRegression()
LogisticRegression()
LogisticRegression()
LogisticRegression()
LogisticRegression()
Micro: 0.7697681803747222
Macro: 0.4696089674224322
identifyNoiseByLowerNNEntropy
[16.444907903671265, 116.3361668586731, 189.77096462249756, 173.17831540107727, 160.47364211082458, 205.23512649536133, 178.07460045814514, 169.34694910049438, 172.8716070652008]
Fold 9
fitting_alpha_by_lr_default
LogisticRegression()
LogisticRegression()
LogisticRegression()
LogisticRegression()
LogisticRegression()
Micro: 0.7713559860273103
Macro: 0.473609517225058
identifyNoiseByLowerNNEntropy
[16.444907903671265, 116.3361668586731, 189.77096462249756, 173.17831540107727, 160.47364211082458, 205.23512649536133, 178.07460045814514, 169.34694910049438, 172.8716070652008, 195.12751388549805]
END
  Method: perplexity-is
Namespace(dataset='twitter', method='perplexity-is', folds=10, save=True, inputrep='tfidf', out='/app/unsupervised-is/resources/outsel', datain='/app/unsupervised-is/resources/datasets', overwrite=1, inputdir='/app/unsupervised-is/resources/datasets/twitter/tfidf/', splitdir='/app/unsupervised-is/resources/datasets/twitter/splits/', outputdir='/app/unsupervised-is/resources/outsel/selection/twitter/', filename='/app/unsupervised-is/resources/outsel/selection/twitter//saida_perplexity-is', start_time='05-06-2026 02:57:47')
/app/unsupervised-is/resources/datasets/twitter/splits//split_10.pkl
Fold 0
[PerplexityIS] Fitting LDA with 10 topics on 6297 instances …
[PerplexityIS] Perplexity stats — min: 1.8736, median: 3.3379, max: 6.3511
[PerplexityIS] Redundancy threshold (p40): 3.1374 → 2519 candidates
[PerplexityIS] Redundant instances: 2519, removing 1511 with beta=0.6
[PerplexityIS] Noise threshold (p70): 3.7451 → 1889 candidates
[PerplexityIS] Noise instances: 1889, removing 377 with theta=0.2
[PerplexityIS] Removed 1511 redundant + 377 noisy = 1888 total instances
[PerplexityIS] Kept 4409 / 6297 (reduction = 29.98%)
[7.730713129043579]
Fold 1
[PerplexityIS] Fitting LDA with 10 topics on 6297 instances …
[PerplexityIS] Perplexity stats — min: 1.9111, median: 3.2742, max: 6.7960
[PerplexityIS] Redundancy threshold (p40): 3.0493 → 2519 candidates
[PerplexityIS] Redundant instances: 2519, removing 1511 with beta=0.6
[PerplexityIS] Noise threshold (p70): 3.7059 → 1889 candidates
[PerplexityIS] Noise instances: 1889, removing 377 with theta=0.2
[PerplexityIS] Removed 1511 redundant + 377 noisy = 1888 total instances
[PerplexityIS] Kept 4409 / 6297 (reduction = 29.98%)
[7.730713129043579, 4.42327880859375]
Fold 2
[PerplexityIS] Fitting LDA with 10 topics on 6297 instances …
[PerplexityIS] Perplexity stats — min: 1.9113, median: 3.4227, max: 6.8711
[PerplexityIS] Redundancy threshold (p40): 3.1994 → 2519 candidates
[PerplexityIS] Redundant instances: 2519, removing 1511 with beta=0.6
[PerplexityIS] Noise threshold (p70): 3.8132 → 1889 candidates
[PerplexityIS] Noise instances: 1889, removing 377 with theta=0.2
[PerplexityIS] Removed 1511 redundant + 377 noisy = 1888 total instances
[PerplexityIS] Kept 4409 / 6297 (reduction = 29.98%)
[7.730713129043579, 4.42327880859375, 4.343075275421143]
Fold 3
[PerplexityIS] Fitting LDA with 10 topics on 6297 instances …
[PerplexityIS] Perplexity stats — min: 1.9015, median: 3.3368, max: 6.0134
[PerplexityIS] Redundancy threshold (p40): 3.1360 → 2519 candidates
[PerplexityIS] Redundant instances: 2519, removing 1511 with beta=0.6
[PerplexityIS] Noise threshold (p70): 3.7289 → 1889 candidates
[PerplexityIS] Noise instances: 1889, removing 377 with theta=0.2
[PerplexityIS] Removed 1511 redundant + 377 noisy = 1888 total instances
[PerplexityIS] Kept 4409 / 6297 (reduction = 29.98%)
[7.730713129043579, 4.42327880859375, 4.343075275421143, 4.108293533325195]
Fold 4
[PerplexityIS] Fitting LDA with 10 topics on 6297 instances …
[PerplexityIS] Perplexity stats — min: 1.9142, median: 3.4297, max: 6.4099
[PerplexityIS] Redundancy threshold (p40): 3.1992 → 2519 candidates
[PerplexityIS] Redundant instances: 2519, removing 1511 with beta=0.6
[PerplexityIS] Noise threshold (p70): 3.8108 → 1889 candidates
[PerplexityIS] Noise instances: 1889, removing 377 with theta=0.2
[PerplexityIS] Removed 1511 redundant + 377 noisy = 1888 total instances
[PerplexityIS] Kept 4409 / 6297 (reduction = 29.98%)
[7.730713129043579, 4.42327880859375, 4.343075275421143, 4.108293533325195, 4.384439706802368]
Fold 5
[PerplexityIS] Fitting LDA with 10 topics on 6297 instances …
[PerplexityIS] Perplexity stats — min: 1.9065, median: 3.3631, max: 6.3668
[PerplexityIS] Redundancy threshold (p40): 3.1627 → 2519 candidates
[PerplexityIS] Redundant instances: 2519, removing 1511 with beta=0.6
[PerplexityIS] Noise threshold (p70): 3.7605 → 1889 candidates
[PerplexityIS] Noise instances: 1889, removing 377 with theta=0.2
[PerplexityIS] Removed 1511 redundant + 377 noisy = 1888 total instances
[PerplexityIS] Kept 4409 / 6297 (reduction = 29.98%)
[7.730713129043579, 4.42327880859375, 4.343075275421143, 4.108293533325195, 4.384439706802368, 3.941348075866699]
Fold 6
[PerplexityIS] Fitting LDA with 10 topics on 6297 instances …
[PerplexityIS] Perplexity stats — min: 1.9050, median: 3.2578, max: 6.5676
[PerplexityIS] Redundancy threshold (p40): 3.0576 → 2519 candidates
[PerplexityIS] Redundant instances: 2519, removing 1511 with beta=0.6
[PerplexityIS] Noise threshold (p70): 3.6730 → 1889 candidates
[PerplexityIS] Noise instances: 1889, removing 377 with theta=0.2
[PerplexityIS] Removed 1511 redundant + 377 noisy = 1888 total instances
[PerplexityIS] Kept 4409 / 6297 (reduction = 29.98%)
[7.730713129043579, 4.42327880859375, 4.343075275421143, 4.108293533325195, 4.384439706802368, 3.941348075866699, 3.813387155532837]
Fold 7
[PerplexityIS] Fitting LDA with 10 topics on 6298 instances …
[PerplexityIS] Perplexity stats — min: 1.8960, median: 3.1669, max: 6.7413
[PerplexityIS] Redundancy threshold (p40): 2.9778 → 2519 candidates
[PerplexityIS] Redundant instances: 2519, removing 1511 with beta=0.6
[PerplexityIS] Noise threshold (p70): 3.5870 → 1890 candidates
[PerplexityIS] Noise instances: 1890, removing 378 with theta=0.2
[PerplexityIS] Removed 1511 redundant + 378 noisy = 1889 total instances
[PerplexityIS] Kept 4409 / 6298 (reduction = 29.99%)
[7.730713129043579, 4.42327880859375, 4.343075275421143, 4.108293533325195, 4.384439706802368, 3.941348075866699, 3.813387155532837, 3.7756187915802]
Fold 8
[PerplexityIS] Fitting LDA with 10 topics on 6298 instances …
[PerplexityIS] Perplexity stats — min: 1.9100, median: 3.4664, max: 6.1867
[PerplexityIS] Redundancy threshold (p40): 3.2620 → 2519 candidates
[PerplexityIS] Redundant instances: 2519, removing 1511 with beta=0.6
[PerplexityIS] Noise threshold (p70): 3.8411 → 1890 candidates
[PerplexityIS] Noise instances: 1890, removing 378 with theta=0.2
[PerplexityIS] Removed 1511 redundant + 378 noisy = 1889 total instances
[PerplexityIS] Kept 4409 / 6298 (reduction = 29.99%)
[7.730713129043579, 4.42327880859375, 4.343075275421143, 4.108293533325195, 4.384439706802368, 3.941348075866699, 3.813387155532837, 3.7756187915802, 4.189273118972778]
Fold 9
[PerplexityIS] Fitting LDA with 10 topics on 6298 instances …
[PerplexityIS] Perplexity stats — min: 1.9067, median: 3.4431, max: 6.6371
[PerplexityIS] Redundancy threshold (p40): 3.2253 → 2519 candidates
[PerplexityIS] Redundant instances: 2519, removing 1511 with beta=0.6
[PerplexityIS] Noise threshold (p70): 3.8448 → 1890 candidates
[PerplexityIS] Noise instances: 1890, removing 378 with theta=0.2
[PerplexityIS] Removed 1511 redundant + 378 noisy = 1889 total instances
[PerplexityIS] Kept 4409 / 6298 (reduction = 29.99%)
[7.730713129043579, 4.42327880859375, 4.343075275421143, 4.108293533325195, 4.384439706802368, 3.941348075866699, 3.813387155532837, 3.7756187915802, 4.189273118972778, 3.9740350246429443]
END
  Method: autoencoder-is
Namespace(dataset='twitter', method='autoencoder-is', folds=10, save=True, inputrep='tfidf', out='/app/unsupervised-is/resources/outsel', datain='/app/unsupervised-is/resources/datasets', overwrite=1, inputdir='/app/unsupervised-is/resources/datasets/twitter/tfidf/', splitdir='/app/unsupervised-is/resources/datasets/twitter/splits/', outputdir='/app/unsupervised-is/resources/outsel/selection/twitter/', filename='/app/unsupervised-is/resources/outsel/selection/twitter//saida_autoencoder-is', start_time='05-06-2026 02:58:37')
/app/unsupervised-is/resources/datasets/twitter/splits//split_10.pkl
Fold 0
[AE-IS] Using GPU: NVIDIA A100-SXM4-80GB
[AE-IS] Architecture: 8135 → 20 → 10 → 20 → 8135
[AE-IS] Training autoencoder on 6297 instances (8135 features) for up to 20 epochs …
  Epoch   1/20 — loss: 1.146370 (best: 1.146370)
  Epoch  10/20 — loss: 1.006735 (best: 1.005365)
  Epoch  20/20 — loss: 0.999200 (best: 0.999200)
[AE-IS] Training finished — best loss: 0.999200
[AE-IS] Reconstruction error stats — min: 0.081748, median: 0.945141, max: 3.973039
[AE-IS] Redundant instances: 2519, removing 1511 with beta=0.6
[AE-IS] Noise instances: 1889, removing 377 with theta=0.2
[AE-IS] Removed 1511 redundant + 377 noisy = 1888 total instances
[AE-IS] Kept 4409 / 6297 (reduction = 29.98%)
[7.879354238510132]
Fold 1
[AE-IS] Using GPU: NVIDIA A100-SXM4-80GB
[AE-IS] Architecture: 8110 → 20 → 10 → 20 → 8110
[AE-IS] Training autoencoder on 6297 instances (8110 features) for up to 20 epochs …
  Epoch   1/20 — loss: 1.144838 (best: 1.144838)
  Epoch  10/20 — loss: 1.005313 (best: 1.005313)
  Epoch  20/20 — loss: 0.998836 (best: 0.998836)
[AE-IS] Training finished — best loss: 0.998836
[AE-IS] Reconstruction error stats — min: 0.082933, median: 0.944566, max: 3.613398
[AE-IS] Redundant instances: 2519, removing 1511 with beta=0.6
[AE-IS] Noise instances: 1889, removing 377 with theta=0.2
[AE-IS] Removed 1511 redundant + 377 noisy = 1888 total instances
[AE-IS] Kept 4409 / 6297 (reduction = 29.98%)
[7.879354238510132, 6.809083700180054]
Fold 2
[AE-IS] Using GPU: NVIDIA A100-SXM4-80GB
[AE-IS] Architecture: 8049 → 20 → 10 → 20 → 8049
[AE-IS] Training autoencoder on 6297 instances (8049 features) for up to 20 epochs …
  Epoch   1/20 — loss: 1.147905 (best: 1.147905)
  Epoch  10/20 — loss: 1.005486 (best: 1.005486)
  Epoch  20/20 — loss: 0.999832 (best: 0.999638)
[AE-IS] Training finished — best loss: 0.999638
[AE-IS] Reconstruction error stats — min: 0.081049, median: 0.939942, max: 3.963725
[AE-IS] Redundant instances: 2519, removing 1511 with beta=0.6
[AE-IS] Noise instances: 1889, removing 377 with theta=0.2
[AE-IS] Removed 1511 redundant + 377 noisy = 1888 total instances
[AE-IS] Kept 4409 / 6297 (reduction = 29.98%)
[7.879354238510132, 6.809083700180054, 6.539627313613892]
Fold 3
[AE-IS] Using GPU: NVIDIA A100-SXM4-80GB
[AE-IS] Architecture: 8073 → 20 → 10 → 20 → 8073
[AE-IS] Training autoencoder on 6297 instances (8073 features) for up to 20 epochs …
  Epoch   1/20 — loss: 1.147450 (best: 1.147450)
  Epoch  10/20 — loss: 1.004545 (best: 1.004545)
  Epoch  20/20 — loss: 0.999905 (best: 0.999905)
[AE-IS] Training finished — best loss: 0.999905
[AE-IS] Reconstruction error stats — min: 0.081136, median: 0.941163, max: 5.580162
[AE-IS] Redundant instances: 2519, removing 1511 with beta=0.6
[AE-IS] Noise instances: 1889, removing 377 with theta=0.2
[AE-IS] Removed 1511 redundant + 377 noisy = 1888 total instances
[AE-IS] Kept 4409 / 6297 (reduction = 29.98%)
[7.879354238510132, 6.809083700180054, 6.539627313613892, 5.788097143173218]
Fold 4
[AE-IS] Using GPU: NVIDIA A100-SXM4-80GB
[AE-IS] Architecture: 8092 → 20 → 10 → 20 → 8092
[AE-IS] Training autoencoder on 6297 instances (8092 features) for up to 20 epochs …
  Epoch   1/20 — loss: 1.145733 (best: 1.145733)
  Epoch  10/20 — loss: 1.005746 (best: 1.005746)
  Epoch  20/20 — loss: 0.999099 (best: 0.998811)
[AE-IS] Training finished — best loss: 0.998811
[AE-IS] Reconstruction error stats — min: 0.081336, median: 0.936997, max: 5.682158
[AE-IS] Redundant instances: 2519, removing 1511 with beta=0.6
[AE-IS] Noise instances: 1889, removing 377 with theta=0.2
[AE-IS] Removed 1511 redundant + 377 noisy = 1888 total instances
[AE-IS] Kept 4409 / 6297 (reduction = 29.98%)
[7.879354238510132, 6.809083700180054, 6.539627313613892, 5.788097143173218, 5.824600696563721]
Fold 5
[AE-IS] Using GPU: NVIDIA A100-SXM4-80GB
[AE-IS] Architecture: 8158 → 20 → 10 → 20 → 8158
[AE-IS] Training autoencoder on 6297 instances (8158 features) for up to 20 epochs …
  Epoch   1/20 — loss: 1.144488 (best: 1.144488)
  Epoch  10/20 — loss: 1.005126 (best: 1.005126)
  Epoch  20/20 — loss: 0.999016 (best: 0.999016)
[AE-IS] Training finished — best loss: 0.999016
[AE-IS] Reconstruction error stats — min: 0.080412, median: 0.939244, max: 5.509714
[AE-IS] Redundant instances: 2519, removing 1511 with beta=0.6
[AE-IS] Noise instances: 1889, removing 377 with theta=0.2
[AE-IS] Removed 1511 redundant + 377 noisy = 1888 total instances
[AE-IS] Kept 4409 / 6297 (reduction = 29.98%)
[7.879354238510132, 6.809083700180054, 6.539627313613892, 5.788097143173218, 5.824600696563721, 5.690035104751587]
Fold 6
[AE-IS] Using GPU: NVIDIA A100-SXM4-80GB
[AE-IS] Architecture: 8104 → 20 → 10 → 20 → 8104
[AE-IS] Training autoencoder on 6297 instances (8104 features) for up to 20 epochs …
  Epoch   1/20 — loss: 1.140729 (best: 1.140729)
  Epoch  10/20 — loss: 1.005390 (best: 1.005390)
  Epoch  20/20 — loss: 0.999498 (best: 0.999498)
[AE-IS] Training finished — best loss: 0.999498
[AE-IS] Reconstruction error stats — min: 0.085300, median: 0.934148, max: 5.423854
[AE-IS] Redundant instances: 2519, removing 1511 with beta=0.6
[AE-IS] Noise instances: 1889, removing 377 with theta=0.2
[AE-IS] Removed 1511 redundant + 377 noisy = 1888 total instances
[AE-IS] Kept 4409 / 6297 (reduction = 29.98%)
[7.879354238510132, 6.809083700180054, 6.539627313613892, 5.788097143173218, 5.824600696563721, 5.690035104751587, 5.685104846954346]
Fold 7
[AE-IS] Using GPU: NVIDIA A100-SXM4-80GB
[AE-IS] Architecture: 8127 → 20 → 10 → 20 → 8127
[AE-IS] Training autoencoder on 6298 instances (8127 features) for up to 20 epochs …
  Epoch   1/20 — loss: 1.145073 (best: 1.145073)
  Epoch  10/20 — loss: 1.004333 (best: 1.004333)
  Epoch  20/20 — loss: 0.999494 (best: 0.999494)
[AE-IS] Training finished — best loss: 0.999494
[AE-IS] Reconstruction error stats — min: 0.081967, median: 0.931641, max: 5.327944
[AE-IS] Redundant instances: 2519, removing 1511 with beta=0.6
[AE-IS] Noise instances: 1890, removing 378 with theta=0.2
[AE-IS] Removed 1511 redundant + 378 noisy = 1889 total instances
[AE-IS] Kept 4409 / 6298 (reduction = 29.99%)
[7.879354238510132, 6.809083700180054, 6.539627313613892, 5.788097143173218, 5.824600696563721, 5.690035104751587, 5.685104846954346, 5.83155083656311]
Fold 8
[AE-IS] Using GPU: NVIDIA A100-SXM4-80GB
[AE-IS] Architecture: 8131 → 20 → 10 → 20 → 8131
[AE-IS] Training autoencoder on 6298 instances (8131 features) for up to 20 epochs …
  Epoch   1/20 — loss: 1.139645 (best: 1.139645)
  Epoch  10/20 — loss: 1.005357 (best: 1.005357)
  Epoch  20/20 — loss: 1.000011 (best: 1.000011)
[AE-IS] Training finished — best loss: 1.000011
[AE-IS] Reconstruction error stats — min: 0.081053, median: 0.936894, max: 5.506378
[AE-IS] Redundant instances: 2519, removing 1511 with beta=0.6
[AE-IS] Noise instances: 1890, removing 378 with theta=0.2
[AE-IS] Removed 1511 redundant + 378 noisy = 1889 total instances
[AE-IS] Kept 4409 / 6298 (reduction = 29.99%)
[7.879354238510132, 6.809083700180054, 6.539627313613892, 5.788097143173218, 5.824600696563721, 5.690035104751587, 5.685104846954346, 5.83155083656311, 5.847942113876343]
Fold 9
[AE-IS] Using GPU: NVIDIA A100-SXM4-80GB
[AE-IS] Architecture: 8112 → 20 → 10 → 20 → 8112
[AE-IS] Training autoencoder on 6298 instances (8112 features) for up to 20 epochs …
  Epoch   1/20 — loss: 1.138154 (best: 1.138154)
  Epoch  10/20 — loss: 1.004757 (best: 1.004757)
  Epoch  20/20 — loss: 0.998778 (best: 0.998778)
[AE-IS] Training finished — best loss: 0.998778
[AE-IS] Reconstruction error stats — min: 0.079459, median: 0.937914, max: 5.917241
[AE-IS] Redundant instances: 2519, removing 1511 with beta=0.6
[AE-IS] Noise instances: 1890, removing 378 with theta=0.2
[AE-IS] Removed 1511 redundant + 378 noisy = 1889 total instances
[AE-IS] Kept 4409 / 6298 (reduction = 29.99%)
[7.879354238510132, 6.809083700180054, 6.539627313613892, 5.788097143173218, 5.824600696563721, 5.690035104751587, 5.685104846954346, 5.83155083656311, 5.847942113876343, 5.814592599868774]
END
  Method: gmm-is
Namespace(dataset='twitter', method='gmm-is', folds=10, save=True, inputrep='tfidf', out='/app/unsupervised-is/resources/outsel', datain='/app/unsupervised-is/resources/datasets', overwrite=1, inputdir='/app/unsupervised-is/resources/datasets/twitter/tfidf/', splitdir='/app/unsupervised-is/resources/datasets/twitter/splits/', outputdir='/app/unsupervised-is/resources/outsel/selection/twitter/', filename='/app/unsupervised-is/resources/outsel/selection/twitter//saida_gmm-is', start_time='05-06-2026 02:59:46')
/app/unsupervised-is/resources/datasets/twitter/splits//split_10.pkl
Fold 0
[GMM] Redundant instances: 2519, removing 1511 with beta=0.6
[GMM] Noise instances: 1889, removing 377 with theta=0.2
[GMM] Removed 1511 redundant + 377 noisy = 1888 total instances
[GMM] Kept 4409 / 6297 (reduction = 29.98%)
[4.032275676727295]
Fold 1
[GMM] Redundant instances: 2519, removing 1511 with beta=0.6
[GMM] Noise instances: 1889, removing 377 with theta=0.2
[GMM] Removed 1511 redundant + 377 noisy = 1888 total instances
[GMM] Kept 4409 / 6297 (reduction = 29.98%)
[4.032275676727295, 5.080249071121216]
Fold 2
[GMM] Redundant instances: 2519, removing 1511 with beta=0.6
[GMM] Noise instances: 1889, removing 377 with theta=0.2
[GMM] Removed 1511 redundant + 377 noisy = 1888 total instances
[GMM] Kept 4409 / 6297 (reduction = 29.98%)
[4.032275676727295, 5.080249071121216, 5.7807440757751465]
Fold 3
[GMM] Redundant instances: 2519, removing 1511 with beta=0.6
[GMM] Noise instances: 1889, removing 377 with theta=0.2
[GMM] Removed 1511 redundant + 377 noisy = 1888 total instances
[GMM] Kept 4409 / 6297 (reduction = 29.98%)
[4.032275676727295, 5.080249071121216, 5.7807440757751465, 5.898508071899414]
Fold 4
[GMM] Redundant instances: 2519, removing 1511 with beta=0.6
[GMM] Noise instances: 1889, removing 377 with theta=0.2
[GMM] Removed 1511 redundant + 377 noisy = 1888 total instances
[GMM] Kept 4409 / 6297 (reduction = 29.98%)
[4.032275676727295, 5.080249071121216, 5.7807440757751465, 5.898508071899414, 17.169430255889893]
Fold 5
[GMM] Redundant instances: 2519, removing 1511 with beta=0.6
[GMM] Noise instances: 1889, removing 377 with theta=0.2
[GMM] Removed 1511 redundant + 377 noisy = 1888 total instances
[GMM] Kept 4409 / 6297 (reduction = 29.98%)
[4.032275676727295, 5.080249071121216, 5.7807440757751465, 5.898508071899414, 17.169430255889893, 14.882756233215332]
Fold 6
[GMM] Redundant instances: 2519, removing 1511 with beta=0.6
[GMM] Noise instances: 1889, removing 377 with theta=0.2
[GMM] Removed 1511 redundant + 377 noisy = 1888 total instances
[GMM] Kept 4409 / 6297 (reduction = 29.98%)
[4.032275676727295, 5.080249071121216, 5.7807440757751465, 5.898508071899414, 17.169430255889893, 14.882756233215332, 18.36541485786438]
Fold 7
[GMM] Redundant instances: 2519, removing 1511 with beta=0.6
[GMM] Noise instances: 1890, removing 378 with theta=0.2
[GMM] Removed 1511 redundant + 378 noisy = 1889 total instances
[GMM] Kept 4409 / 6298 (reduction = 29.99%)
[4.032275676727295, 5.080249071121216, 5.7807440757751465, 5.898508071899414, 17.169430255889893, 14.882756233215332, 18.36541485786438, 13.999495029449463]
Fold 8
[GMM] Redundant instances: 2519, removing 1511 with beta=0.6
[GMM] Noise instances: 1890, removing 378 with theta=0.2
[GMM] Removed 1511 redundant + 378 noisy = 1889 total instances
[GMM] Kept 4409 / 6298 (reduction = 29.99%)
[4.032275676727295, 5.080249071121216, 5.7807440757751465, 5.898508071899414, 17.169430255889893, 14.882756233215332, 18.36541485786438, 13.999495029449463, 15.309014320373535]
Fold 9
[GMM] Redundant instances: 2519, removing 1511 with beta=0.6
[GMM] Noise instances: 1890, removing 378 with theta=0.2
[GMM] Removed 1511 redundant + 378 noisy = 1889 total instances
[GMM] Kept 4409 / 6298 (reduction = 29.99%)
[4.032275676727295, 5.080249071121216, 5.7807440757751465, 5.898508071899414, 17.169430255889893, 14.882756233215332, 18.36541485786438, 13.999495029449463, 15.309014320373535, 15.464223623275757]
END
  Method: adaptive-perplexity
Namespace(dataset='twitter', method='adaptive-perplexity', folds=10, save=True, inputrep='tfidf', out='/app/unsupervised-is/resources/outsel', datain='/app/unsupervised-is/resources/datasets', overwrite=1, inputdir='/app/unsupervised-is/resources/datasets/twitter/tfidf/', splitdir='/app/unsupervised-is/resources/datasets/twitter/splits/', outputdir='/app/unsupervised-is/resources/outsel/selection/twitter/', filename='/app/unsupervised-is/resources/outsel/selection/twitter//saida_adaptive-perplexity', start_time='05-06-2026 03:01:47')
/app/unsupervised-is/resources/datasets/twitter/splits//split_10.pkl
Fold 0
[Adaptive-IS] Step 1 — computing scores via 'perplexity' …
[PerplexityIS] Fitting LDA with 10 topics on 6297 instances …
[PerplexityIS] Perplexity stats — min: 1.8736, median: 3.3379, max: 6.3511
[PerplexityIS] Redundancy threshold (p0.0): 1.8736 → 0 candidates
[PerplexityIS] Noise threshold (p100.0): 6.3511 → 0 candidates
[PerplexityIS] Removed 0 redundant + 0 noisy = 0 total instances
[PerplexityIS] Kept 6297 / 6297 (reduction = 0.00%)
[Adaptive-IS] Score stats — min: 1.8736, median: 3.3379, max: 6.3511
[Adaptive-IS] Step 2 — estimating thresholds via 'gmm_boundary' …
[Adaptive-IS] Estimated params — low_percentile=48.7, high_percentile=87.9, beta=0.489, theta=0.306, imbalance_proxy=0.205
[Adaptive-IS] GMM component means: [2.6166678321235004, 3.45465256877628, 4.173728815707193]
[Adaptive-IS] Step 3 — applying selection …
[Adaptive-IS] Redundant candidates: 3067, removing 1499 (beta=0.489)
[Adaptive-IS] Noise candidates: 760, removing 232 (theta=0.306)
[Adaptive-IS] Removed 1731 instances — kept 4566 / 6297 (reduction = 27.49%)
[7.447872638702393]
Fold 1
[Adaptive-IS] Step 1 — computing scores via 'perplexity' …
[PerplexityIS] Fitting LDA with 10 topics on 6297 instances …
[PerplexityIS] Perplexity stats — min: 1.9111, median: 3.2742, max: 6.7960
[PerplexityIS] Redundancy threshold (p0.0): 1.9111 → 0 candidates
[PerplexityIS] Noise threshold (p100.0): 6.7960 → 0 candidates
[PerplexityIS] Removed 0 redundant + 0 noisy = 0 total instances
[PerplexityIS] Kept 6297 / 6297 (reduction = 0.00%)
[Adaptive-IS] Score stats — min: 1.9111, median: 3.2742, max: 6.7960
[Adaptive-IS] Step 2 — estimating thresholds via 'gmm_boundary' …
[Adaptive-IS] Estimated params — low_percentile=43.1, high_percentile=86.0, beta=0.499, theta=0.315, imbalance_proxy=0.209
[Adaptive-IS] GMM component means: [2.505236203478873, 3.3907102769751787, 4.141863652337414]
[Adaptive-IS] Step 3 — applying selection …
[Adaptive-IS] Redundant candidates: 2715, removing 1353 (beta=0.499)
[Adaptive-IS] Noise candidates: 879, removing 276 (theta=0.315)
[Adaptive-IS] Removed 1629 instances — kept 4668 / 6297 (reduction = 25.87%)
[7.447872638702393, 4.350571870803833]
Fold 2
[Adaptive-IS] Step 1 — computing scores via 'perplexity' …
[PerplexityIS] Fitting LDA with 10 topics on 6297 instances …
[PerplexityIS] Perplexity stats — min: 1.9113, median: 3.4227, max: 6.8711
[PerplexityIS] Redundancy threshold (p0.0): 1.9113 → 0 candidates
[PerplexityIS] Noise threshold (p100.0): 6.8711 → 0 candidates
[PerplexityIS] Removed 0 redundant + 0 noisy = 0 total instances
[PerplexityIS] Kept 6297 / 6297 (reduction = 0.00%)
[Adaptive-IS] Score stats — min: 1.9113, median: 3.4227, max: 6.8711
[Adaptive-IS] Step 2 — estimating thresholds via 'gmm_boundary' …
[Adaptive-IS] Estimated params — low_percentile=41.9, high_percentile=87.1, beta=0.524, theta=0.270, imbalance_proxy=0.207
[Adaptive-IS] GMM component means: [2.5938857808838147, 3.573814804943629, 4.318388426026429]
[Adaptive-IS] Step 3 — applying selection …
[Adaptive-IS] Redundant candidates: 2638, removing 1381 (beta=0.524)
[Adaptive-IS] Noise candidates: 814, removing 219 (theta=0.270)
[Adaptive-IS] Removed 1600 instances — kept 4697 / 6297 (reduction = 25.41%)
[7.447872638702393, 4.350571870803833, 4.278301000595093]
Fold 3
[Adaptive-IS] Step 1 — computing scores via 'perplexity' …
[PerplexityIS] Fitting LDA with 10 topics on 6297 instances …
[PerplexityIS] Perplexity stats — min: 1.9015, median: 3.3368, max: 6.0134
[PerplexityIS] Redundancy threshold (p0.0): 1.9015 → 0 candidates
[PerplexityIS] Noise threshold (p100.0): 6.0134 → 0 candidates
[PerplexityIS] Removed 0 redundant + 0 noisy = 0 total instances
[PerplexityIS] Kept 6297 / 6297 (reduction = 0.00%)
[Adaptive-IS] Score stats — min: 1.9015, median: 3.3368, max: 6.0134
[Adaptive-IS] Step 2 — estimating thresholds via 'gmm_boundary' …
[Adaptive-IS] Estimated params — low_percentile=48.6, high_percentile=87.2, beta=0.520, theta=0.280, imbalance_proxy=0.204
[Adaptive-IS] GMM component means: [2.6248581954881676, 3.4711638942166805, 4.211159959755236]
[Adaptive-IS] Step 3 — applying selection …
[Adaptive-IS] Redundant candidates: 3060, removing 1591 (beta=0.520)
[Adaptive-IS] Noise candidates: 806, removing 225 (theta=0.280)
[Adaptive-IS] Removed 1816 instances — kept 4481 / 6297 (reduction = 28.84%)
[7.447872638702393, 4.350571870803833, 4.278301000595093, 4.025737047195435]
Fold 4
[Adaptive-IS] Step 1 — computing scores via 'perplexity' …
[PerplexityIS] Fitting LDA with 10 topics on 6297 instances …
[PerplexityIS] Perplexity stats — min: 1.9142, median: 3.4297, max: 6.4099
[PerplexityIS] Redundancy threshold (p0.0): 1.9142 → 0 candidates
[PerplexityIS] Noise threshold (p100.0): 6.4099 → 0 candidates
[PerplexityIS] Removed 0 redundant + 0 noisy = 0 total instances
[PerplexityIS] Kept 6297 / 6297 (reduction = 0.00%)
[Adaptive-IS] Score stats — min: 1.9142, median: 3.4297, max: 6.4099
[Adaptive-IS] Step 2 — estimating thresholds via 'gmm_boundary' …
[Adaptive-IS] Estimated params — low_percentile=40.4, high_percentile=86.0, beta=0.507, theta=0.292, imbalance_proxy=0.212
[Adaptive-IS] GMM component means: [2.5571660367588978, 3.542784908417626, 4.287823164536578]
[Adaptive-IS] Step 3 — applying selection …
[Adaptive-IS] Redundant candidates: 2544, removing 1288 (beta=0.507)
[Adaptive-IS] Noise candidates: 882, removing 257 (theta=0.292)
[Adaptive-IS] Removed 1545 instances — kept 4752 / 6297 (reduction = 24.54%)
[7.447872638702393, 4.350571870803833, 4.278301000595093, 4.025737047195435, 4.425224781036377]
Fold 5
[Adaptive-IS] Step 1 — computing scores via 'perplexity' …
[PerplexityIS] Fitting LDA with 10 topics on 6297 instances …
[PerplexityIS] Perplexity stats — min: 1.9065, median: 3.3631, max: 6.3668
[PerplexityIS] Redundancy threshold (p0.0): 1.9065 → 0 candidates
[PerplexityIS] Noise threshold (p100.0): 6.3668 → 0 candidates
[PerplexityIS] Removed 0 redundant + 0 noisy = 0 total instances
[PerplexityIS] Kept 6297 / 6297 (reduction = 0.00%)
[Adaptive-IS] Score stats — min: 1.9065, median: 3.3631, max: 6.3668
[Adaptive-IS] Step 2 — estimating thresholds via 'gmm_boundary' …
[Adaptive-IS] Estimated params — low_percentile=48.6, high_percentile=87.9, beta=0.488, theta=0.304, imbalance_proxy=0.205
[Adaptive-IS] GMM component means: [2.6392890159902564, 3.48065597150168, 4.190114407825284]
[Adaptive-IS] Step 3 — applying selection …
[Adaptive-IS] Redundant candidates: 3060, removing 1494 (beta=0.488)
[Adaptive-IS] Noise candidates: 762, removing 231 (theta=0.304)
[Adaptive-IS] Removed 1725 instances — kept 4572 / 6297 (reduction = 27.39%)
[7.447872638702393, 4.350571870803833, 4.278301000595093, 4.025737047195435, 4.425224781036377, 4.083922863006592]
Fold 6
[Adaptive-IS] Step 1 — computing scores via 'perplexity' …
[PerplexityIS] Fitting LDA with 10 topics on 6297 instances …
[PerplexityIS] Perplexity stats — min: 1.9050, median: 3.2578, max: 6.5676
[PerplexityIS] Redundancy threshold (p0.0): 1.9050 → 0 candidates
[PerplexityIS] Noise threshold (p100.0): 6.5676 → 0 candidates
[PerplexityIS] Removed 0 redundant + 0 noisy = 0 total instances
[PerplexityIS] Kept 6297 / 6297 (reduction = 0.00%)
[Adaptive-IS] Score stats — min: 1.9050, median: 3.2578, max: 6.5676
[Adaptive-IS] Step 2 — estimating thresholds via 'gmm_boundary' …
[Adaptive-IS] Estimated params — low_percentile=51.0, high_percentile=87.9, beta=0.522, theta=0.295, imbalance_proxy=0.205
[Adaptive-IS] GMM component means: [2.600136160752847, 3.406518571789188, 4.129030063106638]
[Adaptive-IS] Step 3 — applying selection …
[Adaptive-IS] Redundant candidates: 3209, removing 1676 (beta=0.522)
[Adaptive-IS] Noise candidates: 762, removing 224 (theta=0.295)
[Adaptive-IS] Removed 1900 instances — kept 4397 / 6297 (reduction = 30.17%)
[7.447872638702393, 4.350571870803833, 4.278301000595093, 4.025737047195435, 4.425224781036377, 4.083922863006592, 3.9779250621795654]
Fold 7
[Adaptive-IS] Step 1 — computing scores via 'perplexity' …
[PerplexityIS] Fitting LDA with 10 topics on 6298 instances …
[PerplexityIS] Perplexity stats — min: 1.8960, median: 3.1669, max: 6.7413
[PerplexityIS] Redundancy threshold (p0.0): 1.8960 → 0 candidates
[PerplexityIS] Noise threshold (p100.0): 6.7413 → 0 candidates
[PerplexityIS] Removed 0 redundant + 0 noisy = 0 total instances
[PerplexityIS] Kept 6298 / 6298 (reduction = 0.00%)
[Adaptive-IS] Score stats — min: 1.8960, median: 3.1669, max: 6.7413
[Adaptive-IS] Step 2 — estimating thresholds via 'gmm_boundary' …
[Adaptive-IS] Estimated params — low_percentile=51.7, high_percentile=88.5, beta=0.562, theta=0.268, imbalance_proxy=0.203
[Adaptive-IS] GMM component means: [2.5597546098291355, 3.3631006207151763, 4.100175447080044]
[Adaptive-IS] Step 3 — applying selection …
[Adaptive-IS] Redundant candidates: 3259, removing 1832 (beta=0.562)
[Adaptive-IS] Noise candidates: 726, removing 194 (theta=0.268)
[Adaptive-IS] Removed 2026 instances — kept 4272 / 6298 (reduction = 32.17%)
[7.447872638702393, 4.350571870803833, 4.278301000595093, 4.025737047195435, 4.425224781036377, 4.083922863006592, 3.9779250621795654, 3.9468090534210205]
Fold 8
[Adaptive-IS] Step 1 — computing scores via 'perplexity' …
[PerplexityIS] Fitting LDA with 10 topics on 6298 instances …
[PerplexityIS] Perplexity stats — min: 1.9100, median: 3.4664, max: 6.1867
[PerplexityIS] Redundancy threshold (p0.0): 1.9100 → 0 candidates
[PerplexityIS] Noise threshold (p100.0): 6.1867 → 0 candidates
[PerplexityIS] Removed 0 redundant + 0 noisy = 0 total instances
[PerplexityIS] Kept 6298 / 6298 (reduction = 0.00%)
[Adaptive-IS] Score stats — min: 1.9100, median: 3.4664, max: 6.1867
[Adaptive-IS] Step 2 — estimating thresholds via 'gmm_boundary' …
[Adaptive-IS] Estimated params — low_percentile=42.3, high_percentile=86.3, beta=0.471, theta=0.299, imbalance_proxy=0.205
[Adaptive-IS] GMM component means: [2.63303281198433, 3.55964409578943, 4.289879681291488]
[Adaptive-IS] Step 3 — applying selection …
[Adaptive-IS] Redundant candidates: 2662, removing 1252 (beta=0.471)
[Adaptive-IS] Noise candidates: 865, removing 258 (theta=0.299)
[Adaptive-IS] Removed 1510 instances — kept 4788 / 6298 (reduction = 23.98%)
[7.447872638702393, 4.350571870803833, 4.278301000595093, 4.025737047195435, 4.425224781036377, 4.083922863006592, 3.9779250621795654, 3.9468090534210205, 4.306662082672119]
Fold 9
[Adaptive-IS] Step 1 — computing scores via 'perplexity' …
[PerplexityIS] Fitting LDA with 10 topics on 6298 instances …
[PerplexityIS] Perplexity stats — min: 1.9067, median: 3.4431, max: 6.6371
[PerplexityIS] Redundancy threshold (p0.0): 1.9067 → 0 candidates
[PerplexityIS] Noise threshold (p100.0): 6.6371 → 0 candidates
[PerplexityIS] Removed 0 redundant + 0 noisy = 0 total instances
[PerplexityIS] Kept 6298 / 6298 (reduction = 0.00%)
[Adaptive-IS] Score stats — min: 1.9067, median: 3.4431, max: 6.6371
[Adaptive-IS] Step 2 — estimating thresholds via 'gmm_boundary' …
[Adaptive-IS] Estimated params — low_percentile=45.5, high_percentile=86.3, beta=0.510, theta=0.282, imbalance_proxy=0.208
[Adaptive-IS] GMM component means: [2.6521608905639833, 3.5710686838794725, 4.361176061608232]
[Adaptive-IS] Step 3 — applying selection …
[Adaptive-IS] Redundant candidates: 2866, removing 1462 (beta=0.510)
[Adaptive-IS] Noise candidates: 861, removing 243 (theta=0.282)
[Adaptive-IS] Removed 1705 instances — kept 4593 / 6298 (reduction = 27.07%)
[7.447872638702393, 4.350571870803833, 4.278301000595093, 4.025737047195435, 4.425224781036377, 4.083922863006592, 3.9779250621795654, 3.9468090534210205, 4.306662082672119, 4.114828824996948]
END
  Method: adaptive-v2-perplexity
Namespace(dataset='twitter', method='adaptive-v2-perplexity', folds=10, save=True, inputrep='tfidf', out='/app/unsupervised-is/resources/outsel', datain='/app/unsupervised-is/resources/datasets', overwrite=1, inputdir='/app/unsupervised-is/resources/datasets/twitter/tfidf/', splitdir='/app/unsupervised-is/resources/datasets/twitter/splits/', outputdir='/app/unsupervised-is/resources/outsel/selection/twitter/', filename='/app/unsupervised-is/resources/outsel/selection/twitter//saida_adaptive-v2-perplexity', start_time='05-06-2026 03:02:37')
/app/unsupervised-is/resources/datasets/twitter/splits//split_10.pkl
Fold 0
[AdaptiveV2-IS] Step 1 — scoring via 'perplexity' …
[PerplexityIS] Fitting LDA with 10 topics on 6297 instances …
[PerplexityIS] Perplexity stats — min: 1.8736, median: 3.3379, max: 6.3511
[PerplexityIS] Redundancy threshold (p0.0): 1.8736 → 0 candidates
[PerplexityIS] Noise threshold (p100.0): 6.3511 → 0 candidates
[PerplexityIS] Removed 0 redundant + 0 noisy = 0 total instances
[PerplexityIS] Kept 6297 / 6297 (reduction = 0.00%)
[AdaptiveV2-IS] Score stats — min: 1.8736, p25: 2.8196, median: 3.3379, p75: 3.8555, max: 6.3511
[AdaptiveV2-IS] Step 2 — estimating params via quartile density …
[AdaptiveV2-IS] Quartile widths: Q1_frac=0.211, Q2_frac=0.116, total_range=4.4775
[AdaptiveV2-IS] Params: beta_q1=0.700, beta_q2=0.600, theta=0.239, imbalance_proxy=0.205
[AdaptiveV2-IS] Step 3 — applying quartile selection …
[AdaptiveV2-IS] Q1 (1575 instances): removing 1102 (beta_q1=0.700, uniform)
[AdaptiveV2-IS] Q2 (1574 instances): removing 944 (beta_q2=0.600, uniform)
[AdaptiveV2-IS] Q4 (1574 instances): removing 375 (theta=0.239, weighted)
[AdaptiveV2-IS] Done — removed 2421 / 6297 (reduction = 38.45%)
[6.90664005279541]
Fold 1
[AdaptiveV2-IS] Step 1 — scoring via 'perplexity' …
[PerplexityIS] Fitting LDA with 10 topics on 6297 instances …
[PerplexityIS] Perplexity stats — min: 1.9111, median: 3.2742, max: 6.7960
[PerplexityIS] Redundancy threshold (p0.0): 1.9111 → 0 candidates
[PerplexityIS] Noise threshold (p100.0): 6.7960 → 0 candidates
[PerplexityIS] Removed 0 redundant + 0 noisy = 0 total instances
[PerplexityIS] Kept 6297 / 6297 (reduction = 0.00%)
[AdaptiveV2-IS] Score stats — min: 1.9111, p25: 2.6983, median: 3.2742, p75: 3.8156, max: 6.7960
[AdaptiveV2-IS] Step 2 — estimating params via quartile density …
[AdaptiveV2-IS] Quartile widths: Q1_frac=0.161, Q2_frac=0.118, total_range=4.8849
[AdaptiveV2-IS] Params: beta_q1=0.700, beta_q2=0.600, theta=0.237, imbalance_proxy=0.209
[AdaptiveV2-IS] Step 3 — applying quartile selection …
[AdaptiveV2-IS] Q1 (1575 instances): removing 1102 (beta_q1=0.700, uniform)
[AdaptiveV2-IS] Q2 (1574 instances): removing 944 (beta_q2=0.600, uniform)
[AdaptiveV2-IS] Q4 (1574 instances): removing 373 (theta=0.237, weighted)
[AdaptiveV2-IS] Done — removed 2419 / 6297 (reduction = 38.42%)
[6.90664005279541, 4.208045721054077]
Fold 2
[AdaptiveV2-IS] Step 1 — scoring via 'perplexity' …
[PerplexityIS] Fitting LDA with 10 topics on 6297 instances …
[PerplexityIS] Perplexity stats — min: 1.9113, median: 3.4227, max: 6.8711
[PerplexityIS] Redundancy threshold (p0.0): 1.9113 → 0 candidates
[PerplexityIS] Noise threshold (p100.0): 6.8711 → 0 candidates
[PerplexityIS] Removed 0 redundant + 0 noisy = 0 total instances
[PerplexityIS] Kept 6297 / 6297 (reduction = 0.00%)
[AdaptiveV2-IS] Score stats — min: 1.9113, p25: 2.7776, median: 3.4227, p75: 3.9178, max: 6.8711
[AdaptiveV2-IS] Step 2 — estimating params via quartile density …
[AdaptiveV2-IS] Quartile widths: Q1_frac=0.175, Q2_frac=0.130, total_range=4.9599
[AdaptiveV2-IS] Params: beta_q1=0.700, beta_q2=0.600, theta=0.238, imbalance_proxy=0.207
[AdaptiveV2-IS] Step 3 — applying quartile selection …
[AdaptiveV2-IS] Q1 (1575 instances): removing 1102 (beta_q1=0.700, uniform)
[AdaptiveV2-IS] Q2 (1574 instances): removing 944 (beta_q2=0.600, uniform)
[AdaptiveV2-IS] Q4 (1574 instances): removing 374 (theta=0.238, weighted)
[AdaptiveV2-IS] Done — removed 2420 / 6297 (reduction = 38.43%)
[6.90664005279541, 4.208045721054077, 4.247879981994629]
Fold 3
[AdaptiveV2-IS] Step 1 — scoring via 'perplexity' …
[PerplexityIS] Fitting LDA with 10 topics on 6297 instances …
[PerplexityIS] Perplexity stats — min: 1.9015, median: 3.3368, max: 6.0134
[PerplexityIS] Redundancy threshold (p0.0): 1.9015 → 0 candidates
[PerplexityIS] Noise threshold (p100.0): 6.0134 → 0 candidates
[PerplexityIS] Removed 0 redundant + 0 noisy = 0 total instances
[PerplexityIS] Kept 6297 / 6297 (reduction = 0.00%)
[AdaptiveV2-IS] Score stats — min: 1.9015, p25: 2.8023, median: 3.3368, p75: 3.8372, max: 6.0134
[AdaptiveV2-IS] Step 2 — estimating params via quartile density …
[AdaptiveV2-IS] Quartile widths: Q1_frac=0.219, Q2_frac=0.130, total_range=4.1119
[AdaptiveV2-IS] Params: beta_q1=0.700, beta_q2=0.600, theta=0.239, imbalance_proxy=0.204
[AdaptiveV2-IS] Step 3 — applying quartile selection …
[AdaptiveV2-IS] Q1 (1575 instances): removing 1102 (beta_q1=0.700, uniform)
[AdaptiveV2-IS] Q2 (1574 instances): removing 944 (beta_q2=0.600, uniform)
[AdaptiveV2-IS] Q4 (1574 instances): removing 375 (theta=0.239, weighted)
[AdaptiveV2-IS] Done — removed 2421 / 6297 (reduction = 38.45%)
[6.90664005279541, 4.208045721054077, 4.247879981994629, 3.979248046875]
Fold 4
[AdaptiveV2-IS] Step 1 — scoring via 'perplexity' …
[PerplexityIS] Fitting LDA with 10 topics on 6297 instances …
[PerplexityIS] Perplexity stats — min: 1.9142, median: 3.4297, max: 6.4099
[PerplexityIS] Redundancy threshold (p0.0): 1.9142 → 0 candidates
[PerplexityIS] Noise threshold (p100.0): 6.4099 → 0 candidates
[PerplexityIS] Removed 0 redundant + 0 noisy = 0 total instances
[PerplexityIS] Kept 6297 / 6297 (reduction = 0.00%)
[AdaptiveV2-IS] Score stats — min: 1.9142, p25: 2.7661, median: 3.4297, p75: 3.9307, max: 6.4099
[AdaptiveV2-IS] Step 2 — estimating params via quartile density …
[AdaptiveV2-IS] Quartile widths: Q1_frac=0.189, Q2_frac=0.148, total_range=4.4957
[AdaptiveV2-IS] Params: beta_q1=0.700, beta_q2=0.600, theta=0.236, imbalance_proxy=0.212
[AdaptiveV2-IS] Step 3 — applying quartile selection …
[AdaptiveV2-IS] Q1 (1575 instances): removing 1102 (beta_q1=0.700, uniform)
[AdaptiveV2-IS] Q2 (1574 instances): removing 944 (beta_q2=0.600, uniform)
[AdaptiveV2-IS] Q4 (1574 instances): removing 371 (theta=0.236, weighted)
[AdaptiveV2-IS] Done — removed 2417 / 6297 (reduction = 38.38%)
[6.90664005279541, 4.208045721054077, 4.247879981994629, 3.979248046875, 4.222678184509277]
Fold 5
[AdaptiveV2-IS] Step 1 — scoring via 'perplexity' …
[PerplexityIS] Fitting LDA with 10 topics on 6297 instances …
[PerplexityIS] Perplexity stats — min: 1.9065, median: 3.3631, max: 6.3668
[PerplexityIS] Redundancy threshold (p0.0): 1.9065 → 0 candidates
[PerplexityIS] Noise threshold (p100.0): 6.3668 → 0 candidates
[PerplexityIS] Removed 0 redundant + 0 noisy = 0 total instances
[PerplexityIS] Kept 6297 / 6297 (reduction = 0.00%)
[AdaptiveV2-IS] Score stats — min: 1.9065, p25: 2.8503, median: 3.3631, p75: 3.8821, max: 6.3668
[AdaptiveV2-IS] Step 2 — estimating params via quartile density …
[AdaptiveV2-IS] Quartile widths: Q1_frac=0.212, Q2_frac=0.115, total_range=4.4603
[AdaptiveV2-IS] Params: beta_q1=0.700, beta_q2=0.600, theta=0.239, imbalance_proxy=0.205
[AdaptiveV2-IS] Step 3 — applying quartile selection …
[AdaptiveV2-IS] Q1 (1575 instances): removing 1102 (beta_q1=0.700, uniform)
[AdaptiveV2-IS] Q2 (1574 instances): removing 944 (beta_q2=0.600, uniform)
[AdaptiveV2-IS] Q4 (1574 instances): removing 375 (theta=0.239, weighted)
[AdaptiveV2-IS] Done — removed 2421 / 6297 (reduction = 38.45%)
[6.90664005279541, 4.208045721054077, 4.247879981994629, 3.979248046875, 4.222678184509277, 3.951120138168335]
Fold 6
[AdaptiveV2-IS] Step 1 — scoring via 'perplexity' …
[PerplexityIS] Fitting LDA with 10 topics on 6297 instances …
[PerplexityIS] Perplexity stats — min: 1.9050, median: 3.2578, max: 6.5676
[PerplexityIS] Redundancy threshold (p0.0): 1.9050 → 0 candidates
[PerplexityIS] Noise threshold (p100.0): 6.5676 → 0 candidates
[PerplexityIS] Removed 0 redundant + 0 noisy = 0 total instances
[PerplexityIS] Kept 6297 / 6297 (reduction = 0.00%)
[AdaptiveV2-IS] Score stats — min: 1.9050, p25: 2.7583, median: 3.2578, p75: 3.7869, max: 6.5676
[AdaptiveV2-IS] Step 2 — estimating params via quartile density …
[AdaptiveV2-IS] Quartile widths: Q1_frac=0.183, Q2_frac=0.107, total_range=4.6626
[AdaptiveV2-IS] Params: beta_q1=0.700, beta_q2=0.600, theta=0.238, imbalance_proxy=0.205
[AdaptiveV2-IS] Step 3 — applying quartile selection …
[AdaptiveV2-IS] Q1 (1575 instances): removing 1102 (beta_q1=0.700, uniform)
[AdaptiveV2-IS] Q2 (1574 instances): removing 944 (beta_q2=0.600, uniform)
[AdaptiveV2-IS] Q4 (1574 instances): removing 375 (theta=0.238, weighted)
[AdaptiveV2-IS] Done — removed 2421 / 6297 (reduction = 38.45%)
[6.90664005279541, 4.208045721054077, 4.247879981994629, 3.979248046875, 4.222678184509277, 3.951120138168335, 3.933302879333496]
Fold 7
[AdaptiveV2-IS] Step 1 — scoring via 'perplexity' …
[PerplexityIS] Fitting LDA with 10 topics on 6298 instances …
[PerplexityIS] Perplexity stats — min: 1.8960, median: 3.1669, max: 6.7413
[PerplexityIS] Redundancy threshold (p0.0): 1.8960 → 0 candidates
[PerplexityIS] Noise threshold (p100.0): 6.7413 → 0 candidates
[PerplexityIS] Removed 0 redundant + 0 noisy = 0 total instances
[PerplexityIS] Kept 6298 / 6298 (reduction = 0.00%)
[AdaptiveV2-IS] Score stats — min: 1.8960, p25: 2.6844, median: 3.1669, p75: 3.7109, max: 6.7413
[AdaptiveV2-IS] Step 2 — estimating params via quartile density …
[AdaptiveV2-IS] Quartile widths: Q1_frac=0.163, Q2_frac=0.100, total_range=4.8454
[AdaptiveV2-IS] Params: beta_q1=0.700, beta_q2=0.600, theta=0.239, imbalance_proxy=0.203
[AdaptiveV2-IS] Step 3 — applying quartile selection …
[AdaptiveV2-IS] Q1 (1575 instances): removing 1102 (beta_q1=0.700, uniform)
[AdaptiveV2-IS] Q2 (1574 instances): removing 944 (beta_q2=0.600, uniform)
[AdaptiveV2-IS] Q4 (1575 instances): removing 376 (theta=0.239, weighted)
[AdaptiveV2-IS] Done — removed 2422 / 6298 (reduction = 38.46%)
[6.90664005279541, 4.208045721054077, 4.247879981994629, 3.979248046875, 4.222678184509277, 3.951120138168335, 3.933302879333496, 3.9023795127868652]
Fold 8
[AdaptiveV2-IS] Step 1 — scoring via 'perplexity' …
[PerplexityIS] Fitting LDA with 10 topics on 6298 instances …
[PerplexityIS] Perplexity stats — min: 1.9100, median: 3.4664, max: 6.1867
[PerplexityIS] Redundancy threshold (p0.0): 1.9100 → 0 candidates
[PerplexityIS] Noise threshold (p100.0): 6.1867 → 0 candidates
[PerplexityIS] Removed 0 redundant + 0 noisy = 0 total instances
[PerplexityIS] Kept 6298 / 6298 (reduction = 0.00%)
[AdaptiveV2-IS] Score stats — min: 1.9100, p25: 2.8834, median: 3.4664, p75: 3.9483, max: 6.1867
[AdaptiveV2-IS] Step 2 — estimating params via quartile density …
[AdaptiveV2-IS] Quartile widths: Q1_frac=0.228, Q2_frac=0.136, total_range=4.2767
[AdaptiveV2-IS] Params: beta_q1=0.700, beta_q2=0.600, theta=0.239, imbalance_proxy=0.205
[AdaptiveV2-IS] Step 3 — applying quartile selection …
[AdaptiveV2-IS] Q1 (1575 instances): removing 1102 (beta_q1=0.700, uniform)
[AdaptiveV2-IS] Q2 (1574 instances): removing 944 (beta_q2=0.600, uniform)
[AdaptiveV2-IS] Q4 (1575 instances): removing 375 (theta=0.239, weighted)
[AdaptiveV2-IS] Done — removed 2421 / 6298 (reduction = 38.44%)
[6.90664005279541, 4.208045721054077, 4.247879981994629, 3.979248046875, 4.222678184509277, 3.951120138168335, 3.933302879333496, 3.9023795127868652, 4.236497163772583]
Fold 9
[AdaptiveV2-IS] Step 1 — scoring via 'perplexity' …
[PerplexityIS] Fitting LDA with 10 topics on 6298 instances …
[PerplexityIS] Perplexity stats — min: 1.9067, median: 3.4431, max: 6.6371
[PerplexityIS] Redundancy threshold (p0.0): 1.9067 → 0 candidates
[PerplexityIS] Noise threshold (p100.0): 6.6371 → 0 candidates
[PerplexityIS] Removed 0 redundant + 0 noisy = 0 total instances
[PerplexityIS] Kept 6298 / 6298 (reduction = 0.00%)
[AdaptiveV2-IS] Score stats — min: 1.9067, p25: 2.8619, median: 3.4431, p75: 3.9619, max: 6.6371
[AdaptiveV2-IS] Step 2 — estimating params via quartile density …
[AdaptiveV2-IS] Quartile widths: Q1_frac=0.202, Q2_frac=0.123, total_range=4.7304
[AdaptiveV2-IS] Params: beta_q1=0.700, beta_q2=0.600, theta=0.237, imbalance_proxy=0.208
[AdaptiveV2-IS] Step 3 — applying quartile selection …
[AdaptiveV2-IS] Q1 (1575 instances): removing 1102 (beta_q1=0.700, uniform)
[AdaptiveV2-IS] Q2 (1574 instances): removing 944 (beta_q2=0.600, uniform)
[AdaptiveV2-IS] Q4 (1575 instances): removing 373 (theta=0.237, weighted)
[AdaptiveV2-IS] Done — removed 2419 / 6298 (reduction = 38.41%)
[6.90664005279541, 4.208045721054077, 4.247879981994629, 3.979248046875, 4.222678184509277, 3.951120138168335, 3.933302879333496, 3.9023795127868652, 4.236497163772583, 4.186468601226807]
END
Dataset: vader_movie
  Method: no-is
Namespace(dataset='vader_movie', method='no-is', folds=10, save=True, inputrep='tfidf', out='/app/unsupervised-is/resources/outsel', datain='/app/unsupervised-is/resources/datasets', overwrite=1, inputdir='/app/unsupervised-is/resources/datasets/vader_movie/tfidf/', splitdir='/app/unsupervised-is/resources/datasets/vader_movie/splits/', outputdir='/app/unsupervised-is/resources/outsel/selection/vader_movie/', filename='/app/unsupervised-is/resources/outsel/selection/vader_movie//saida_no-is', start_time='05-06-2026 03:03:26')
/app/unsupervised-is/resources/datasets/vader_movie/splits//split_10.pkl
Fold 0
[0.0055694580078125]
Fold 1
[0.0055694580078125, 0.004705667495727539]
Fold 2
[0.0055694580078125, 0.004705667495727539, 0.005185127258300781]
Fold 3
[0.0055694580078125, 0.004705667495727539, 0.005185127258300781, 0.004719257354736328]
Fold 4
[0.0055694580078125, 0.004705667495727539, 0.005185127258300781, 0.004719257354736328, 0.004701137542724609]
Fold 5
[0.0055694580078125, 0.004705667495727539, 0.005185127258300781, 0.004719257354736328, 0.004701137542724609, 0.004738330841064453]
Fold 6
[0.0055694580078125, 0.004705667495727539, 0.005185127258300781, 0.004719257354736328, 0.004701137542724609, 0.004738330841064453, 0.004725456237792969]
Fold 7
[0.0055694580078125, 0.004705667495727539, 0.005185127258300781, 0.004719257354736328, 0.004701137542724609, 0.004738330841064453, 0.004725456237792969, 0.0046994686126708984]
Fold 8
[0.0055694580078125, 0.004705667495727539, 0.005185127258300781, 0.004719257354736328, 0.004701137542724609, 0.004738330841064453, 0.004725456237792969, 0.0046994686126708984, 0.004680633544921875]
Fold 9
[0.0055694580078125, 0.004705667495727539, 0.005185127258300781, 0.004719257354736328, 0.004701137542724609, 0.004738330841064453, 0.004725456237792969, 0.0046994686126708984, 0.004680633544921875, 0.005726814270019531]
END
  Method: biois
Namespace(dataset='vader_movie', method='biois', folds=10, save=True, inputrep='tfidf', out='/app/unsupervised-is/resources/outsel', datain='/app/unsupervised-is/resources/datasets', overwrite=1, inputdir='/app/unsupervised-is/resources/datasets/vader_movie/tfidf/', splitdir='/app/unsupervised-is/resources/datasets/vader_movie/splits/', outputdir='/app/unsupervised-is/resources/outsel/selection/vader_movie/', filename='/app/unsupervised-is/resources/outsel/selection/vader_movie//saida_biois', start_time='05-06-2026 03:03:31')
/app/unsupervised-is/resources/datasets/vader_movie/splits//split_10.pkl
Fold 0
fitting_alpha_by_lr_default
LogisticRegression()
LogisticRegression()
LogisticRegression()
LogisticRegression()
LogisticRegression()
Micro: 0.7649842271293376
Macro: 0.7649310767633908
identifyNoiseByLowerNNEntropy
[1.6873548030853271]
Fold 1
fitting_alpha_by_lr_default
LogisticRegression()
LogisticRegression()
LogisticRegression()
LogisticRegression()
LogisticRegression()
Micro: 0.7687697160883281
Macro: 0.7687521014818328
identifyNoiseByLowerNNEntropy
[1.6873548030853271, 1.6488170623779297]
Fold 2
fitting_alpha_by_lr_default
LogisticRegression()
LogisticRegression()
LogisticRegression()
LogisticRegression()
LogisticRegression()
Micro: 0.7703711491956682
Macro: 0.7703069558917326
identifyNoiseByLowerNNEntropy
[1.6873548030853271, 1.6488170623779297, 1.6906960010528564]
Fold 3
fitting_alpha_by_lr_default
LogisticRegression()
LogisticRegression()
LogisticRegression()
LogisticRegression()
LogisticRegression()
Micro: 0.7670066239091579
Macro: 0.7669610538674354
identifyNoiseByLowerNNEntropy
[1.6873548030853271, 1.6488170623779297, 1.6906960010528564, 1.7224624156951904]
Fold 4
fitting_alpha_by_lr_default
LogisticRegression()
LogisticRegression()
LogisticRegression()
LogisticRegression()
LogisticRegression()
Micro: 0.767532330985175
Macro: 0.7674902187004801
identifyNoiseByLowerNNEntropy
[1.6873548030853271, 1.6488170623779297, 1.6906960010528564, 1.7224624156951904, 1.6991922855377197]
Fold 5
fitting_alpha_by_lr_default
LogisticRegression()
LogisticRegression()
LogisticRegression()
LogisticRegression()
LogisticRegression()
Micro: 0.7653243612659026
Macro: 0.7652863723689937
identifyNoiseByLowerNNEntropy
[1.6873548030853271, 1.6488170623779297, 1.6906960010528564, 1.7224624156951904, 1.6991922855377197, 1.7189698219299316]
Fold 6
fitting_alpha_by_lr_default
LogisticRegression()
LogisticRegression()
LogisticRegression()
LogisticRegression()
LogisticRegression()
Micro: 0.7678721614802355
Macro: 0.7678274504116261
identifyNoiseByLowerNNEntropy
[1.6873548030853271, 1.6488170623779297, 1.6906960010528564, 1.7224624156951904, 1.6991922855377197, 1.7189698219299316, 1.6153404712677002]
Fold 7
fitting_alpha_by_lr_default
LogisticRegression()
LogisticRegression()
LogisticRegression()
LogisticRegression()
LogisticRegression()
Micro: 0.7685029436501262
Macro: 0.7684596952922735
identifyNoiseByLowerNNEntropy
[1.6873548030853271, 1.6488170623779297, 1.6906960010528564, 1.7224624156951904, 1.6991922855377197, 1.7189698219299316, 1.6153404712677002, 1.7176878452301025]
Fold 8
fitting_alpha_by_lr_default
LogisticRegression()
LogisticRegression()
LogisticRegression()
LogisticRegression()
LogisticRegression()
Micro: 0.7701850294365012
Macro: 0.770149656958298
identifyNoiseByLowerNNEntropy
[1.6873548030853271, 1.6488170623779297, 1.6906960010528564, 1.7224624156951904, 1.6991922855377197, 1.7189698219299316, 1.6153404712677002, 1.7176878452301025, 1.6220262050628662]
Fold 9
fitting_alpha_by_lr_default
LogisticRegression()
LogisticRegression()
LogisticRegression()
LogisticRegression()
LogisticRegression()
Micro: 0.7697645079899075
Macro: 0.769729070786218
identifyNoiseByLowerNNEntropy
[1.6873548030853271, 1.6488170623779297, 1.6906960010528564, 1.7224624156951904, 1.6991922855377197, 1.7189698219299316, 1.6153404712677002, 1.7176878452301025, 1.6220262050628662, 1.699622631072998]
END
  Method: perplexity-is
Namespace(dataset='vader_movie', method='perplexity-is', folds=10, save=True, inputrep='tfidf', out='/app/unsupervised-is/resources/outsel', datain='/app/unsupervised-is/resources/datasets', overwrite=1, inputdir='/app/unsupervised-is/resources/datasets/vader_movie/tfidf/', splitdir='/app/unsupervised-is/resources/datasets/vader_movie/splits/', outputdir='/app/unsupervised-is/resources/outsel/selection/vader_movie/', filename='/app/unsupervised-is/resources/outsel/selection/vader_movie//saida_perplexity-is', start_time='05-06-2026 03:03:53')
/app/unsupervised-is/resources/datasets/vader_movie/splits//split_10.pkl
Fold 0
[PerplexityIS] Fitting LDA with 10 topics on 9510 instances …
[PerplexityIS] Perplexity stats — min: 1.9778, median: 3.5749, max: 6.5844
[PerplexityIS] Redundancy threshold (p40): 3.4280 → 3804 candidates
[PerplexityIS] Redundant instances: 3804, removing 2282 with beta=0.6
[PerplexityIS] Noise threshold (p70): 3.8656 → 2853 candidates
[PerplexityIS] Noise instances: 2853, removing 570 with theta=0.2
[PerplexityIS] Removed 2282 redundant + 570 noisy = 2852 total instances
[PerplexityIS] Kept 6658 / 9510 (reduction = 29.99%)
[9.465344190597534]
Fold 1
[PerplexityIS] Fitting LDA with 10 topics on 9510 instances …
[PerplexityIS] Perplexity stats — min: 1.9735, median: 3.5774, max: 6.4480
[PerplexityIS] Redundancy threshold (p40): 3.4224 → 3804 candidates
[PerplexityIS] Redundant instances: 3804, removing 2282 with beta=0.6
[PerplexityIS] Noise threshold (p70): 3.8483 → 2853 candidates
[PerplexityIS] Noise instances: 2853, removing 570 with theta=0.2
[PerplexityIS] Removed 2282 redundant + 570 noisy = 2852 total instances
[PerplexityIS] Kept 6658 / 9510 (reduction = 29.99%)
[9.465344190597534, 5.9285900592803955]
Fold 2
[PerplexityIS] Fitting LDA with 10 topics on 9511 instances …
[PerplexityIS] Perplexity stats — min: 1.9599, median: 3.5515, max: 6.5809
[PerplexityIS] Redundancy threshold (p40): 3.3877 → 3804 candidates
[PerplexityIS] Redundant instances: 3804, removing 2282 with beta=0.6
[PerplexityIS] Noise threshold (p70): 3.8380 → 2853 candidates
[PerplexityIS] Noise instances: 2853, removing 570 with theta=0.2
[PerplexityIS] Removed 2282 redundant + 570 noisy = 2852 total instances
[PerplexityIS] Kept 6659 / 9511 (reduction = 29.99%)
[9.465344190597534, 5.9285900592803955, 5.469813585281372]
Fold 3
[PerplexityIS] Fitting LDA with 10 topics on 9511 instances …
[PerplexityIS] Perplexity stats — min: 1.9582, median: 3.5881, max: 5.9916
[PerplexityIS] Redundancy threshold (p40): 3.4463 → 3804 candidates
[PerplexityIS] Redundant instances: 3804, removing 2282 with beta=0.6
[PerplexityIS] Noise threshold (p70): 3.8581 → 2853 candidates
[PerplexityIS] Noise instances: 2853, removing 570 with theta=0.2
[PerplexityIS] Removed 2282 redundant + 570 noisy = 2852 total instances
[PerplexityIS] Kept 6659 / 9511 (reduction = 29.99%)
[9.465344190597534, 5.9285900592803955, 5.469813585281372, 5.65653920173645]
Fold 4
[PerplexityIS] Fitting LDA with 10 topics on 9511 instances …
[PerplexityIS] Perplexity stats — min: 1.9738, median: 3.4997, max: 6.2831
[PerplexityIS] Redundancy threshold (p40): 3.3448 → 3804 candidates
[PerplexityIS] Redundant instances: 3804, removing 2282 with beta=0.6
[PerplexityIS] Noise threshold (p70): 3.7993 → 2853 candidates
[PerplexityIS] Noise instances: 2853, removing 570 with theta=0.2
[PerplexityIS] Removed 2282 redundant + 570 noisy = 2852 total instances
[PerplexityIS] Kept 6659 / 9511 (reduction = 29.99%)
[9.465344190597534, 5.9285900592803955, 5.469813585281372, 5.65653920173645, 5.292616605758667]
Fold 5
[PerplexityIS] Fitting LDA with 10 topics on 9511 instances …
[PerplexityIS] Perplexity stats — min: 1.9872, median: 3.5158, max: 6.1292
[PerplexityIS] Redundancy threshold (p40): 3.3592 → 3804 candidates
[PerplexityIS] Redundant instances: 3804, removing 2282 with beta=0.6
[PerplexityIS] Noise threshold (p70): 3.8061 → 2853 candidates
[PerplexityIS] Noise instances: 2853, removing 570 with theta=0.2
[PerplexityIS] Removed 2282 redundant + 570 noisy = 2852 total instances
[PerplexityIS] Kept 6659 / 9511 (reduction = 29.99%)
[9.465344190597534, 5.9285900592803955, 5.469813585281372, 5.65653920173645, 5.292616605758667, 5.345158100128174]
Fold 6
[PerplexityIS] Fitting LDA with 10 topics on 9512 instances …
[PerplexityIS] Perplexity stats — min: 1.9787, median: 3.5756, max: 6.5724
[PerplexityIS] Redundancy threshold (p40): 3.4039 → 3805 candidates
[PerplexityIS] Redundant instances: 3805, removing 2283 with beta=0.6
[PerplexityIS] Noise threshold (p70): 3.8724 → 2854 candidates
[PerplexityIS] Noise instances: 2854, removing 570 with theta=0.2
[PerplexityIS] Removed 2283 redundant + 570 noisy = 2853 total instances
[PerplexityIS] Kept 6659 / 9512 (reduction = 29.99%)
[9.465344190597534, 5.9285900592803955, 5.469813585281372, 5.65653920173645, 5.292616605758667, 5.345158100128174, 5.6386027336120605]
Fold 7
[PerplexityIS] Fitting LDA with 10 topics on 9512 instances …
[PerplexityIS] Perplexity stats — min: 1.9582, median: 3.5708, max: 6.2269
[PerplexityIS] Redundancy threshold (p40): 3.4231 → 3805 candidates
[PerplexityIS] Redundant instances: 3805, removing 2283 with beta=0.6
[PerplexityIS] Noise threshold (p70): 3.8505 → 2854 candidates
[PerplexityIS] Noise instances: 2854, removing 570 with theta=0.2
[PerplexityIS] Removed 2283 redundant + 570 noisy = 2853 total instances
[PerplexityIS] Kept 6659 / 9512 (reduction = 29.99%)
[9.465344190597534, 5.9285900592803955, 5.469813585281372, 5.65653920173645, 5.292616605758667, 5.345158100128174, 5.6386027336120605, 5.340467929840088]
Fold 8
[PerplexityIS] Fitting LDA with 10 topics on 9512 instances …
[PerplexityIS] Perplexity stats — min: 1.9674, median: 3.5903, max: 6.5789
[PerplexityIS] Redundancy threshold (p40): 3.4506 → 3805 candidates
[PerplexityIS] Redundant instances: 3805, removing 2283 with beta=0.6
[PerplexityIS] Noise threshold (p70): 3.8749 → 2854 candidates
[PerplexityIS] Noise instances: 2854, removing 570 with theta=0.2
[PerplexityIS] Removed 2283 redundant + 570 noisy = 2853 total instances
[PerplexityIS] Kept 6659 / 9512 (reduction = 29.99%)
[9.465344190597534, 5.9285900592803955, 5.469813585281372, 5.65653920173645, 5.292616605758667, 5.345158100128174, 5.6386027336120605, 5.340467929840088, 5.502312660217285]
Fold 9
[PerplexityIS] Fitting LDA with 10 topics on 9512 instances …
[PerplexityIS] Perplexity stats — min: 1.9646, median: 3.5649, max: 6.2707
[PerplexityIS] Redundancy threshold (p40): 3.3940 → 3805 candidates
[PerplexityIS] Redundant instances: 3805, removing 2283 with beta=0.6
[PerplexityIS] Noise threshold (p70): 3.8648 → 2854 candidates
[PerplexityIS] Noise instances: 2854, removing 570 with theta=0.2
[PerplexityIS] Removed 2283 redundant + 570 noisy = 2853 total instances
[PerplexityIS] Kept 6659 / 9512 (reduction = 29.99%)
[9.465344190597534, 5.9285900592803955, 5.469813585281372, 5.65653920173645, 5.292616605758667, 5.345158100128174, 5.6386027336120605, 5.340467929840088, 5.502312660217285, 5.355925559997559]
END
  Method: autoencoder-is
Namespace(dataset='vader_movie', method='autoencoder-is', folds=10, save=True, inputrep='tfidf', out='/app/unsupervised-is/resources/outsel', datain='/app/unsupervised-is/resources/datasets', overwrite=1, inputdir='/app/unsupervised-is/resources/datasets/vader_movie/tfidf/', splitdir='/app/unsupervised-is/resources/datasets/vader_movie/splits/', outputdir='/app/unsupervised-is/resources/outsel/selection/vader_movie/', filename='/app/unsupervised-is/resources/outsel/selection/vader_movie//saida_autoencoder-is', start_time='05-06-2026 03:04:57')
/app/unsupervised-is/resources/datasets/vader_movie/splits//split_10.pkl
Fold 0
[AE-IS] Using GPU: NVIDIA A100-SXM4-80GB
[AE-IS] Architecture: 16827 → 20 → 10 → 20 → 16827
[AE-IS] Training autoencoder on 9510 instances (16827 features) for up to 20 epochs …
  Epoch   1/20 — loss: 1.105465 (best: 1.105465)
  Epoch  10/20 — loss: 1.003033 (best: 1.003033)
  Epoch  20/20 — loss: 1.000171 (best: 1.000171)
[AE-IS] Training finished — best loss: 1.000171
[AE-IS] Reconstruction error stats — min: 0.035182, median: 0.846532, max: 5.124481
[AE-IS] Redundant instances: 3804, removing 2282 with beta=0.6
[AE-IS] Noise instances: 2853, removing 570 with theta=0.2
[AE-IS] Removed 2282 redundant + 570 noisy = 2852 total instances
[AE-IS] Kept 6658 / 9510 (reduction = 29.99%)
[13.182021141052246]
Fold 1
[AE-IS] Using GPU: NVIDIA A100-SXM4-80GB
[AE-IS] Architecture: 16795 → 20 → 10 → 20 → 16795
[AE-IS] Training autoencoder on 9510 instances (16795 features) for up to 20 epochs …
  Epoch   1/20 — loss: 1.106183 (best: 1.106183)
  Epoch  10/20 — loss: 1.003390 (best: 1.003390)
  Epoch  20/20 — loss: 1.000353 (best: 1.000027)
[AE-IS] Training finished — best loss: 1.000027
[AE-IS] Reconstruction error stats — min: 0.039466, median: 0.846146, max: 5.507619
[AE-IS] Redundant instances: 3804, removing 2282 with beta=0.6
[AE-IS] Noise instances: 2853, removing 570 with theta=0.2
[AE-IS] Removed 2282 redundant + 570 noisy = 2852 total instances
[AE-IS] Kept 6658 / 9510 (reduction = 29.99%)
[13.182021141052246, 9.768252611160278]
Fold 2
[AE-IS] Using GPU: NVIDIA A100-SXM4-80GB
[AE-IS] Architecture: 16748 → 20 → 10 → 20 → 16748
[AE-IS] Training autoencoder on 9511 instances (16748 features) for up to 20 epochs …
  Epoch   1/20 — loss: 1.101795 (best: 1.101795)
  Epoch  10/20 — loss: 1.003172 (best: 1.003172)
  Epoch  20/20 — loss: 0.999770 (best: 0.999770)
[AE-IS] Training finished — best loss: 0.999770
[AE-IS] Reconstruction error stats — min: 0.034388, median: 0.849746, max: 5.481796
[AE-IS] Redundant instances: 3804, removing 2282 with beta=0.6
[AE-IS] Noise instances: 2853, removing 570 with theta=0.2
[AE-IS] Removed 2282 redundant + 570 noisy = 2852 total instances
[AE-IS] Kept 6659 / 9511 (reduction = 29.99%)
[13.182021141052246, 9.768252611160278, 9.65804386138916]
Fold 3
[AE-IS] Using GPU: NVIDIA A100-SXM4-80GB
[AE-IS] Architecture: 16781 → 20 → 10 → 20 → 16781
[AE-IS] Training autoencoder on 9511 instances (16781 features) for up to 20 epochs …
  Epoch   1/20 — loss: 1.100985 (best: 1.100985)
  Epoch  10/20 — loss: 1.003379 (best: 1.003379)
  Epoch  20/20 — loss: 1.000183 (best: 0.999885)
[AE-IS] Training finished — best loss: 0.999885
[AE-IS] Reconstruction error stats — min: 0.034198, median: 0.843306, max: 5.296761
[AE-IS] Redundant instances: 3804, removing 2282 with beta=0.6
[AE-IS] Noise instances: 2853, removing 570 with theta=0.2
[AE-IS] Removed 2282 redundant + 570 noisy = 2852 total instances
[AE-IS] Kept 6659 / 9511 (reduction = 29.99%)
[13.182021141052246, 9.768252611160278, 9.65804386138916, 9.753072023391724]
Fold 4
[AE-IS] Using GPU: NVIDIA A100-SXM4-80GB
[AE-IS] Architecture: 16789 → 20 → 10 → 20 → 16789
[AE-IS] Training autoencoder on 9511 instances (16789 features) for up to 20 epochs …
  Epoch   1/20 — loss: 1.101764 (best: 1.101764)
  Epoch  10/20 — loss: 1.002723 (best: 1.002723)
  Epoch  20/20 — loss: 0.999707 (best: 0.999707)
[AE-IS] Training finished — best loss: 0.999707
[AE-IS] Reconstruction error stats — min: 0.034475, median: 0.841682, max: 5.598361
[AE-IS] Redundant instances: 3804, removing 2282 with beta=0.6
[AE-IS] Noise instances: 2853, removing 570 with theta=0.2
[AE-IS] Removed 2282 redundant + 570 noisy = 2852 total instances
[AE-IS] Kept 6659 / 9511 (reduction = 29.99%)
[13.182021141052246, 9.768252611160278, 9.65804386138916, 9.753072023391724, 11.24781322479248]
Fold 5
[AE-IS] Using GPU: NVIDIA A100-SXM4-80GB
[AE-IS] Architecture: 16793 → 20 → 10 → 20 → 16793
[AE-IS] Training autoencoder on 9511 instances (16793 features) for up to 20 epochs …
  Epoch   1/20 — loss: 1.110302 (best: 1.110302)
  Epoch  10/20 — loss: 1.003086 (best: 1.003086)
  Epoch  20/20 — loss: 1.000554 (best: 1.000456)
[AE-IS] Training finished — best loss: 1.000456
[AE-IS] Reconstruction error stats — min: 0.033879, median: 0.848268, max: 5.557326
[AE-IS] Redundant instances: 3804, removing 2282 with beta=0.6
[AE-IS] Noise instances: 2853, removing 570 with theta=0.2
[AE-IS] Removed 2282 redundant + 570 noisy = 2852 total instances
[AE-IS] Kept 6659 / 9511 (reduction = 29.99%)
[13.182021141052246, 9.768252611160278, 9.65804386138916, 9.753072023391724, 11.24781322479248, 12.036656141281128]
Fold 6
[AE-IS] Using GPU: NVIDIA A100-SXM4-80GB
[AE-IS] Architecture: 16833 → 20 → 10 → 20 → 16833
[AE-IS] Training autoencoder on 9512 instances (16833 features) for up to 20 epochs …
  Epoch   1/20 — loss: 1.105062 (best: 1.105062)
  Epoch  10/20 — loss: 1.003075 (best: 1.003075)
  Epoch  20/20 — loss: 1.000291 (best: 1.000291)
[AE-IS] Training finished — best loss: 1.000291
[AE-IS] Reconstruction error stats — min: 0.035066, median: 0.850030, max: 5.535476
[AE-IS] Redundant instances: 3805, removing 2283 with beta=0.6
[AE-IS] Noise instances: 2854, removing 570 with theta=0.2
[AE-IS] Removed 2283 redundant + 570 noisy = 2853 total instances
[AE-IS] Kept 6659 / 9512 (reduction = 29.99%)
[13.182021141052246, 9.768252611160278, 9.65804386138916, 9.753072023391724, 11.24781322479248, 12.036656141281128, 10.909353733062744]
Fold 7
[AE-IS] Using GPU: NVIDIA A100-SXM4-80GB
[AE-IS] Architecture: 16781 → 20 → 10 → 20 → 16781
[AE-IS] Training autoencoder on 9512 instances (16781 features) for up to 20 epochs …
  Epoch   1/20 — loss: 1.102498 (best: 1.102498)
  Epoch  10/20 — loss: 1.002832 (best: 1.002832)
  Epoch  20/20 — loss: 1.000468 (best: 1.000077)
[AE-IS] Training finished — best loss: 1.000077
[AE-IS] Reconstruction error stats — min: 0.034967, median: 0.853320, max: 6.052800
[AE-IS] Redundant instances: 3805, removing 2283 with beta=0.6
[AE-IS] Noise instances: 2854, removing 570 with theta=0.2
[AE-IS] Removed 2283 redundant + 570 noisy = 2853 total instances
[AE-IS] Kept 6659 / 9512 (reduction = 29.99%)
[13.182021141052246, 9.768252611160278, 9.65804386138916, 9.753072023391724, 11.24781322479248, 12.036656141281128, 10.909353733062744, 9.830297946929932]
Fold 8
[AE-IS] Using GPU: NVIDIA A100-SXM4-80GB
[AE-IS] Architecture: 16750 → 20 → 10 → 20 → 16750
[AE-IS] Training autoencoder on 9512 instances (16750 features) for up to 20 epochs …
  Epoch   1/20 — loss: 1.107180 (best: 1.107180)
  Epoch  10/20 — loss: 1.003396 (best: 1.003396)
  Epoch  20/20 — loss: 1.000460 (best: 1.000438)
[AE-IS] Training finished — best loss: 1.000438
[AE-IS] Reconstruction error stats — min: 0.034201, median: 0.848140, max: 5.547318
[AE-IS] Redundant instances: 3805, removing 2283 with beta=0.6
[AE-IS] Noise instances: 2854, removing 570 with theta=0.2
[AE-IS] Removed 2283 redundant + 570 noisy = 2853 total instances
[AE-IS] Kept 6659 / 9512 (reduction = 29.99%)
[13.182021141052246, 9.768252611160278, 9.65804386138916, 9.753072023391724, 11.24781322479248, 12.036656141281128, 10.909353733062744, 9.830297946929932, 9.795740842819214]
Fold 9
[AE-IS] Using GPU: NVIDIA A100-SXM4-80GB
[AE-IS] Architecture: 16833 → 20 → 10 → 20 → 16833
[AE-IS] Training autoencoder on 9512 instances (16833 features) for up to 20 epochs …
  Epoch   1/20 — loss: 1.105893 (best: 1.105893)
  Epoch  10/20 — loss: 1.003221 (best: 1.003221)
  Epoch  20/20 — loss: 0.999983 (best: 0.999983)
[AE-IS] Training finished — best loss: 0.999983
[AE-IS] Reconstruction error stats — min: 0.033976, median: 0.847317, max: 5.519444
[AE-IS] Redundant instances: 3805, removing 2283 with beta=0.6
[AE-IS] Noise instances: 2854, removing 570 with theta=0.2
[AE-IS] Removed 2283 redundant + 570 noisy = 2853 total instances
[AE-IS] Kept 6659 / 9512 (reduction = 29.99%)
[13.182021141052246, 9.768252611160278, 9.65804386138916, 9.753072023391724, 11.24781322479248, 12.036656141281128, 10.909353733062744, 9.830297946929932, 9.795740842819214, 10.762617111206055]
END
  Method: gmm-is
Namespace(dataset='vader_movie', method='gmm-is', folds=10, save=True, inputrep='tfidf', out='/app/unsupervised-is/resources/outsel', datain='/app/unsupervised-is/resources/datasets', overwrite=1, inputdir='/app/unsupervised-is/resources/datasets/vader_movie/tfidf/', splitdir='/app/unsupervised-is/resources/datasets/vader_movie/splits/', outputdir='/app/unsupervised-is/resources/outsel/selection/vader_movie/', filename='/app/unsupervised-is/resources/outsel/selection/vader_movie//saida_gmm-is', start_time='05-06-2026 03:06:50')
/app/unsupervised-is/resources/datasets/vader_movie/splits//split_10.pkl
Fold 0
[GMM] Redundant instances: 3804, removing 2282 with beta=0.6
[GMM] Noise instances: 2853, removing 570 with theta=0.2
[GMM] Removed 2282 redundant + 570 noisy = 2852 total instances
[GMM] Kept 6658 / 9510 (reduction = 29.99%)
[14.23987340927124]
Fold 1
[GMM] Redundant instances: 3804, removing 2282 with beta=0.6
[GMM] Noise instances: 2853, removing 570 with theta=0.2
[GMM] Removed 2282 redundant + 570 noisy = 2852 total instances
[GMM] Kept 6658 / 9510 (reduction = 29.99%)
[14.23987340927124, 14.131776571273804]
Fold 2
[GMM] Redundant instances: 3804, removing 2282 with beta=0.6
[GMM] Noise instances: 2853, removing 570 with theta=0.2
[GMM] Removed 2282 redundant + 570 noisy = 2852 total instances
[GMM] Kept 6659 / 9511 (reduction = 29.99%)
[14.23987340927124, 14.131776571273804, 39.19777464866638]
Fold 3
[GMM] Redundant instances: 3804, removing 2282 with beta=0.6
[GMM] Noise instances: 2853, removing 570 with theta=0.2
[GMM] Removed 2282 redundant + 570 noisy = 2852 total instances
[GMM] Kept 6659 / 9511 (reduction = 29.99%)
[14.23987340927124, 14.131776571273804, 39.19777464866638, 31.91204810142517]
Fold 4
[GMM] Redundant instances: 3804, removing 2282 with beta=0.6
[GMM] Noise instances: 2853, removing 570 with theta=0.2
[GMM] Removed 2282 redundant + 570 noisy = 2852 total instances
[GMM] Kept 6659 / 9511 (reduction = 29.99%)
[14.23987340927124, 14.131776571273804, 39.19777464866638, 31.91204810142517, 40.93971133232117]
Fold 5
[GMM] Redundant instances: 3804, removing 2282 with beta=0.6
[GMM] Noise instances: 2853, removing 570 with theta=0.2
[GMM] Removed 2282 redundant + 570 noisy = 2852 total instances
[GMM] Kept 6659 / 9511 (reduction = 29.99%)
[14.23987340927124, 14.131776571273804, 39.19777464866638, 31.91204810142517, 40.93971133232117, 35.72226309776306]
Fold 6
[GMM] Redundant instances: 3805, removing 2283 with beta=0.6
[GMM] Noise instances: 2854, removing 570 with theta=0.2
[GMM] Removed 2283 redundant + 570 noisy = 2853 total instances
[GMM] Kept 6659 / 9512 (reduction = 29.99%)
[14.23987340927124, 14.131776571273804, 39.19777464866638, 31.91204810142517, 40.93971133232117, 35.72226309776306, 35.85008788108826]
Fold 7
[GMM] Redundant instances: 3805, removing 2283 with beta=0.6
[GMM] Noise instances: 2854, removing 570 with theta=0.2
[GMM] Removed 2283 redundant + 570 noisy = 2853 total instances
[GMM] Kept 6659 / 9512 (reduction = 29.99%)
[14.23987340927124, 14.131776571273804, 39.19777464866638, 31.91204810142517, 40.93971133232117, 35.72226309776306, 35.85008788108826, 30.7770037651062]
Fold 8
[GMM] Redundant instances: 3805, removing 2283 with beta=0.6
[GMM] Noise instances: 2854, removing 570 with theta=0.2
[GMM] Removed 2283 redundant + 570 noisy = 2853 total instances
[GMM] Kept 6659 / 9512 (reduction = 29.99%)
[14.23987340927124, 14.131776571273804, 39.19777464866638, 31.91204810142517, 40.93971133232117, 35.72226309776306, 35.85008788108826, 30.7770037651062, 41.929746866226196]
Fold 9
[GMM] Redundant instances: 3805, removing 2283 with beta=0.6
[GMM] Noise instances: 2854, removing 570 with theta=0.2
[GMM] Removed 2283 redundant + 570 noisy = 2853 total instances
[GMM] Kept 6659 / 9512 (reduction = 29.99%)
[14.23987340927124, 14.131776571273804, 39.19777464866638, 31.91204810142517, 40.93971133232117, 35.72226309776306, 35.85008788108826, 30.7770037651062, 41.929746866226196, 42.510871171951294]
END
  Method: adaptive-perplexity
Namespace(dataset='vader_movie', method='adaptive-perplexity', folds=10, save=True, inputrep='tfidf', out='/app/unsupervised-is/resources/outsel', datain='/app/unsupervised-is/resources/datasets', overwrite=1, inputdir='/app/unsupervised-is/resources/datasets/vader_movie/tfidf/', splitdir='/app/unsupervised-is/resources/datasets/vader_movie/splits/', outputdir='/app/unsupervised-is/resources/outsel/selection/vader_movie/', filename='/app/unsupervised-is/resources/outsel/selection/vader_movie//saida_adaptive-perplexity', start_time='05-06-2026 03:12:22')
/app/unsupervised-is/resources/datasets/vader_movie/splits//split_10.pkl
Fold 0
[Adaptive-IS] Step 1 — computing scores via 'perplexity' …
[PerplexityIS] Fitting LDA with 10 topics on 9510 instances …
[PerplexityIS] Perplexity stats — min: 1.9778, median: 3.5749, max: 6.5844
[PerplexityIS] Redundancy threshold (p0.0): 1.9778 → 0 candidates
[PerplexityIS] Noise threshold (p100.0): 6.5844 → 0 candidates
[PerplexityIS] Removed 0 redundant + 0 noisy = 0 total instances
[PerplexityIS] Kept 9510 / 9510 (reduction = 0.00%)
[Adaptive-IS] Score stats — min: 1.9778, median: 3.5749, max: 6.5844
[Adaptive-IS] Step 2 — estimating thresholds via 'gmm_boundary' …
[Adaptive-IS] Estimated params — low_percentile=33.3, high_percentile=87.2, beta=0.327, theta=0.300, imbalance_proxy=0.194
[Adaptive-IS] GMM component means: [2.6442763058710366, 3.5866493258724716, 4.226776462083497]
[Adaptive-IS] Step 3 — applying selection …
[Adaptive-IS] Redundant candidates: 3165, removing 1034 (beta=0.327)
[Adaptive-IS] Noise candidates: 1215, removing 364 (theta=0.300)
[Adaptive-IS] Removed 1398 instances — kept 8112 / 9510 (reduction = 14.70%)
[9.026126861572266]
Fold 1
[Adaptive-IS] Step 1 — computing scores via 'perplexity' …
[PerplexityIS] Fitting LDA with 10 topics on 9510 instances …
[PerplexityIS] Perplexity stats — min: 1.9735, median: 3.5774, max: 6.4480
[PerplexityIS] Redundancy threshold (p0.0): 1.9735 → 0 candidates
[PerplexityIS] Noise threshold (p100.0): 6.4480 → 0 candidates
[PerplexityIS] Removed 0 redundant + 0 noisy = 0 total instances
[PerplexityIS] Kept 9510 / 9510 (reduction = 0.00%)
[Adaptive-IS] Score stats — min: 1.9735, median: 3.5774, max: 6.4480
[Adaptive-IS] Step 2 — estimating thresholds via 'gmm_boundary' …
[Adaptive-IS] Estimated params — low_percentile=38.5, high_percentile=87.7, beta=0.368, theta=0.284, imbalance_proxy=0.192
[Adaptive-IS] GMM component means: [2.6942726178770213, 3.6067346493001304, 4.227717989149882]
[Adaptive-IS] Step 3 — applying selection …
[Adaptive-IS] Redundant candidates: 3658, removing 1346 (beta=0.368)
[Adaptive-IS] Noise candidates: 1167, removing 331 (theta=0.284)
[Adaptive-IS] Removed 1677 instances — kept 7833 / 9510 (reduction = 17.63%)
[9.026126861572266, 5.928001642227173]
Fold 2
[Adaptive-IS] Step 1 — computing scores via 'perplexity' …
[PerplexityIS] Fitting LDA with 10 topics on 9511 instances …
[PerplexityIS] Perplexity stats — min: 1.9599, median: 3.5515, max: 6.5809
[PerplexityIS] Redundancy threshold (p0.0): 1.9599 → 0 candidates
[PerplexityIS] Noise threshold (p100.0): 6.5809 → 0 candidates
[PerplexityIS] Removed 0 redundant + 0 noisy = 0 total instances
[PerplexityIS] Kept 9511 / 9511 (reduction = 0.00%)
[Adaptive-IS] Score stats — min: 1.9599, median: 3.5515, max: 6.5809
[Adaptive-IS] Step 2 — estimating thresholds via 'gmm_boundary' …
[Adaptive-IS] Estimated params — low_percentile=34.6, high_percentile=87.6, beta=0.351, theta=0.286, imbalance_proxy=0.193
[Adaptive-IS] GMM component means: [2.6360640526522987, 3.5756478131879175, 4.234350244635388]
[Adaptive-IS] Step 3 — applying selection …
[Adaptive-IS] Redundant candidates: 3290, removing 1153 (beta=0.351)
[Adaptive-IS] Noise candidates: 1184, removing 338 (theta=0.286)
[Adaptive-IS] Removed 1491 instances — kept 8020 / 9511 (reduction = 15.68%)
[9.026126861572266, 5.928001642227173, 5.616058349609375]
Fold 3
[Adaptive-IS] Step 1 — computing scores via 'perplexity' …
[PerplexityIS] Fitting LDA with 10 topics on 9511 instances …
[PerplexityIS] Perplexity stats — min: 1.9582, median: 3.5881, max: 5.9916
[PerplexityIS] Redundancy threshold (p0.0): 1.9582 → 0 candidates
[PerplexityIS] Noise threshold (p100.0): 5.9916 → 0 candidates
[PerplexityIS] Removed 0 redundant + 0 noisy = 0 total instances
[PerplexityIS] Kept 9511 / 9511 (reduction = 0.00%)
[Adaptive-IS] Score stats — min: 1.9582, median: 3.5881, max: 5.9916
[Adaptive-IS] Step 2 — estimating thresholds via 'gmm_boundary' …
[Adaptive-IS] Estimated params — low_percentile=36.4, high_percentile=87.6, beta=0.346, theta=0.271, imbalance_proxy=0.191
[Adaptive-IS] GMM component means: [2.6868703648317065, 3.6135635084346958, 4.263224535234818]
[Adaptive-IS] Step 3 — applying selection …
[Adaptive-IS] Redundant candidates: 3459, removing 1195 (beta=0.346)
[Adaptive-IS] Noise candidates: 1183, removing 320 (theta=0.271)
[Adaptive-IS] Removed 1515 instances — kept 7996 / 9511 (reduction = 15.93%)
[9.026126861572266, 5.928001642227173, 5.616058349609375, 5.846172094345093]
Fold 4
[Adaptive-IS] Step 1 — computing scores via 'perplexity' …
[PerplexityIS] Fitting LDA with 10 topics on 9511 instances …
[PerplexityIS] Perplexity stats — min: 1.9738, median: 3.4997, max: 6.2831
[PerplexityIS] Redundancy threshold (p0.0): 1.9738 → 0 candidates
[PerplexityIS] Noise threshold (p100.0): 6.2831 → 0 candidates
[PerplexityIS] Removed 0 redundant + 0 noisy = 0 total instances
[PerplexityIS] Kept 9511 / 9511 (reduction = 0.00%)
[Adaptive-IS] Score stats — min: 1.9738, median: 3.4997, max: 6.2831
[Adaptive-IS] Step 2 — estimating thresholds via 'gmm_boundary' …
[Adaptive-IS] Estimated params — low_percentile=36.9, high_percentile=87.9, beta=0.378, theta=0.276, imbalance_proxy=0.194
[Adaptive-IS] GMM component means: [2.628118698122043, 3.5512876499822417, 4.202237260277513]
[Adaptive-IS] Step 3 — applying selection …
[Adaptive-IS] Redundant candidates: 3509, removing 1325 (beta=0.378)
[Adaptive-IS] Noise candidates: 1147, removing 316 (theta=0.276)
[Adaptive-IS] Removed 1641 instances — kept 7870 / 9511 (reduction = 17.25%)
[9.026126861572266, 5.928001642227173, 5.616058349609375, 5.846172094345093, 5.409279823303223]
Fold 5
[Adaptive-IS] Step 1 — computing scores via 'perplexity' …
[PerplexityIS] Fitting LDA with 10 topics on 9511 instances …
[PerplexityIS] Perplexity stats — min: 1.9872, median: 3.5158, max: 6.1292
[PerplexityIS] Redundancy threshold (p0.0): 1.9872 → 0 candidates
[PerplexityIS] Noise threshold (p100.0): 6.1292 → 0 candidates
[PerplexityIS] Removed 0 redundant + 0 noisy = 0 total instances
[PerplexityIS] Kept 9511 / 9511 (reduction = 0.00%)
[Adaptive-IS] Score stats — min: 1.9872, median: 3.5158, max: 6.1292
[Adaptive-IS] Step 2 — estimating thresholds via 'gmm_boundary' …
[Adaptive-IS] Estimated params — low_percentile=37.3, high_percentile=87.9, beta=0.382, theta=0.277, imbalance_proxy=0.193
[Adaptive-IS] GMM component means: [2.6452929268490295, 3.5645477305939623, 4.205917039145477]
[Adaptive-IS] Step 3 — applying selection …
[Adaptive-IS] Redundant candidates: 3546, removing 1356 (beta=0.382)
[Adaptive-IS] Noise candidates: 1155, removing 320 (theta=0.277)
[Adaptive-IS] Removed 1676 instances — kept 7835 / 9511 (reduction = 17.62%)
[9.026126861572266, 5.928001642227173, 5.616058349609375, 5.846172094345093, 5.409279823303223, 5.552794933319092]
Fold 6
[Adaptive-IS] Step 1 — computing scores via 'perplexity' …
[PerplexityIS] Fitting LDA with 10 topics on 9512 instances …
[PerplexityIS] Perplexity stats — min: 1.9787, median: 3.5756, max: 6.5724
[PerplexityIS] Redundancy threshold (p0.0): 1.9787 → 0 candidates
[PerplexityIS] Noise threshold (p100.0): 6.5724 → 0 candidates
[PerplexityIS] Removed 0 redundant + 0 noisy = 0 total instances
[PerplexityIS] Kept 9512 / 9512 (reduction = 0.00%)
[Adaptive-IS] Score stats — min: 1.9787, median: 3.5756, max: 6.5724
[Adaptive-IS] Step 2 — estimating thresholds via 'gmm_boundary' …
[Adaptive-IS] Estimated params — low_percentile=39.0, high_percentile=86.7, beta=0.414, theta=0.266, imbalance_proxy=0.197
[Adaptive-IS] GMM component means: [2.6990313499480365, 3.6299389974247545, 4.341175543559054]
[Adaptive-IS] Step 3 — applying selection …
[Adaptive-IS] Redundant candidates: 3705, removing 1532 (beta=0.414)
[Adaptive-IS] Noise candidates: 1268, removing 337 (theta=0.266)
[Adaptive-IS] Removed 1869 instances — kept 7643 / 9512 (reduction = 19.65%)
[9.026126861572266, 5.928001642227173, 5.616058349609375, 5.846172094345093, 5.409279823303223, 5.552794933319092, 5.874982833862305]
Fold 7
[Adaptive-IS] Step 1 — computing scores via 'perplexity' …
[PerplexityIS] Fitting LDA with 10 topics on 9512 instances …
[PerplexityIS] Perplexity stats — min: 1.9582, median: 3.5708, max: 6.2269
[PerplexityIS] Redundancy threshold (p0.0): 1.9582 → 0 candidates
[PerplexityIS] Noise threshold (p100.0): 6.2269 → 0 candidates
[PerplexityIS] Removed 0 redundant + 0 noisy = 0 total instances
[PerplexityIS] Kept 9512 / 9512 (reduction = 0.00%)
[Adaptive-IS] Score stats — min: 1.9582, median: 3.5708, max: 6.2269
[Adaptive-IS] Step 2 — estimating thresholds via 'gmm_boundary' …
[Adaptive-IS] Estimated params — low_percentile=34.4, high_percentile=87.8, beta=0.337, theta=0.285, imbalance_proxy=0.193
[Adaptive-IS] GMM component means: [2.6580363236137843, 3.591511494496469, 4.22819032379827]
[Adaptive-IS] Step 3 — applying selection …
[Adaptive-IS] Redundant candidates: 3271, removing 1101 (beta=0.337)
[Adaptive-IS] Noise candidates: 1163, removing 332 (theta=0.285)
[Adaptive-IS] Removed 1433 instances — kept 8079 / 9512 (reduction = 15.07%)
[9.026126861572266, 5.928001642227173, 5.616058349609375, 5.846172094345093, 5.409279823303223, 5.552794933319092, 5.874982833862305, 5.594506502151489]
Fold 8
[Adaptive-IS] Step 1 — computing scores via 'perplexity' …
[PerplexityIS] Fitting LDA with 10 topics on 9512 instances …
[PerplexityIS] Perplexity stats — min: 1.9674, median: 3.5903, max: 6.5789
[PerplexityIS] Redundancy threshold (p0.0): 1.9674 → 0 candidates
[PerplexityIS] Noise threshold (p100.0): 6.5789 → 0 candidates
[PerplexityIS] Removed 0 redundant + 0 noisy = 0 total instances
[PerplexityIS] Kept 9512 / 9512 (reduction = 0.00%)
[Adaptive-IS] Score stats — min: 1.9674, median: 3.5903, max: 6.5789
[Adaptive-IS] Step 2 — estimating thresholds via 'gmm_boundary' …
[Adaptive-IS] Estimated params — low_percentile=34.4, high_percentile=87.1, beta=0.333, theta=0.285, imbalance_proxy=0.192
[Adaptive-IS] GMM component means: [2.674014859087279, 3.6109355521080686, 4.2543531535510155]
[Adaptive-IS] Step 3 — applying selection …
[Adaptive-IS] Redundant candidates: 3271, removing 1088 (beta=0.333)
[Adaptive-IS] Noise candidates: 1227, removing 350 (theta=0.285)
[Adaptive-IS] Removed 1438 instances — kept 8074 / 9512 (reduction = 15.12%)
[9.026126861572266, 5.928001642227173, 5.616058349609375, 5.846172094345093, 5.409279823303223, 5.552794933319092, 5.874982833862305, 5.594506502151489, 5.586190938949585]
Fold 9
[Adaptive-IS] Step 1 — computing scores via 'perplexity' …
[PerplexityIS] Fitting LDA with 10 topics on 9512 instances …
[PerplexityIS] Perplexity stats — min: 1.9646, median: 3.5649, max: 6.2707
[PerplexityIS] Redundancy threshold (p0.0): 1.9646 → 0 candidates
[PerplexityIS] Noise threshold (p100.0): 6.2707 → 0 candidates
[PerplexityIS] Removed 0 redundant + 0 noisy = 0 total instances
[PerplexityIS] Kept 9512 / 9512 (reduction = 0.00%)
[Adaptive-IS] Score stats — min: 1.9646, median: 3.5649, max: 6.2707
[Adaptive-IS] Step 2 — estimating thresholds via 'gmm_boundary' …
[Adaptive-IS] Estimated params — low_percentile=38.0, high_percentile=86.6, beta=0.386, theta=0.270, imbalance_proxy=0.198
[Adaptive-IS] GMM component means: [2.6739242610044522, 3.6060996503685656, 4.336240676578225]
[Adaptive-IS] Step 3 — applying selection …
[Adaptive-IS] Redundant candidates: 3618, removing 1396 (beta=0.386)
[Adaptive-IS] Noise candidates: 1270, removing 342 (theta=0.270)
[Adaptive-IS] Removed 1738 instances — kept 7774 / 9512 (reduction = 18.27%)
[9.026126861572266, 5.928001642227173, 5.616058349609375, 5.846172094345093, 5.409279823303223, 5.552794933319092, 5.874982833862305, 5.594506502151489, 5.586190938949585, 5.696028470993042]
END
  Method: adaptive-v2-perplexity
Namespace(dataset='vader_movie', method='adaptive-v2-perplexity', folds=10, save=True, inputrep='tfidf', out='/app/unsupervised-is/resources/outsel', datain='/app/unsupervised-is/resources/datasets', overwrite=1, inputdir='/app/unsupervised-is/resources/datasets/vader_movie/tfidf/', splitdir='/app/unsupervised-is/resources/datasets/vader_movie/splits/', outputdir='/app/unsupervised-is/resources/outsel/selection/vader_movie/', filename='/app/unsupervised-is/resources/outsel/selection/vader_movie//saida_adaptive-v2-perplexity', start_time='05-06-2026 03:13:28')
/app/unsupervised-is/resources/datasets/vader_movie/splits//split_10.pkl
Fold 0
[AdaptiveV2-IS] Step 1 — scoring via 'perplexity' …
[PerplexityIS] Fitting LDA with 10 topics on 9510 instances …
[PerplexityIS] Perplexity stats — min: 1.9778, median: 3.5749, max: 6.5844
[PerplexityIS] Redundancy threshold (p0.0): 1.9778 → 0 candidates
[PerplexityIS] Noise threshold (p100.0): 6.5844 → 0 candidates
[PerplexityIS] Removed 0 redundant + 0 noisy = 0 total instances
[PerplexityIS] Kept 9510 / 9510 (reduction = 0.00%)
[AdaptiveV2-IS] Score stats — min: 1.9778, p25: 3.1368, median: 3.5749, p75: 3.9496, max: 6.5844
[AdaptiveV2-IS] Step 2 — estimating params via quartile density …
[AdaptiveV2-IS] Quartile widths: Q1_frac=0.252, Q2_frac=0.095, total_range=4.6066
[AdaptiveV2-IS] Params: beta_q1=0.700, beta_q2=0.600, theta=0.242, imbalance_proxy=0.194
[AdaptiveV2-IS] Step 3 — applying quartile selection …
[AdaptiveV2-IS] Q1 (2378 instances): removing 1664 (beta_q1=0.700, uniform)
[AdaptiveV2-IS] Q2 (2377 instances): removing 1426 (beta_q2=0.600, uniform)
[AdaptiveV2-IS] Q4 (2378 instances): removing 574 (theta=0.242, weighted)
[AdaptiveV2-IS] Done — removed 3664 / 9510 (reduction = 38.53%)
[8.649625062942505]
Fold 1
[AdaptiveV2-IS] Step 1 — scoring via 'perplexity' …
[PerplexityIS] Fitting LDA with 10 topics on 9510 instances …
[PerplexityIS] Perplexity stats — min: 1.9735, median: 3.5774, max: 6.4480
[PerplexityIS] Redundancy threshold (p0.0): 1.9735 → 0 candidates
[PerplexityIS] Noise threshold (p100.0): 6.4480 → 0 candidates
[PerplexityIS] Removed 0 redundant + 0 noisy = 0 total instances
[PerplexityIS] Kept 9510 / 9510 (reduction = 0.00%)
[AdaptiveV2-IS] Score stats — min: 1.9735, p25: 3.1116, median: 3.5774, p75: 3.9334, max: 6.4480
[AdaptiveV2-IS] Step 2 — estimating params via quartile density …
[AdaptiveV2-IS] Quartile widths: Q1_frac=0.254, Q2_frac=0.104, total_range=4.4746
[AdaptiveV2-IS] Params: beta_q1=0.700, beta_q2=0.600, theta=0.242, imbalance_proxy=0.192
[AdaptiveV2-IS] Step 3 — applying quartile selection …
[AdaptiveV2-IS] Q1 (2378 instances): removing 1664 (beta_q1=0.700, uniform)
[AdaptiveV2-IS] Q2 (2377 instances): removing 1426 (beta_q2=0.600, uniform)
[AdaptiveV2-IS] Q4 (2378 instances): removing 576 (theta=0.242, weighted)
[AdaptiveV2-IS] Done — removed 3666 / 9510 (reduction = 38.55%)
[8.649625062942505, 5.984007120132446]
Fold 2
[AdaptiveV2-IS] Step 1 — scoring via 'perplexity' …
[PerplexityIS] Fitting LDA with 10 topics on 9511 instances …
[PerplexityIS] Perplexity stats — min: 1.9599, median: 3.5515, max: 6.5809
[PerplexityIS] Redundancy threshold (p0.0): 1.9599 → 0 candidates
[PerplexityIS] Noise threshold (p100.0): 6.5809 → 0 candidates
[PerplexityIS] Removed 0 redundant + 0 noisy = 0 total instances
[PerplexityIS] Kept 9511 / 9511 (reduction = 0.00%)
[AdaptiveV2-IS] Score stats — min: 1.9599, p25: 3.0833, median: 3.5515, p75: 3.9285, max: 6.5809
[AdaptiveV2-IS] Step 2 — estimating params via quartile density …
[AdaptiveV2-IS] Quartile widths: Q1_frac=0.243, Q2_frac=0.101, total_range=4.6209
[AdaptiveV2-IS] Params: beta_q1=0.700, beta_q2=0.600, theta=0.242, imbalance_proxy=0.193
[AdaptiveV2-IS] Step 3 — applying quartile selection …
[AdaptiveV2-IS] Q1 (2378 instances): removing 1664 (beta_q1=0.700, uniform)
[AdaptiveV2-IS] Q2 (2378 instances): removing 1426 (beta_q2=0.600, uniform)
[AdaptiveV2-IS] Q4 (2378 instances): removing 575 (theta=0.242, weighted)
[AdaptiveV2-IS] Done — removed 3665 / 9511 (reduction = 38.53%)
[8.649625062942505, 5.984007120132446, 5.515567064285278]
Fold 3
[AdaptiveV2-IS] Step 1 — scoring via 'perplexity' …
[PerplexityIS] Fitting LDA with 10 topics on 9511 instances …
[PerplexityIS] Perplexity stats — min: 1.9582, median: 3.5881, max: 5.9916
[PerplexityIS] Redundancy threshold (p0.0): 1.9582 → 0 candidates
[PerplexityIS] Noise threshold (p100.0): 5.9916 → 0 candidates
[PerplexityIS] Removed 0 redundant + 0 noisy = 0 total instances
[PerplexityIS] Kept 9511 / 9511 (reduction = 0.00%)
[AdaptiveV2-IS] Score stats — min: 1.9582, p25: 3.1491, median: 3.5881, p75: 3.9322, max: 5.9916
[AdaptiveV2-IS] Step 2 — estimating params via quartile density …
[AdaptiveV2-IS] Quartile widths: Q1_frac=0.295, Q2_frac=0.109, total_range=4.0334
[AdaptiveV2-IS] Params: beta_q1=0.700, beta_q2=0.600, theta=0.243, imbalance_proxy=0.191
[AdaptiveV2-IS] Step 3 — applying quartile selection …
[AdaptiveV2-IS] Q1 (2378 instances): removing 1664 (beta_q1=0.700, uniform)
[AdaptiveV2-IS] Q2 (2378 instances): removing 1426 (beta_q2=0.600, uniform)
[AdaptiveV2-IS] Q4 (2378 instances): removing 577 (theta=0.243, weighted)
[AdaptiveV2-IS] Done — removed 3667 / 9511 (reduction = 38.56%)
[8.649625062942505, 5.984007120132446, 5.515567064285278, 5.743742942810059]
Fold 4
[AdaptiveV2-IS] Step 1 — scoring via 'perplexity' …
[PerplexityIS] Fitting LDA with 10 topics on 9511 instances …
[PerplexityIS] Perplexity stats — min: 1.9738, median: 3.4997, max: 6.2831
[PerplexityIS] Redundancy threshold (p0.0): 1.9738 → 0 candidates
[PerplexityIS] Noise threshold (p100.0): 6.2831 → 0 candidates
[PerplexityIS] Removed 0 redundant + 0 noisy = 0 total instances
[PerplexityIS] Kept 9511 / 9511 (reduction = 0.00%)
[AdaptiveV2-IS] Score stats — min: 1.9738, p25: 3.0221, median: 3.4997, p75: 3.8908, max: 6.2831
[AdaptiveV2-IS] Step 2 — estimating params via quartile density …
[AdaptiveV2-IS] Quartile widths: Q1_frac=0.243, Q2_frac=0.111, total_range=4.3093
[AdaptiveV2-IS] Params: beta_q1=0.700, beta_q2=0.600, theta=0.242, imbalance_proxy=0.194
[AdaptiveV2-IS] Step 3 — applying quartile selection …
[AdaptiveV2-IS] Q1 (2378 instances): removing 1664 (beta_q1=0.700, uniform)
[AdaptiveV2-IS] Q2 (2378 instances): removing 1426 (beta_q2=0.600, uniform)
[AdaptiveV2-IS] Q4 (2378 instances): removing 574 (theta=0.242, weighted)
[AdaptiveV2-IS] Done — removed 3664 / 9511 (reduction = 38.52%)
[8.649625062942505, 5.984007120132446, 5.515567064285278, 5.743742942810059, 5.322629928588867]
Fold 5
[AdaptiveV2-IS] Step 1 — scoring via 'perplexity' …
[PerplexityIS] Fitting LDA with 10 topics on 9511 instances …
[PerplexityIS] Perplexity stats — min: 1.9872, median: 3.5158, max: 6.1292
[PerplexityIS] Redundancy threshold (p0.0): 1.9872 → 0 candidates
[PerplexityIS] Noise threshold (p100.0): 6.1292 → 0 candidates
[PerplexityIS] Removed 0 redundant + 0 noisy = 0 total instances
[PerplexityIS] Kept 9511 / 9511 (reduction = 0.00%)
[AdaptiveV2-IS] Score stats — min: 1.9872, p25: 3.0328, median: 3.5158, p75: 3.8980, max: 6.1292
[AdaptiveV2-IS] Step 2 — estimating params via quartile density …
[AdaptiveV2-IS] Quartile widths: Q1_frac=0.252, Q2_frac=0.117, total_range=4.1420
[AdaptiveV2-IS] Params: beta_q1=0.700, beta_q2=0.600, theta=0.242, imbalance_proxy=0.193
[AdaptiveV2-IS] Step 3 — applying quartile selection …
[AdaptiveV2-IS] Q1 (2378 instances): removing 1664 (beta_q1=0.700, uniform)
[AdaptiveV2-IS] Q2 (2378 instances): removing 1426 (beta_q2=0.600, uniform)
[AdaptiveV2-IS] Q4 (2378 instances): removing 575 (theta=0.242, weighted)
[AdaptiveV2-IS] Done — removed 3665 / 9511 (reduction = 38.53%)
[8.649625062942505, 5.984007120132446, 5.515567064285278, 5.743742942810059, 5.322629928588867, 5.1801438331604]
Fold 6
[AdaptiveV2-IS] Step 1 — scoring via 'perplexity' …
[PerplexityIS] Fitting LDA with 10 topics on 9512 instances …
[PerplexityIS] Perplexity stats — min: 1.9787, median: 3.5756, max: 6.5724
[PerplexityIS] Redundancy threshold (p0.0): 1.9787 → 0 candidates
[PerplexityIS] Noise threshold (p100.0): 6.5724 → 0 candidates
[PerplexityIS] Removed 0 redundant + 0 noisy = 0 total instances
[PerplexityIS] Kept 9512 / 9512 (reduction = 0.00%)
[AdaptiveV2-IS] Score stats — min: 1.9787, p25: 3.0527, median: 3.5756, p75: 3.9578, max: 6.5724
[AdaptiveV2-IS] Step 2 — estimating params via quartile density …
[AdaptiveV2-IS] Quartile widths: Q1_frac=0.234, Q2_frac=0.114, total_range=4.5937
[AdaptiveV2-IS] Params: beta_q1=0.700, beta_q2=0.600, theta=0.241, imbalance_proxy=0.197
[AdaptiveV2-IS] Step 3 — applying quartile selection …
[AdaptiveV2-IS] Q1 (2378 instances): removing 1664 (beta_q1=0.700, uniform)
[AdaptiveV2-IS] Q2 (2378 instances): removing 1426 (beta_q2=0.600, uniform)
[AdaptiveV2-IS] Q4 (2378 instances): removing 573 (theta=0.241, weighted)
[AdaptiveV2-IS] Done — removed 3663 / 9512 (reduction = 38.51%)
[8.649625062942505, 5.984007120132446, 5.515567064285278, 5.743742942810059, 5.322629928588867, 5.1801438331604, 5.641159534454346]
Fold 7
[AdaptiveV2-IS] Step 1 — scoring via 'perplexity' …
[PerplexityIS] Fitting LDA with 10 topics on 9512 instances …
[PerplexityIS] Perplexity stats — min: 1.9582, median: 3.5708, max: 6.2269
[PerplexityIS] Redundancy threshold (p0.0): 1.9582 → 0 candidates
[PerplexityIS] Noise threshold (p100.0): 6.2269 → 0 candidates
[PerplexityIS] Removed 0 redundant + 0 noisy = 0 total instances
[PerplexityIS] Kept 9512 / 9512 (reduction = 0.00%)
[AdaptiveV2-IS] Score stats — min: 1.9582, p25: 3.1236, median: 3.5708, p75: 3.9369, max: 6.2269
[AdaptiveV2-IS] Step 2 — estimating params via quartile density …
[AdaptiveV2-IS] Quartile widths: Q1_frac=0.273, Q2_frac=0.105, total_range=4.2687
[AdaptiveV2-IS] Params: beta_q1=0.700, beta_q2=0.600, theta=0.242, imbalance_proxy=0.193
[AdaptiveV2-IS] Step 3 — applying quartile selection …
[AdaptiveV2-IS] Q1 (2378 instances): removing 1664 (beta_q1=0.700, uniform)
[AdaptiveV2-IS] Q2 (2378 instances): removing 1426 (beta_q2=0.600, uniform)
[AdaptiveV2-IS] Q4 (2378 instances): removing 575 (theta=0.242, weighted)
[AdaptiveV2-IS] Done — removed 3665 / 9512 (reduction = 38.53%)
[8.649625062942505, 5.984007120132446, 5.515567064285278, 5.743742942810059, 5.322629928588867, 5.1801438331604, 5.641159534454346, 5.397300481796265]
Fold 8
[AdaptiveV2-IS] Step 1 — scoring via 'perplexity' …
[PerplexityIS] Fitting LDA with 10 topics on 9512 instances …
[PerplexityIS] Perplexity stats — min: 1.9674, median: 3.5903, max: 6.5789
[PerplexityIS] Redundancy threshold (p0.0): 1.9674 → 0 candidates
[PerplexityIS] Noise threshold (p100.0): 6.5789 → 0 candidates
[PerplexityIS] Removed 0 redundant + 0 noisy = 0 total instances
[PerplexityIS] Kept 9512 / 9512 (reduction = 0.00%)
[AdaptiveV2-IS] Score stats — min: 1.9674, p25: 3.1629, median: 3.5903, p75: 3.9492, max: 6.5789
[AdaptiveV2-IS] Step 2 — estimating params via quartile density …
[AdaptiveV2-IS] Quartile widths: Q1_frac=0.259, Q2_frac=0.093, total_range=4.6115
[AdaptiveV2-IS] Params: beta_q1=0.700, beta_q2=0.600, theta=0.242, imbalance_proxy=0.192
[AdaptiveV2-IS] Step 3 — applying quartile selection …
[AdaptiveV2-IS] Q1 (2378 instances): removing 1664 (beta_q1=0.700, uniform)
[AdaptiveV2-IS] Q2 (2378 instances): removing 1426 (beta_q2=0.600, uniform)
[AdaptiveV2-IS] Q4 (2378 instances): removing 576 (theta=0.242, weighted)
[AdaptiveV2-IS] Done — removed 3666 / 9512 (reduction = 38.54%)
[8.649625062942505, 5.984007120132446, 5.515567064285278, 5.743742942810059, 5.322629928588867, 5.1801438331604, 5.641159534454346, 5.397300481796265, 5.502050161361694]
Fold 9
[AdaptiveV2-IS] Step 1 — scoring via 'perplexity' …
[PerplexityIS] Fitting LDA with 10 topics on 9512 instances …
[PerplexityIS] Perplexity stats — min: 1.9646, median: 3.5649, max: 6.2707
[PerplexityIS] Redundancy threshold (p0.0): 1.9646 → 0 candidates
[PerplexityIS] Noise threshold (p100.0): 6.2707 → 0 candidates
[PerplexityIS] Removed 0 redundant + 0 noisy = 0 total instances
[PerplexityIS] Kept 9512 / 9512 (reduction = 0.00%)
[AdaptiveV2-IS] Score stats — min: 1.9646, p25: 3.0744, median: 3.5649, p75: 3.9535, max: 6.2707
[AdaptiveV2-IS] Step 2 — estimating params via quartile density …
[AdaptiveV2-IS] Quartile widths: Q1_frac=0.258, Q2_frac=0.114, total_range=4.3061
[AdaptiveV2-IS] Params: beta_q1=0.700, beta_q2=0.600, theta=0.240, imbalance_proxy=0.198
[AdaptiveV2-IS] Step 3 — applying quartile selection …
[AdaptiveV2-IS] Q1 (2378 instances): removing 1664 (beta_q1=0.700, uniform)
[AdaptiveV2-IS] Q2 (2378 instances): removing 1426 (beta_q2=0.600, uniform)
[AdaptiveV2-IS] Q4 (2378 instances): removing 571 (theta=0.240, weighted)
[AdaptiveV2-IS] Done — removed 3661 / 9512 (reduction = 38.49%)
[8.649625062942505, 5.984007120132446, 5.515567064285278, 5.743742942810059, 5.322629928588867, 5.1801438331604, 5.641159534454346, 5.397300481796265, 5.502050161361694, 5.519568920135498]
END
Dataset: movie_review
  Method: no-is
Namespace(dataset='movie_review', method='no-is', folds=10, save=True, inputrep='tfidf', out='/app/unsupervised-is/resources/outsel', datain='/app/unsupervised-is/resources/datasets', overwrite=1, inputdir='/app/unsupervised-is/resources/datasets/movie_review/tfidf/', splitdir='/app/unsupervised-is/resources/datasets/movie_review/splits/', outputdir='/app/unsupervised-is/resources/outsel/selection/movie_review/', filename='/app/unsupervised-is/resources/outsel/selection/movie_review//saida_no-is', start_time='05-06-2026 03:14:32')
/app/unsupervised-is/resources/datasets/movie_review/splits//split_10.pkl
Fold 0
[0.004998683929443359]
Fold 1
[0.004998683929443359, 0.004702091217041016]
Fold 2
[0.004998683929443359, 0.004702091217041016, 0.0046918392181396484]
Fold 3
[0.004998683929443359, 0.004702091217041016, 0.0046918392181396484, 0.004720926284790039]
Fold 4
[0.004998683929443359, 0.004702091217041016, 0.0046918392181396484, 0.004720926284790039, 0.0047070980072021484]
Fold 5
[0.004998683929443359, 0.004702091217041016, 0.0046918392181396484, 0.004720926284790039, 0.0047070980072021484, 0.00521397590637207]
Fold 6
[0.004998683929443359, 0.004702091217041016, 0.0046918392181396484, 0.004720926284790039, 0.0047070980072021484, 0.00521397590637207, 0.0046825408935546875]
Fold 7
[0.004998683929443359, 0.004702091217041016, 0.0046918392181396484, 0.004720926284790039, 0.0047070980072021484, 0.00521397590637207, 0.0046825408935546875, 0.004655599594116211]
Fold 8
[0.004998683929443359, 0.004702091217041016, 0.0046918392181396484, 0.004720926284790039, 0.0047070980072021484, 0.00521397590637207, 0.0046825408935546875, 0.004655599594116211, 0.0046956539154052734]
Fold 9
[0.004998683929443359, 0.004702091217041016, 0.0046918392181396484, 0.004720926284790039, 0.0047070980072021484, 0.00521397590637207, 0.0046825408935546875, 0.004655599594116211, 0.0046956539154052734, 0.00471806526184082]
END
  Method: biois
Namespace(dataset='movie_review', method='biois', folds=10, save=True, inputrep='tfidf', out='/app/unsupervised-is/resources/outsel', datain='/app/unsupervised-is/resources/datasets', overwrite=1, inputdir='/app/unsupervised-is/resources/datasets/movie_review/tfidf/', splitdir='/app/unsupervised-is/resources/datasets/movie_review/splits/', outputdir='/app/unsupervised-is/resources/outsel/selection/movie_review/', filename='/app/unsupervised-is/resources/outsel/selection/movie_review//saida_biois', start_time='05-06-2026 03:14:36')
/app/unsupervised-is/resources/datasets/movie_review/splits//split_10.pkl
Fold 0
fitting_alpha_by_lr_default
LogisticRegression()
LogisticRegression()
LogisticRegression()
LogisticRegression()
LogisticRegression()
Micro: 0.7545596664929651
Macro: 0.7545592825920515
identifyNoiseByLowerNNEntropy
[0.6066200733184814]
Fold 1
fitting_alpha_by_lr_default
LogisticRegression()
LogisticRegression()
LogisticRegression()
LogisticRegression()
LogisticRegression()
Micro: 0.7545596664929651
Macro: 0.7545596238373673
identifyNoiseByLowerNNEntropy
[0.6066200733184814, 0.6210672855377197]
Fold 2
fitting_alpha_by_lr_default
LogisticRegression()
LogisticRegression()
LogisticRegression()
LogisticRegression()
LogisticRegression()
Micro: 0.7509378907878282
Macro: 0.7509376203125011
identifyNoiseByLowerNNEntropy
[0.6066200733184814, 0.6210672855377197, 0.5926213264465332]
Fold 3
fitting_alpha_by_lr_default
LogisticRegression()
LogisticRegression()
LogisticRegression()
LogisticRegression()
LogisticRegression()
Micro: 0.7532305127136307
Macro: 0.7532292156579368
identifyNoiseByLowerNNEntropy
[0.6066200733184814, 0.6210672855377197, 0.5926213264465332, 0.5893101692199707]
Fold 4
fitting_alpha_by_lr_default
LogisticRegression()
LogisticRegression()
LogisticRegression()
LogisticRegression()
LogisticRegression()
Micro: 0.7547936640266778
Macro: 0.7547932139995324
identifyNoiseByLowerNNEntropy
[0.6066200733184814, 0.6210672855377197, 0.5926213264465332, 0.5893101692199707, 0.596886396408081]
Fold 5
fitting_alpha_by_lr_default
LogisticRegression()
LogisticRegression()
LogisticRegression()
LogisticRegression()
LogisticRegression()
Micro: 0.7516673614005835
Macro: 0.7516670350839099
identifyNoiseByLowerNNEntropy
[0.6066200733184814, 0.6210672855377197, 0.5926213264465332, 0.5893101692199707, 0.596886396408081, 0.5998971462249756]
Fold 6
fitting_alpha_by_lr_default
LogisticRegression()
LogisticRegression()
LogisticRegression()
LogisticRegression()
LogisticRegression()
Micro: 0.7548978741142143
Macro: 0.7548963409389653
identifyNoiseByLowerNNEntropy
[0.6066200733184814, 0.6210672855377197, 0.5926213264465332, 0.5893101692199707, 0.596886396408081, 0.5998971462249756, 0.5843379497528076]
Fold 7
fitting_alpha_by_lr_default
LogisticRegression()
LogisticRegression()
LogisticRegression()
LogisticRegression()
LogisticRegression()
Micro: 0.7565652355147978
Macro: 0.7565580869055115
identifyNoiseByLowerNNEntropy
[0.6066200733184814, 0.6210672855377197, 0.5926213264465332, 0.5893101692199707, 0.596886396408081, 0.5998971462249756, 0.5843379497528076, 0.5805466175079346]
Fold 8
fitting_alpha_by_lr_default
LogisticRegression()
LogisticRegression()
LogisticRegression()
LogisticRegression()
LogisticRegression()
Micro: 0.7582325969153814
Macro: 0.7582317462401159
identifyNoiseByLowerNNEntropy
[0.6066200733184814, 0.6210672855377197, 0.5926213264465332, 0.5893101692199707, 0.596886396408081, 0.5998971462249756, 0.5843379497528076, 0.5805466175079346, 0.5835599899291992]
Fold 9
fitting_alpha_by_lr_default
LogisticRegression()
LogisticRegression()
LogisticRegression()
LogisticRegression()
LogisticRegression()
Micro: 0.7543768236765319
Macro: 0.7543766076165848
identifyNoiseByLowerNNEntropy
[0.6066200733184814, 0.6210672855377197, 0.5926213264465332, 0.5893101692199707, 0.596886396408081, 0.5998971462249756, 0.5843379497528076, 0.5805466175079346, 0.5835599899291992, 0.590740442276001]
END
  Method: perplexity-is
Namespace(dataset='movie_review', method='perplexity-is', folds=10, save=True, inputrep='tfidf', out='/app/unsupervised-is/resources/outsel', datain='/app/unsupervised-is/resources/datasets', overwrite=1, inputdir='/app/unsupervised-is/resources/datasets/movie_review/tfidf/', splitdir='/app/unsupervised-is/resources/datasets/movie_review/splits/', outputdir='/app/unsupervised-is/resources/outsel/selection/movie_review/', filename='/app/unsupervised-is/resources/outsel/selection/movie_review//saida_perplexity-is', start_time='05-06-2026 03:14:46')
/app/unsupervised-is/resources/datasets/movie_review/splits//split_10.pkl
Fold 0
[PerplexityIS] Fitting LDA with 10 topics on 9595 instances …
[PerplexityIS] Perplexity stats — min: 2.1620, median: 3.0404, max: 10.0000
[PerplexityIS] Redundancy threshold (p40): 2.9108 → 3838 candidates
[PerplexityIS] Redundant instances: 3838, removing 2302 with beta=0.6
[PerplexityIS] Noise threshold (p70): 3.4709 → 2879 candidates
[PerplexityIS] Noise instances: 2879, removing 575 with theta=0.2
[PerplexityIS] Removed 2302 redundant + 575 noisy = 2877 total instances
[PerplexityIS] Kept 6718 / 9595 (reduction = 29.98%)
[8.096166610717773]
Fold 1
[PerplexityIS] Fitting LDA with 10 topics on 9595 instances …
[PerplexityIS] Perplexity stats — min: 2.1638, median: 3.0498, max: 10.0000
[PerplexityIS] Redundancy threshold (p40): 2.9165 → 3838 candidates
[PerplexityIS] Redundant instances: 3838, removing 2302 with beta=0.6
[PerplexityIS] Noise threshold (p70): 3.5679 → 2879 candidates
[PerplexityIS] Noise instances: 2879, removing 575 with theta=0.2
[PerplexityIS] Removed 2302 redundant + 575 noisy = 2877 total instances
[PerplexityIS] Kept 6718 / 9595 (reduction = 29.98%)
[8.096166610717773, 5.09094500541687]
Fold 2
[PerplexityIS] Fitting LDA with 10 topics on 9596 instances …
[PerplexityIS] Perplexity stats — min: 2.1629, median: 3.0446, max: 10.0000
[PerplexityIS] Redundancy threshold (p40): 2.9152 → 3838 candidates
[PerplexityIS] Redundant instances: 3838, removing 2302 with beta=0.6
[PerplexityIS] Noise threshold (p70): 3.5644 → 2879 candidates
[PerplexityIS] Noise instances: 2879, removing 575 with theta=0.2
[PerplexityIS] Removed 2302 redundant + 575 noisy = 2877 total instances
[PerplexityIS] Kept 6719 / 9596 (reduction = 29.98%)
[8.096166610717773, 5.09094500541687, 4.927509784698486]
Fold 3
[PerplexityIS] Fitting LDA with 10 topics on 9596 instances …
[PerplexityIS] Perplexity stats — min: 2.1328, median: 3.0548, max: 10.0000
[PerplexityIS] Redundancy threshold (p40): 2.9204 → 3838 candidates
[PerplexityIS] Redundant instances: 3838, removing 2302 with beta=0.6
[PerplexityIS] Noise threshold (p70): 3.5710 → 2879 candidates
[PerplexityIS] Noise instances: 2879, removing 575 with theta=0.2
[PerplexityIS] Removed 2302 redundant + 575 noisy = 2877 total instances
[PerplexityIS] Kept 6719 / 9596 (reduction = 29.98%)
[8.096166610717773, 5.09094500541687, 4.927509784698486, 4.9802587032318115]
Fold 4
[PerplexityIS] Fitting LDA with 10 topics on 9596 instances …
[PerplexityIS] Perplexity stats — min: 2.1622, median: 3.0452, max: 10.0000
[PerplexityIS] Redundancy threshold (p40): 2.9161 → 3838 candidates
[PerplexityIS] Redundant instances: 3838, removing 2302 with beta=0.6
[PerplexityIS] Noise threshold (p70): 3.5651 → 2879 candidates
[PerplexityIS] Noise instances: 2879, removing 575 with theta=0.2
[PerplexityIS] Removed 2302 redundant + 575 noisy = 2877 total instances
[PerplexityIS] Kept 6719 / 9596 (reduction = 29.98%)
[8.096166610717773, 5.09094500541687, 4.927509784698486, 4.9802587032318115, 5.00229287147522]
Fold 5
[PerplexityIS] Fitting LDA with 10 topics on 9596 instances …
[PerplexityIS] Perplexity stats — min: 2.1935, median: 3.0543, max: 10.0000
[PerplexityIS] Redundancy threshold (p40): 2.9201 → 3838 candidates
[PerplexityIS] Redundant instances: 3838, removing 2302 with beta=0.6
[PerplexityIS] Noise threshold (p70): 3.5679 → 2879 candidates
[PerplexityIS] Noise instances: 2879, removing 575 with theta=0.2
[PerplexityIS] Removed 2302 redundant + 575 noisy = 2877 total instances
[PerplexityIS] Kept 6719 / 9596 (reduction = 29.98%)
[8.096166610717773, 5.09094500541687, 4.927509784698486, 4.9802587032318115, 5.00229287147522, 5.12538743019104]
Fold 6
[PerplexityIS] Fitting LDA with 10 topics on 9596 instances …
[PerplexityIS] Perplexity stats — min: 2.1676, median: 3.0316, max: 10.0000
[PerplexityIS] Redundancy threshold (p40): 2.9071 → 3838 candidates
[PerplexityIS] Redundant instances: 3838, removing 2302 with beta=0.6
[PerplexityIS] Noise threshold (p70): 3.4235 → 2879 candidates
[PerplexityIS] Noise instances: 2879, removing 575 with theta=0.2
[PerplexityIS] Removed 2302 redundant + 575 noisy = 2877 total instances
[PerplexityIS] Kept 6719 / 9596 (reduction = 29.98%)
[8.096166610717773, 5.09094500541687, 4.927509784698486, 4.9802587032318115, 5.00229287147522, 5.12538743019104, 5.101255416870117]
Fold 7
[PerplexityIS] Fitting LDA with 10 topics on 9596 instances …
[PerplexityIS] Perplexity stats — min: 2.1718, median: 3.0476, max: 10.0000
[PerplexityIS] Redundancy threshold (p40): 2.9150 → 3838 candidates
[PerplexityIS] Redundant instances: 3838, removing 2302 with beta=0.6
[PerplexityIS] Noise threshold (p70): 3.5685 → 2879 candidates
[PerplexityIS] Noise instances: 2879, removing 575 with theta=0.2
[PerplexityIS] Removed 2302 redundant + 575 noisy = 2877 total instances
[PerplexityIS] Kept 6719 / 9596 (reduction = 29.98%)
[8.096166610717773, 5.09094500541687, 4.927509784698486, 4.9802587032318115, 5.00229287147522, 5.12538743019104, 5.101255416870117, 5.182224750518799]
Fold 8
[PerplexityIS] Fitting LDA with 10 topics on 9596 instances …
[PerplexityIS] Perplexity stats — min: 2.1451, median: 3.0507, max: 10.0000
[PerplexityIS] Redundancy threshold (p40): 2.9172 → 3838 candidates
[PerplexityIS] Redundant instances: 3838, removing 2302 with beta=0.6
[PerplexityIS] Noise threshold (p70): 3.5681 → 2879 candidates
[PerplexityIS] Noise instances: 2879, removing 575 with theta=0.2
[PerplexityIS] Removed 2302 redundant + 575 noisy = 2877 total instances
[PerplexityIS] Kept 6719 / 9596 (reduction = 29.98%)
[8.096166610717773, 5.09094500541687, 4.927509784698486, 4.9802587032318115, 5.00229287147522, 5.12538743019104, 5.101255416870117, 5.182224750518799, 5.258355140686035]
Fold 9
[PerplexityIS] Fitting LDA with 10 topics on 9596 instances …
[PerplexityIS] Perplexity stats — min: 2.1322, median: 3.0409, max: 10.0000
[PerplexityIS] Redundancy threshold (p40): 2.9109 → 3838 candidates
[PerplexityIS] Redundant instances: 3838, removing 2302 with beta=0.6
[PerplexityIS] Noise threshold (p70): 3.4738 → 2879 candidates
[PerplexityIS] Noise instances: 2879, removing 575 with theta=0.2
[PerplexityIS] Removed 2302 redundant + 575 noisy = 2877 total instances
[PerplexityIS] Kept 6719 / 9596 (reduction = 29.98%)
[8.096166610717773, 5.09094500541687, 4.927509784698486, 4.9802587032318115, 5.00229287147522, 5.12538743019104, 5.101255416870117, 5.182224750518799, 5.258355140686035, 5.118762254714966]
END
  Method: autoencoder-is
Namespace(dataset='movie_review', method='autoencoder-is', folds=10, save=True, inputrep='tfidf', out='/app/unsupervised-is/resources/outsel', datain='/app/unsupervised-is/resources/datasets', overwrite=1, inputdir='/app/unsupervised-is/resources/datasets/movie_review/tfidf/', splitdir='/app/unsupervised-is/resources/datasets/movie_review/splits/', outputdir='/app/unsupervised-is/resources/outsel/selection/movie_review/', filename='/app/unsupervised-is/resources/outsel/selection/movie_review//saida_autoencoder-is', start_time='05-06-2026 03:15:45')
/app/unsupervised-is/resources/datasets/movie_review/splits//split_10.pkl
Fold 0
[AE-IS] Using GPU: NVIDIA A100-SXM4-80GB
[AE-IS] Architecture: 9070 → 20 → 10 → 20 → 9070
[AE-IS] Training autoencoder on 9595 instances (9070 features) for up to 20 epochs …
  Epoch   1/20 — loss: 1.103919 (best: 1.103919)
  Epoch  10/20 — loss: 1.002675 (best: 1.002675)
  Epoch  20/20 — loss: 0.998696 (best: 0.998696)
[AE-IS] Training finished — best loss: 0.998696
[AE-IS] Reconstruction error stats — min: 0.000927, median: 0.955157, max: 3.465685
[AE-IS] Redundant instances: 3838, removing 2302 with beta=0.6
[AE-IS] Noise instances: 2879, removing 575 with theta=0.2
[AE-IS] Removed 2302 redundant + 575 noisy = 2877 total instances
[AE-IS] Kept 6718 / 9595 (reduction = 29.98%)
[10.715501308441162]
Fold 1
[AE-IS] Using GPU: NVIDIA A100-SXM4-80GB
[AE-IS] Architecture: 9105 → 20 → 10 → 20 → 9105
[AE-IS] Training autoencoder on 9595 instances (9105 features) for up to 20 epochs …
  Epoch   1/20 — loss: 1.094995 (best: 1.094995)
  Epoch  10/20 — loss: 1.002813 (best: 1.002813)
  Epoch  20/20 — loss: 0.998775 (best: 0.998775)
[AE-IS] Training finished — best loss: 0.998775
[AE-IS] Reconstruction error stats — min: 0.000931, median: 0.956685, max: 3.624290
[AE-IS] Redundant instances: 3838, removing 2302 with beta=0.6
[AE-IS] Noise instances: 2879, removing 575 with theta=0.2
[AE-IS] Removed 2302 redundant + 575 noisy = 2877 total instances
[AE-IS] Kept 6718 / 9595 (reduction = 29.98%)
[10.715501308441162, 10.12068223953247]
Fold 2
[AE-IS] Using GPU: NVIDIA A100-SXM4-80GB
[AE-IS] Architecture: 9057 → 20 → 10 → 20 → 9057
[AE-IS] Training autoencoder on 9596 instances (9057 features) for up to 20 epochs …
  Epoch   1/20 — loss: 1.102360 (best: 1.102360)
  Epoch  10/20 — loss: 1.002931 (best: 1.002931)
  Epoch  20/20 — loss: 0.998920 (best: 0.998920)
[AE-IS] Training finished — best loss: 0.998920
[AE-IS] Reconstruction error stats — min: 0.000927, median: 0.950639, max: 3.581853
[AE-IS] Redundant instances: 3838, removing 2302 with beta=0.6
[AE-IS] Noise instances: 2879, removing 575 with theta=0.2
[AE-IS] Removed 2302 redundant + 575 noisy = 2877 total instances
[AE-IS] Kept 6719 / 9596 (reduction = 29.98%)
[10.715501308441162, 10.12068223953247, 8.343137502670288]
Fold 3
[AE-IS] Using GPU: NVIDIA A100-SXM4-80GB
[AE-IS] Architecture: 9045 → 20 → 10 → 20 → 9045
[AE-IS] Training autoencoder on 9596 instances (9045 features) for up to 20 epochs …
  Epoch   1/20 — loss: 1.101888 (best: 1.101888)
  Epoch  10/20 — loss: 1.002678 (best: 1.002678)
  Epoch  20/20 — loss: 0.998877 (best: 0.998877)
[AE-IS] Training finished — best loss: 0.998877
[AE-IS] Reconstruction error stats — min: 0.000933, median: 0.958803, max: 3.302451
[AE-IS] Redundant instances: 3838, removing 2302 with beta=0.6
[AE-IS] Noise instances: 2879, removing 575 with theta=0.2
[AE-IS] Removed 2302 redundant + 575 noisy = 2877 total instances
[AE-IS] Kept 6719 / 9596 (reduction = 29.98%)
[10.715501308441162, 10.12068223953247, 8.343137502670288, 7.939432621002197]
Fold 4
[AE-IS] Using GPU: NVIDIA A100-SXM4-80GB
[AE-IS] Architecture: 9088 → 20 → 10 → 20 → 9088
[AE-IS] Training autoencoder on 9596 instances (9088 features) for up to 20 epochs …
  Epoch   1/20 — loss: 1.105751 (best: 1.105751)
  Epoch  10/20 — loss: 1.002848 (best: 1.002848)
  Epoch  20/20 — loss: 0.998877 (best: 0.998877)
[AE-IS] Training finished — best loss: 0.998877
[AE-IS] Reconstruction error stats — min: 0.000930, median: 0.955073, max: 3.533475
[AE-IS] Redundant instances: 3838, removing 2302 with beta=0.6
[AE-IS] Noise instances: 2879, removing 575 with theta=0.2
[AE-IS] Removed 2302 redundant + 575 noisy = 2877 total instances
[AE-IS] Kept 6719 / 9596 (reduction = 29.98%)
[10.715501308441162, 10.12068223953247, 8.343137502670288, 7.939432621002197, 9.179620027542114]
Fold 5
[AE-IS] Using GPU: NVIDIA A100-SXM4-80GB
[AE-IS] Architecture: 9024 → 20 → 10 → 20 → 9024
[AE-IS] Training autoencoder on 9596 instances (9024 features) for up to 20 epochs …
  Epoch   1/20 — loss: 1.101389 (best: 1.101389)
  Epoch  10/20 — loss: 1.002913 (best: 1.002913)
  Epoch  20/20 — loss: 0.998964 (best: 0.998964)
[AE-IS] Training finished — best loss: 0.998964
[AE-IS] Reconstruction error stats — min: 0.000929, median: 0.953951, max: 3.531046
[AE-IS] Redundant instances: 3838, removing 2302 with beta=0.6
[AE-IS] Noise instances: 2879, removing 575 with theta=0.2
[AE-IS] Removed 2302 redundant + 575 noisy = 2877 total instances
[AE-IS] Kept 6719 / 9596 (reduction = 29.98%)
[10.715501308441162, 10.12068223953247, 8.343137502670288, 7.939432621002197, 9.179620027542114, 7.783336639404297]
Fold 6
[AE-IS] Using GPU: NVIDIA A100-SXM4-80GB
[AE-IS] Architecture: 9060 → 20 → 10 → 20 → 9060
[AE-IS] Training autoencoder on 9596 instances (9060 features) for up to 20 epochs …
  Epoch   1/20 — loss: 1.105983 (best: 1.105983)
  Epoch  10/20 — loss: 1.002805 (best: 1.002805)
  Epoch  20/20 — loss: 0.998951 (best: 0.998951)
[AE-IS] Training finished — best loss: 0.998951
[AE-IS] Reconstruction error stats — min: 0.000930, median: 0.954737, max: 3.663336
[AE-IS] Redundant instances: 3838, removing 2302 with beta=0.6
[AE-IS] Noise instances: 2879, removing 575 with theta=0.2
[AE-IS] Removed 2302 redundant + 575 noisy = 2877 total instances
[AE-IS] Kept 6719 / 9596 (reduction = 29.98%)
[10.715501308441162, 10.12068223953247, 8.343137502670288, 7.939432621002197, 9.179620027542114, 7.783336639404297, 8.04366397857666]
Fold 7
[AE-IS] Using GPU: NVIDIA A100-SXM4-80GB
[AE-IS] Architecture: 9061 → 20 → 10 → 20 → 9061
[AE-IS] Training autoencoder on 9596 instances (9061 features) for up to 20 epochs …
  Epoch   1/20 — loss: 1.099479 (best: 1.099479)
  Epoch  10/20 — loss: 1.002940 (best: 1.002940)
  Epoch  20/20 — loss: 0.999061 (best: 0.999061)
[AE-IS] Training finished — best loss: 0.999061
[AE-IS] Reconstruction error stats — min: 0.000931, median: 0.952361, max: 3.718313
[AE-IS] Redundant instances: 3838, removing 2302 with beta=0.6
[AE-IS] Noise instances: 2879, removing 575 with theta=0.2
[AE-IS] Removed 2302 redundant + 575 noisy = 2877 total instances
[AE-IS] Kept 6719 / 9596 (reduction = 29.98%)
[10.715501308441162, 10.12068223953247, 8.343137502670288, 7.939432621002197, 9.179620027542114, 7.783336639404297, 8.04366397857666, 8.738629579544067]
Fold 8
[AE-IS] Using GPU: NVIDIA A100-SXM4-80GB
[AE-IS] Architecture: 9063 → 20 → 10 → 20 → 9063
[AE-IS] Training autoencoder on 9596 instances (9063 features) for up to 20 epochs …
  Epoch   1/20 — loss: 1.103475 (best: 1.103475)
  Epoch  10/20 — loss: 1.002777 (best: 1.002777)
  Epoch  20/20 — loss: 0.998759 (best: 0.998759)
[AE-IS] Training finished — best loss: 0.998759
[AE-IS] Reconstruction error stats — min: 0.000927, median: 0.956524, max: 3.672552
[AE-IS] Redundant instances: 3838, removing 2302 with beta=0.6
[AE-IS] Noise instances: 2879, removing 575 with theta=0.2
[AE-IS] Removed 2302 redundant + 575 noisy = 2877 total instances
[AE-IS] Kept 6719 / 9596 (reduction = 29.98%)
[10.715501308441162, 10.12068223953247, 8.343137502670288, 7.939432621002197, 9.179620027542114, 7.783336639404297, 8.04366397857666, 8.738629579544067, 8.663931131362915]
Fold 9
[AE-IS] Using GPU: NVIDIA A100-SXM4-80GB
[AE-IS] Architecture: 9028 → 20 → 10 → 20 → 9028
[AE-IS] Training autoencoder on 9596 instances (9028 features) for up to 20 epochs …
  Epoch   1/20 — loss: 1.106048 (best: 1.106048)
  Epoch  10/20 — loss: 1.002711 (best: 1.002711)
  Epoch  20/20 — loss: 0.998846 (best: 0.998846)
[AE-IS] Training finished — best loss: 0.998846
[AE-IS] Reconstruction error stats — min: 0.000933, median: 0.953560, max: 3.405421
[AE-IS] Redundant instances: 3838, removing 2302 with beta=0.6
[AE-IS] Noise instances: 2879, removing 575 with theta=0.2
[AE-IS] Removed 2302 redundant + 575 noisy = 2877 total instances
[AE-IS] Kept 6719 / 9596 (reduction = 29.98%)
[10.715501308441162, 10.12068223953247, 8.343137502670288, 7.939432621002197, 9.179620027542114, 7.783336639404297, 8.04366397857666, 8.738629579544067, 8.663931131362915, 7.962022066116333]
END
  Method: gmm-is
Namespace(dataset='movie_review', method='gmm-is', folds=10, save=True, inputrep='tfidf', out='/app/unsupervised-is/resources/outsel', datain='/app/unsupervised-is/resources/datasets', overwrite=1, inputdir='/app/unsupervised-is/resources/datasets/movie_review/tfidf/', splitdir='/app/unsupervised-is/resources/datasets/movie_review/splits/', outputdir='/app/unsupervised-is/resources/outsel/selection/movie_review/', filename='/app/unsupervised-is/resources/outsel/selection/movie_review//saida_gmm-is', start_time='05-06-2026 03:17:17')
/app/unsupervised-is/resources/datasets/movie_review/splits//split_10.pkl
Fold 0
[GMM] Redundant instances: 3838, removing 2302 with beta=0.6
[GMM] Noise instances: 2879, removing 575 with theta=0.2
[GMM] Removed 2302 redundant + 575 noisy = 2877 total instances
[GMM] Kept 6718 / 9595 (reduction = 29.98%)
[8.27654504776001]
Fold 1
[GMM] Redundant instances: 3838, removing 2302 with beta=0.6
[GMM] Noise instances: 2879, removing 575 with theta=0.2
[GMM] Removed 2302 redundant + 575 noisy = 2877 total instances
[GMM] Kept 6718 / 9595 (reduction = 29.98%)
[8.27654504776001, 9.21095585823059]
Fold 2
[GMM] Redundant instances: 3838, removing 2302 with beta=0.6
[GMM] Noise instances: 2879, removing 575 with theta=0.2
[GMM] Removed 2302 redundant + 575 noisy = 2877 total instances
[GMM] Kept 6719 / 9596 (reduction = 29.98%)
[8.27654504776001, 9.21095585823059, 9.427923202514648]
Fold 3
[GMM] Redundant instances: 3838, removing 2302 with beta=0.6
[GMM] Noise instances: 2879, removing 575 with theta=0.2
[GMM] Removed 2302 redundant + 575 noisy = 2877 total instances
[GMM] Kept 6719 / 9596 (reduction = 29.98%)
[8.27654504776001, 9.21095585823059, 9.427923202514648, 19.84750986099243]
Fold 4
[GMM] Redundant instances: 3838, removing 2302 with beta=0.6
[GMM] Noise instances: 2879, removing 575 with theta=0.2
[GMM] Removed 2302 redundant + 575 noisy = 2877 total instances
[GMM] Kept 6719 / 9596 (reduction = 29.98%)
[8.27654504776001, 9.21095585823059, 9.427923202514648, 19.84750986099243, 24.73152995109558]
Fold 5
[GMM] Redundant instances: 3838, removing 2302 with beta=0.6
[GMM] Noise instances: 2879, removing 575 with theta=0.2
[GMM] Removed 2302 redundant + 575 noisy = 2877 total instances
[GMM] Kept 6719 / 9596 (reduction = 29.98%)
[8.27654504776001, 9.21095585823059, 9.427923202514648, 19.84750986099243, 24.73152995109558, 22.677788496017456]
Fold 6
[GMM] Redundant instances: 3838, removing 2302 with beta=0.6
[GMM] Noise instances: 2879, removing 575 with theta=0.2
[GMM] Removed 2302 redundant + 575 noisy = 2877 total instances
[GMM] Kept 6719 / 9596 (reduction = 29.98%)
[8.27654504776001, 9.21095585823059, 9.427923202514648, 19.84750986099243, 24.73152995109558, 22.677788496017456, 23.812252044677734]
Fold 7
[GMM] Redundant instances: 3838, removing 2302 with beta=0.6
[GMM] Noise instances: 2879, removing 575 with theta=0.2
[GMM] Removed 2302 redundant + 575 noisy = 2877 total instances
[GMM] Kept 6719 / 9596 (reduction = 29.98%)
[8.27654504776001, 9.21095585823059, 9.427923202514648, 19.84750986099243, 24.73152995109558, 22.677788496017456, 23.812252044677734, 24.846930265426636]
Fold 8
[GMM] Redundant instances: 3838, removing 2302 with beta=0.6
[GMM] Noise instances: 2879, removing 575 with theta=0.2
[GMM] Removed 2302 redundant + 575 noisy = 2877 total instances
[GMM] Kept 6719 / 9596 (reduction = 29.98%)
[8.27654504776001, 9.21095585823059, 9.427923202514648, 19.84750986099243, 24.73152995109558, 22.677788496017456, 23.812252044677734, 24.846930265426636, 20.356186151504517]
Fold 9
[GMM] Redundant instances: 3838, removing 2302 with beta=0.6
[GMM] Noise instances: 2879, removing 575 with theta=0.2
[GMM] Removed 2302 redundant + 575 noisy = 2877 total instances
[GMM] Kept 6719 / 9596 (reduction = 29.98%)
[8.27654504776001, 9.21095585823059, 9.427923202514648, 19.84750986099243, 24.73152995109558, 22.677788496017456, 23.812252044677734, 24.846930265426636, 20.356186151504517, 23.703033685684204]
END
  Method: adaptive-perplexity
Namespace(dataset='movie_review', method='adaptive-perplexity', folds=10, save=True, inputrep='tfidf', out='/app/unsupervised-is/resources/outsel', datain='/app/unsupervised-is/resources/datasets', overwrite=1, inputdir='/app/unsupervised-is/resources/datasets/movie_review/tfidf/', splitdir='/app/unsupervised-is/resources/datasets/movie_review/splits/', outputdir='/app/unsupervised-is/resources/outsel/selection/movie_review/', filename='/app/unsupervised-is/resources/outsel/selection/movie_review//saida_adaptive-perplexity', start_time='05-06-2026 03:20:28')
/app/unsupervised-is/resources/datasets/movie_review/splits//split_10.pkl
Fold 0
[Adaptive-IS] Step 1 — computing scores via 'perplexity' …
[PerplexityIS] Fitting LDA with 10 topics on 9595 instances …
[PerplexityIS] Perplexity stats — min: 2.1620, median: 3.0404, max: 10.0000
[PerplexityIS] Redundancy threshold (p0.0): 2.1620 → 0 candidates
[PerplexityIS] Noise threshold (p100.0): 10.0000 → 0 candidates
[PerplexityIS] Removed 0 redundant + 0 noisy = 0 total instances
[PerplexityIS] Kept 9595 / 9595 (reduction = 0.00%)
[Adaptive-IS] Score stats — min: 2.1620, median: 3.0404, max: 10.0000
[Adaptive-IS] Step 2 — estimating thresholds via 'gmm_boundary' …
[Adaptive-IS] Estimated params — low_percentile=62.5, high_percentile=96.1, beta=0.600, theta=0.148, imbalance_proxy=0.180
[Adaptive-IS] GMM component means: [2.7981741985791517, 3.7195467089137293, 4.190780184900407]
[Adaptive-IS] Step 3 — applying selection …
[Adaptive-IS] Redundant candidates: 5993, removing 3595 (beta=0.600)
[Adaptive-IS] Noise candidates: 373, removing 55 (theta=0.148)
[Adaptive-IS] Removed 3650 instances — kept 5945 / 9595 (reduction = 38.04%)
[8.855418920516968]
Fold 1
[Adaptive-IS] Step 1 — computing scores via 'perplexity' …
[PerplexityIS] Fitting LDA with 10 topics on 9595 instances …
[PerplexityIS] Perplexity stats — min: 2.1638, median: 3.0498, max: 10.0000
[PerplexityIS] Redundancy threshold (p0.0): 2.1638 → 0 candidates
[PerplexityIS] Noise threshold (p100.0): 10.0000 → 0 candidates
[PerplexityIS] Removed 0 redundant + 0 noisy = 0 total instances
[PerplexityIS] Kept 9595 / 9595 (reduction = 0.00%)
[Adaptive-IS] Score stats — min: 2.1638, median: 3.0498, max: 10.0000
[Adaptive-IS] Step 2 — estimating thresholds via 'gmm_boundary' …
[Adaptive-IS] Estimated params — low_percentile=61.4, high_percentile=96.1, beta=0.600, theta=0.140, imbalance_proxy=0.181
[Adaptive-IS] GMM component means: [2.8029749041688192, 3.7527860498369954, 4.217320673079392]
[Adaptive-IS] Step 3 — applying selection …
[Adaptive-IS] Redundant candidates: 5892, removing 3535 (beta=0.600)
[Adaptive-IS] Noise candidates: 374, removing 52 (theta=0.140)
[Adaptive-IS] Removed 3587 instances — kept 6008 / 9595 (reduction = 37.38%)
[8.855418920516968, 5.4068684577941895]
Fold 2
[Adaptive-IS] Step 1 — computing scores via 'perplexity' …
[PerplexityIS] Fitting LDA with 10 topics on 9596 instances …
[PerplexityIS] Perplexity stats — min: 2.1629, median: 3.0446, max: 10.0000
[PerplexityIS] Redundancy threshold (p0.0): 2.1629 → 0 candidates
[PerplexityIS] Noise threshold (p100.0): 10.0000 → 0 candidates
[PerplexityIS] Removed 0 redundant + 0 noisy = 0 total instances
[PerplexityIS] Kept 9596 / 9596 (reduction = 0.00%)
[Adaptive-IS] Score stats — min: 2.1629, median: 3.0446, max: 10.0000
[Adaptive-IS] Step 2 — estimating thresholds via 'gmm_boundary' …
[Adaptive-IS] Estimated params — low_percentile=61.5, high_percentile=95.3, beta=0.600, theta=0.175, imbalance_proxy=0.182
[Adaptive-IS] GMM component means: [2.7767008453325173, 3.614055579837871, 4.177573523944727]
[Adaptive-IS] Step 3 — applying selection …
[Adaptive-IS] Redundant candidates: 5905, removing 3543 (beta=0.600)
[Adaptive-IS] Noise candidates: 449, removing 78 (theta=0.175)
[Adaptive-IS] Removed 3621 instances — kept 5975 / 9596 (reduction = 37.73%)
[8.855418920516968, 5.4068684577941895, 5.339683771133423]
Fold 3
[Adaptive-IS] Step 1 — computing scores via 'perplexity' …
[PerplexityIS] Fitting LDA with 10 topics on 9596 instances …
[PerplexityIS] Perplexity stats — min: 2.1328, median: 3.0548, max: 10.0000
[PerplexityIS] Redundancy threshold (p0.0): 2.1328 → 0 candidates
[PerplexityIS] Noise threshold (p100.0): 10.0000 → 0 candidates
[PerplexityIS] Removed 0 redundant + 0 noisy = 0 total instances
[PerplexityIS] Kept 9596 / 9596 (reduction = 0.00%)
[Adaptive-IS] Score stats — min: 2.1328, median: 3.0548, max: 10.0000
[Adaptive-IS] Step 2 — estimating thresholds via 'gmm_boundary' …
[Adaptive-IS] Estimated params — low_percentile=61.2, high_percentile=95.7, beta=0.600, theta=0.146, imbalance_proxy=0.183
[Adaptive-IS] GMM component means: [2.810151841737519, 3.7531504903895345, 4.251559902812873]
[Adaptive-IS] Step 3 — applying selection …
[Adaptive-IS] Redundant candidates: 5873, removing 3523 (beta=0.600)
[Adaptive-IS] Noise candidates: 413, removing 60 (theta=0.146)
[Adaptive-IS] Removed 3583 instances — kept 6013 / 9596 (reduction = 37.34%)
[8.855418920516968, 5.4068684577941895, 5.339683771133423, 5.341972351074219]
Fold 4
[Adaptive-IS] Step 1 — computing scores via 'perplexity' …
[PerplexityIS] Fitting LDA with 10 topics on 9596 instances …
[PerplexityIS] Perplexity stats — min: 2.1622, median: 3.0452, max: 10.0000
[PerplexityIS] Redundancy threshold (p0.0): 2.1622 → 0 candidates
[PerplexityIS] Noise threshold (p100.0): 10.0000 → 0 candidates
[PerplexityIS] Removed 0 redundant + 0 noisy = 0 total instances
[PerplexityIS] Kept 9596 / 9596 (reduction = 0.00%)
[Adaptive-IS] Score stats — min: 2.1622, median: 3.0452, max: 10.0000
[Adaptive-IS] Step 2 — estimating thresholds via 'gmm_boundary' …
[Adaptive-IS] Estimated params — low_percentile=61.6, high_percentile=96.3, beta=0.600, theta=0.135, imbalance_proxy=0.180
[Adaptive-IS] GMM component means: [2.8014429529980074, 3.7385200846619586, 4.173099164400264]
[Adaptive-IS] Step 3 — applying selection …
[Adaptive-IS] Redundant candidates: 5911, removing 3546 (beta=0.600)
[Adaptive-IS] Noise candidates: 353, removing 47 (theta=0.135)
[Adaptive-IS] Removed 3593 instances — kept 6003 / 9596 (reduction = 37.44%)
[8.855418920516968, 5.4068684577941895, 5.339683771133423, 5.341972351074219, 5.253234386444092]
Fold 5
[Adaptive-IS] Step 1 — computing scores via 'perplexity' …
[PerplexityIS] Fitting LDA with 10 topics on 9596 instances …
[PerplexityIS] Perplexity stats — min: 2.1935, median: 3.0543, max: 10.0000
[PerplexityIS] Redundancy threshold (p0.0): 2.1935 → 0 candidates
[PerplexityIS] Noise threshold (p100.0): 10.0000 → 0 candidates
[PerplexityIS] Removed 0 redundant + 0 noisy = 0 total instances
[PerplexityIS] Kept 9596 / 9596 (reduction = 0.00%)
[Adaptive-IS] Score stats — min: 2.1935, median: 3.0543, max: 10.0000
[Adaptive-IS] Step 2 — estimating thresholds via 'gmm_boundary' …
[Adaptive-IS] Estimated params — low_percentile=61.4, high_percentile=96.3, beta=0.600, theta=0.133, imbalance_proxy=0.180
[Adaptive-IS] GMM component means: [2.814116003581905, 3.7557603776042576, 4.220651639252789]
[Adaptive-IS] Step 3 — applying selection …
[Adaptive-IS] Redundant candidates: 5888, removing 3532 (beta=0.600)
[Adaptive-IS] Noise candidates: 351, removing 46 (theta=0.133)
[Adaptive-IS] Removed 3578 instances — kept 6018 / 9596 (reduction = 37.29%)
[8.855418920516968, 5.4068684577941895, 5.339683771133423, 5.341972351074219, 5.253234386444092, 5.329585075378418]
Fold 6
[Adaptive-IS] Step 1 — computing scores via 'perplexity' …
[PerplexityIS] Fitting LDA with 10 topics on 9596 instances …
[PerplexityIS] Perplexity stats — min: 2.1676, median: 3.0316, max: 10.0000
[PerplexityIS] Redundancy threshold (p0.0): 2.1676 → 0 candidates
[PerplexityIS] Noise threshold (p100.0): 10.0000 → 0 candidates
[PerplexityIS] Removed 0 redundant + 0 noisy = 0 total instances
[PerplexityIS] Kept 9596 / 9596 (reduction = 0.00%)
[Adaptive-IS] Score stats — min: 2.1676, median: 3.0316, max: 10.0000
[Adaptive-IS] Step 2 — estimating thresholds via 'gmm_boundary' …
[Adaptive-IS] Estimated params — low_percentile=63.0, high_percentile=95.8, beta=0.600, theta=0.171, imbalance_proxy=0.181
[Adaptive-IS] GMM component means: [2.7725671359196427, 3.608157082306201, 4.139277520594118]
[Adaptive-IS] Step 3 — applying selection …
[Adaptive-IS] Redundant candidates: 6044, removing 3626 (beta=0.600)
[Adaptive-IS] Noise candidates: 405, removing 69 (theta=0.171)
[Adaptive-IS] Removed 3695 instances — kept 5901 / 9596 (reduction = 38.51%)
[8.855418920516968, 5.4068684577941895, 5.339683771133423, 5.341972351074219, 5.253234386444092, 5.329585075378418, 5.317008018493652]
Fold 7
[Adaptive-IS] Step 1 — computing scores via 'perplexity' …
[PerplexityIS] Fitting LDA with 10 topics on 9596 instances …
[PerplexityIS] Perplexity stats — min: 2.1718, median: 3.0476, max: 10.0000
[PerplexityIS] Redundancy threshold (p0.0): 2.1718 → 0 candidates
[PerplexityIS] Noise threshold (p100.0): 10.0000 → 0 candidates
[PerplexityIS] Removed 0 redundant + 0 noisy = 0 total instances
[PerplexityIS] Kept 9596 / 9596 (reduction = 0.00%)
[Adaptive-IS] Score stats — min: 2.1718, median: 3.0476, max: 10.0000
[Adaptive-IS] Step 2 — estimating thresholds via 'gmm_boundary' …
[Adaptive-IS] Estimated params — low_percentile=61.7, high_percentile=96.1, beta=0.600, theta=0.150, imbalance_proxy=0.182
[Adaptive-IS] GMM component means: [2.8042347777623804, 3.7592351122887737, 4.185932549917932]
[Adaptive-IS] Step 3 — applying selection …
[Adaptive-IS] Redundant candidates: 5916, removing 3549 (beta=0.600)
[Adaptive-IS] Noise candidates: 370, removing 55 (theta=0.150)
[Adaptive-IS] Removed 3604 instances — kept 5992 / 9596 (reduction = 37.56%)
[8.855418920516968, 5.4068684577941895, 5.339683771133423, 5.341972351074219, 5.253234386444092, 5.329585075378418, 5.317008018493652, 5.231526136398315]
Fold 8
[Adaptive-IS] Step 1 — computing scores via 'perplexity' …
[PerplexityIS] Fitting LDA with 10 topics on 9596 instances …
[PerplexityIS] Perplexity stats — min: 2.1451, median: 3.0507, max: 10.0000
[PerplexityIS] Redundancy threshold (p0.0): 2.1451 → 0 candidates
[PerplexityIS] Noise threshold (p100.0): 10.0000 → 0 candidates
[PerplexityIS] Removed 0 redundant + 0 noisy = 0 total instances
[PerplexityIS] Kept 9596 / 9596 (reduction = 0.00%)
[Adaptive-IS] Score stats — min: 2.1451, median: 3.0507, max: 10.0000
[Adaptive-IS] Step 2 — estimating thresholds via 'gmm_boundary' …
[Adaptive-IS] Estimated params — low_percentile=61.3, high_percentile=96.1, beta=0.600, theta=0.151, imbalance_proxy=0.181
[Adaptive-IS] GMM component means: [2.807228837311818, 3.74707090398742, 4.183477069312012]
[Adaptive-IS] Step 3 — applying selection …
[Adaptive-IS] Redundant candidates: 5885, removing 3531 (beta=0.600)
[Adaptive-IS] Noise candidates: 375, removing 56 (theta=0.151)
[Adaptive-IS] Removed 3587 instances — kept 6009 / 9596 (reduction = 37.38%)
[8.855418920516968, 5.4068684577941895, 5.339683771133423, 5.341972351074219, 5.253234386444092, 5.329585075378418, 5.317008018493652, 5.231526136398315, 5.233047723770142]
Fold 9
[Adaptive-IS] Step 1 — computing scores via 'perplexity' …
[PerplexityIS] Fitting LDA with 10 topics on 9596 instances …
[PerplexityIS] Perplexity stats — min: 2.1322, median: 3.0409, max: 10.0000
[PerplexityIS] Redundancy threshold (p0.0): 2.1322 → 0 candidates
[PerplexityIS] Noise threshold (p100.0): 10.0000 → 0 candidates
[PerplexityIS] Removed 0 redundant + 0 noisy = 0 total instances
[PerplexityIS] Kept 9596 / 9596 (reduction = 0.00%)
[Adaptive-IS] Score stats — min: 2.1322, median: 3.0409, max: 10.0000
[Adaptive-IS] Step 2 — estimating thresholds via 'gmm_boundary' …
[Adaptive-IS] Estimated params — low_percentile=62.5, high_percentile=96.3, beta=0.600, theta=0.147, imbalance_proxy=0.180
[Adaptive-IS] GMM component means: [2.8035061817473466, 3.73386528727904, 4.172191735498386]
[Adaptive-IS] Step 3 — applying selection …
[Adaptive-IS] Redundant candidates: 6002, removing 3601 (beta=0.600)
[Adaptive-IS] Noise candidates: 359, removing 52 (theta=0.147)
[Adaptive-IS] Removed 3653 instances — kept 5943 / 9596 (reduction = 38.07%)
[8.855418920516968, 5.4068684577941895, 5.339683771133423, 5.341972351074219, 5.253234386444092, 5.329585075378418, 5.317008018493652, 5.231526136398315, 5.233047723770142, 4.997423410415649]
END
  Method: adaptive-v2-perplexity
Namespace(dataset='movie_review', method='adaptive-v2-perplexity', folds=10, save=True, inputrep='tfidf', out='/app/unsupervised-is/resources/outsel', datain='/app/unsupervised-is/resources/datasets', overwrite=1, inputdir='/app/unsupervised-is/resources/datasets/movie_review/tfidf/', splitdir='/app/unsupervised-is/resources/datasets/movie_review/splits/', outputdir='/app/unsupervised-is/resources/outsel/selection/movie_review/', filename='/app/unsupervised-is/resources/outsel/selection/movie_review//saida_adaptive-v2-perplexity', start_time='05-06-2026 03:21:29')
/app/unsupervised-is/resources/datasets/movie_review/splits//split_10.pkl
Fold 0
[AdaptiveV2-IS] Step 1 — scoring via 'perplexity' …
[PerplexityIS] Fitting LDA with 10 topics on 9595 instances …
[PerplexityIS] Perplexity stats — min: 2.1620, median: 3.0404, max: 10.0000
[PerplexityIS] Redundancy threshold (p0.0): 2.1620 → 0 candidates
[PerplexityIS] Noise threshold (p100.0): 10.0000 → 0 candidates
[PerplexityIS] Removed 0 redundant + 0 noisy = 0 total instances
[PerplexityIS] Kept 9595 / 9595 (reduction = 0.00%)
[AdaptiveV2-IS] Score stats — min: 2.1620, p25: 2.7306, median: 3.0404, p75: 3.6132, max: 10.0000
[AdaptiveV2-IS] Step 2 — estimating params via quartile density …
[AdaptiveV2-IS] Quartile widths: Q1_frac=0.073, Q2_frac=0.040, total_range=7.8380
[AdaptiveV2-IS] Params: beta_q1=0.700, beta_q2=0.600, theta=0.246, imbalance_proxy=0.180
[AdaptiveV2-IS] Step 3 — applying quartile selection …
[AdaptiveV2-IS] Q1 (2399 instances): removing 1679 (beta_q1=0.700, uniform)
[AdaptiveV2-IS] Q2 (2399 instances): removing 1439 (beta_q2=0.600, uniform)
[AdaptiveV2-IS] Q4 (2399 instances): removing 589 (theta=0.246, weighted)
[AdaptiveV2-IS] Done — removed 3707 / 9595 (reduction = 38.63%)
[8.18841290473938]
Fold 1
[AdaptiveV2-IS] Step 1 — scoring via 'perplexity' …
[PerplexityIS] Fitting LDA with 10 topics on 9595 instances …
[PerplexityIS] Perplexity stats — min: 2.1638, median: 3.0498, max: 10.0000
[PerplexityIS] Redundancy threshold (p0.0): 2.1638 → 0 candidates
[PerplexityIS] Noise threshold (p100.0): 10.0000 → 0 candidates
[PerplexityIS] Removed 0 redundant + 0 noisy = 0 total instances
[PerplexityIS] Kept 9595 / 9595 (reduction = 0.00%)
[AdaptiveV2-IS] Score stats — min: 2.1638, p25: 2.7341, median: 3.0498, p75: 3.6485, max: 10.0000
[AdaptiveV2-IS] Step 2 — estimating params via quartile density …
[AdaptiveV2-IS] Quartile widths: Q1_frac=0.073, Q2_frac=0.040, total_range=7.8362
[AdaptiveV2-IS] Params: beta_q1=0.700, beta_q2=0.600, theta=0.246, imbalance_proxy=0.181
[AdaptiveV2-IS] Step 3 — applying quartile selection …
[AdaptiveV2-IS] Q1 (2399 instances): removing 1679 (beta_q1=0.700, uniform)
[AdaptiveV2-IS] Q2 (2399 instances): removing 1439 (beta_q2=0.600, uniform)
[AdaptiveV2-IS] Q4 (2399 instances): removing 589 (theta=0.246, weighted)
[AdaptiveV2-IS] Done — removed 3707 / 9595 (reduction = 38.63%)
[8.18841290473938, 5.258192777633667]
Fold 2
[AdaptiveV2-IS] Step 1 — scoring via 'perplexity' …
[PerplexityIS] Fitting LDA with 10 topics on 9596 instances …
[PerplexityIS] Perplexity stats — min: 2.1629, median: 3.0446, max: 10.0000
[PerplexityIS] Redundancy threshold (p0.0): 2.1629 → 0 candidates
[PerplexityIS] Noise threshold (p100.0): 10.0000 → 0 candidates
[PerplexityIS] Removed 0 redundant + 0 noisy = 0 total instances
[PerplexityIS] Kept 9596 / 9596 (reduction = 0.00%)
[AdaptiveV2-IS] Score stats — min: 2.1629, p25: 2.7340, median: 3.0446, p75: 3.6318, max: 10.0000
[AdaptiveV2-IS] Step 2 — estimating params via quartile density …
[AdaptiveV2-IS] Quartile widths: Q1_frac=0.073, Q2_frac=0.040, total_range=7.8371
[AdaptiveV2-IS] Params: beta_q1=0.700, beta_q2=0.600, theta=0.245, imbalance_proxy=0.182
[AdaptiveV2-IS] Step 3 — applying quartile selection …
[AdaptiveV2-IS] Q1 (2399 instances): removing 1679 (beta_q1=0.700, uniform)
[AdaptiveV2-IS] Q2 (2399 instances): removing 1439 (beta_q2=0.600, uniform)
[AdaptiveV2-IS] Q4 (2399 instances): removing 588 (theta=0.245, weighted)
[AdaptiveV2-IS] Done — removed 3706 / 9596 (reduction = 38.62%)
[8.18841290473938, 5.258192777633667, 5.351421594619751]
Fold 3
[AdaptiveV2-IS] Step 1 — scoring via 'perplexity' …
[PerplexityIS] Fitting LDA with 10 topics on 9596 instances …
[PerplexityIS] Perplexity stats — min: 2.1328, median: 3.0548, max: 10.0000
[PerplexityIS] Redundancy threshold (p0.0): 2.1328 → 0 candidates
[PerplexityIS] Noise threshold (p100.0): 10.0000 → 0 candidates
[PerplexityIS] Removed 0 redundant + 0 noisy = 0 total instances
[PerplexityIS] Kept 9596 / 9596 (reduction = 0.00%)
[AdaptiveV2-IS] Score stats — min: 2.1328, p25: 2.7392, median: 3.0548, p75: 3.6625, max: 10.0000
[AdaptiveV2-IS] Step 2 — estimating params via quartile density …
[AdaptiveV2-IS] Quartile widths: Q1_frac=0.077, Q2_frac=0.040, total_range=7.8672
[AdaptiveV2-IS] Params: beta_q1=0.700, beta_q2=0.600, theta=0.245, imbalance_proxy=0.183
[AdaptiveV2-IS] Step 3 — applying quartile selection …
[AdaptiveV2-IS] Q1 (2399 instances): removing 1679 (beta_q1=0.700, uniform)
[AdaptiveV2-IS] Q2 (2399 instances): removing 1439 (beta_q2=0.600, uniform)
[AdaptiveV2-IS] Q4 (2399 instances): removing 588 (theta=0.245, weighted)
[AdaptiveV2-IS] Done — removed 3706 / 9596 (reduction = 38.62%)
[8.18841290473938, 5.258192777633667, 5.351421594619751, 5.135987758636475]
Fold 4
[AdaptiveV2-IS] Step 1 — scoring via 'perplexity' …
[PerplexityIS] Fitting LDA with 10 topics on 9596 instances …
[PerplexityIS] Perplexity stats — min: 2.1622, median: 3.0452, max: 10.0000
[PerplexityIS] Redundancy threshold (p0.0): 2.1622 → 0 candidates
[PerplexityIS] Noise threshold (p100.0): 10.0000 → 0 candidates
[PerplexityIS] Removed 0 redundant + 0 noisy = 0 total instances
[PerplexityIS] Kept 9596 / 9596 (reduction = 0.00%)
[AdaptiveV2-IS] Score stats — min: 2.1622, p25: 2.7334, median: 3.0452, p75: 3.6324, max: 10.0000
[AdaptiveV2-IS] Step 2 — estimating params via quartile density …
[AdaptiveV2-IS] Quartile widths: Q1_frac=0.073, Q2_frac=0.040, total_range=7.8378
[AdaptiveV2-IS] Params: beta_q1=0.700, beta_q2=0.600, theta=0.246, imbalance_proxy=0.180
[AdaptiveV2-IS] Step 3 — applying quartile selection …
[AdaptiveV2-IS] Q1 (2399 instances): removing 1679 (beta_q1=0.700, uniform)
[AdaptiveV2-IS] Q2 (2399 instances): removing 1439 (beta_q2=0.600, uniform)
[AdaptiveV2-IS] Q4 (2399 instances): removing 589 (theta=0.246, weighted)
[AdaptiveV2-IS] Done — removed 3707 / 9596 (reduction = 38.63%)
[8.18841290473938, 5.258192777633667, 5.351421594619751, 5.135987758636475, 5.136600971221924]
Fold 5
[AdaptiveV2-IS] Step 1 — scoring via 'perplexity' …
[PerplexityIS] Fitting LDA with 10 topics on 9596 instances …
[PerplexityIS] Perplexity stats — min: 2.1935, median: 3.0543, max: 10.0000
[PerplexityIS] Redundancy threshold (p0.0): 2.1935 → 0 candidates
[PerplexityIS] Noise threshold (p100.0): 10.0000 → 0 candidates
[PerplexityIS] Removed 0 redundant + 0 noisy = 0 total instances
[PerplexityIS] Kept 9596 / 9596 (reduction = 0.00%)
[AdaptiveV2-IS] Score stats — min: 2.1935, p25: 2.7404, median: 3.0543, p75: 3.6450, max: 10.0000
[AdaptiveV2-IS] Step 2 — estimating params via quartile density …
[AdaptiveV2-IS] Quartile widths: Q1_frac=0.070, Q2_frac=0.040, total_range=7.8065
[AdaptiveV2-IS] Params: beta_q1=0.700, beta_q2=0.600, theta=0.246, imbalance_proxy=0.180
[AdaptiveV2-IS] Step 3 — applying quartile selection …
[AdaptiveV2-IS] Q1 (2399 instances): removing 1679 (beta_q1=0.700, uniform)
[AdaptiveV2-IS] Q2 (2399 instances): removing 1439 (beta_q2=0.600, uniform)
[AdaptiveV2-IS] Q4 (2399 instances): removing 590 (theta=0.246, weighted)
[AdaptiveV2-IS] Done — removed 3708 / 9596 (reduction = 38.64%)
[8.18841290473938, 5.258192777633667, 5.351421594619751, 5.135987758636475, 5.136600971221924, 5.244464874267578]
Fold 6
[AdaptiveV2-IS] Step 1 — scoring via 'perplexity' …
[PerplexityIS] Fitting LDA with 10 topics on 9596 instances …
[PerplexityIS] Perplexity stats — min: 2.1676, median: 3.0316, max: 10.0000
[PerplexityIS] Redundancy threshold (p0.0): 2.1676 → 0 candidates
[PerplexityIS] Noise threshold (p100.0): 10.0000 → 0 candidates
[PerplexityIS] Removed 0 redundant + 0 noisy = 0 total instances
[PerplexityIS] Kept 9596 / 9596 (reduction = 0.00%)
[AdaptiveV2-IS] Score stats — min: 2.1676, p25: 2.7292, median: 3.0316, p75: 3.6062, max: 10.0000
[AdaptiveV2-IS] Step 2 — estimating params via quartile density …
[AdaptiveV2-IS] Quartile widths: Q1_frac=0.072, Q2_frac=0.039, total_range=7.8324
[AdaptiveV2-IS] Params: beta_q1=0.700, beta_q2=0.600, theta=0.246, imbalance_proxy=0.181
[AdaptiveV2-IS] Step 3 — applying quartile selection …
[AdaptiveV2-IS] Q1 (2399 instances): removing 1679 (beta_q1=0.700, uniform)
[AdaptiveV2-IS] Q2 (2399 instances): removing 1439 (beta_q2=0.600, uniform)
[AdaptiveV2-IS] Q4 (2399 instances): removing 589 (theta=0.246, weighted)
[AdaptiveV2-IS] Done — removed 3707 / 9596 (reduction = 38.63%)
[8.18841290473938, 5.258192777633667, 5.351421594619751, 5.135987758636475, 5.136600971221924, 5.244464874267578, 5.3291919231414795]
Fold 7
[AdaptiveV2-IS] Step 1 — scoring via 'perplexity' …
[PerplexityIS] Fitting LDA with 10 topics on 9596 instances …
[PerplexityIS] Perplexity stats — min: 2.1718, median: 3.0476, max: 10.0000
[PerplexityIS] Redundancy threshold (p0.0): 2.1718 → 0 candidates
[PerplexityIS] Noise threshold (p100.0): 10.0000 → 0 candidates
[PerplexityIS] Removed 0 redundant + 0 noisy = 0 total instances
[PerplexityIS] Kept 9596 / 9596 (reduction = 0.00%)
[AdaptiveV2-IS] Score stats — min: 2.1718, p25: 2.7339, median: 3.0476, p75: 3.6552, max: 10.0000
[AdaptiveV2-IS] Step 2 — estimating params via quartile density …
[AdaptiveV2-IS] Quartile widths: Q1_frac=0.072, Q2_frac=0.040, total_range=7.8282
[AdaptiveV2-IS] Params: beta_q1=0.700, beta_q2=0.600, theta=0.245, imbalance_proxy=0.182
[AdaptiveV2-IS] Step 3 — applying quartile selection …
[AdaptiveV2-IS] Q1 (2399 instances): removing 1679 (beta_q1=0.700, uniform)
[AdaptiveV2-IS] Q2 (2399 instances): removing 1439 (beta_q2=0.600, uniform)
[AdaptiveV2-IS] Q4 (2399 instances): removing 588 (theta=0.245, weighted)
[AdaptiveV2-IS] Done — removed 3706 / 9596 (reduction = 38.62%)
[8.18841290473938, 5.258192777633667, 5.351421594619751, 5.135987758636475, 5.136600971221924, 5.244464874267578, 5.3291919231414795, 5.181248903274536]
Fold 8
[AdaptiveV2-IS] Step 1 — scoring via 'perplexity' …
[PerplexityIS] Fitting LDA with 10 topics on 9596 instances …
[PerplexityIS] Perplexity stats — min: 2.1451, median: 3.0507, max: 10.0000
[PerplexityIS] Redundancy threshold (p0.0): 2.1451 → 0 candidates
[PerplexityIS] Noise threshold (p100.0): 10.0000 → 0 candidates
[PerplexityIS] Removed 0 redundant + 0 noisy = 0 total instances
[PerplexityIS] Kept 9596 / 9596 (reduction = 0.00%)
[AdaptiveV2-IS] Score stats — min: 2.1451, p25: 2.7370, median: 3.0507, p75: 3.6555, max: 10.0000
[AdaptiveV2-IS] Step 2 — estimating params via quartile density …
[AdaptiveV2-IS] Quartile widths: Q1_frac=0.075, Q2_frac=0.040, total_range=7.8549
[AdaptiveV2-IS] Params: beta_q1=0.700, beta_q2=0.600, theta=0.246, imbalance_proxy=0.181
[AdaptiveV2-IS] Step 3 — applying quartile selection …
[AdaptiveV2-IS] Q1 (2399 instances): removing 1679 (beta_q1=0.700, uniform)
[AdaptiveV2-IS] Q2 (2399 instances): removing 1439 (beta_q2=0.600, uniform)
[AdaptiveV2-IS] Q4 (2399 instances): removing 589 (theta=0.246, weighted)
[AdaptiveV2-IS] Done — removed 3707 / 9596 (reduction = 38.63%)
[8.18841290473938, 5.258192777633667, 5.351421594619751, 5.135987758636475, 5.136600971221924, 5.244464874267578, 5.3291919231414795, 5.181248903274536, 5.131480693817139]
Fold 9
[AdaptiveV2-IS] Step 1 — scoring via 'perplexity' …
[PerplexityIS] Fitting LDA with 10 topics on 9596 instances …
[PerplexityIS] Perplexity stats — min: 2.1322, median: 3.0409, max: 10.0000
[PerplexityIS] Redundancy threshold (p0.0): 2.1322 → 0 candidates
[PerplexityIS] Noise threshold (p100.0): 10.0000 → 0 candidates
[PerplexityIS] Removed 0 redundant + 0 noisy = 0 total instances
[PerplexityIS] Kept 9596 / 9596 (reduction = 0.00%)
[AdaptiveV2-IS] Score stats — min: 2.1322, p25: 2.7315, median: 3.0409, p75: 3.6171, max: 10.0000
[AdaptiveV2-IS] Step 2 — estimating params via quartile density …
[AdaptiveV2-IS] Quartile widths: Q1_frac=0.076, Q2_frac=0.039, total_range=7.8678
[AdaptiveV2-IS] Params: beta_q1=0.700, beta_q2=0.600, theta=0.246, imbalance_proxy=0.180
[AdaptiveV2-IS] Step 3 — applying quartile selection …
[AdaptiveV2-IS] Q1 (2399 instances): removing 1679 (beta_q1=0.700, uniform)
[AdaptiveV2-IS] Q2 (2399 instances): removing 1439 (beta_q2=0.600, uniform)
[AdaptiveV2-IS] Q4 (2399 instances): removing 590 (theta=0.246, weighted)
[AdaptiveV2-IS] Done — removed 3708 / 9596 (reduction = 38.64%)
[8.18841290473938, 5.258192777633667, 5.351421594619751, 5.135987758636475, 5.136600971221924, 5.244464874267578, 5.3291919231414795, 5.181248903274536, 5.131480693817139, 5.155992269515991]
END
Dataset: sst1
  Method: no-is
Namespace(dataset='sst1', method='no-is', folds=10, save=True, inputrep='tfidf', out='/app/unsupervised-is/resources/outsel', datain='/app/unsupervised-is/resources/datasets', overwrite=1, inputdir='/app/unsupervised-is/resources/datasets/sst1/tfidf/', splitdir='/app/unsupervised-is/resources/datasets/sst1/splits/', outputdir='/app/unsupervised-is/resources/outsel/selection/sst1/', filename='/app/unsupervised-is/resources/outsel/selection/sst1//saida_no-is', start_time='05-06-2026 03:22:29')
/app/unsupervised-is/resources/datasets/sst1/splits//split_10.pkl
Fold 0
[0.005497455596923828]
Fold 1
[0.005497455596923828, 0.005324363708496094]
Fold 2
[0.005497455596923828, 0.005324363708496094, 0.005218505859375]
Fold 3
[0.005497455596923828, 0.005324363708496094, 0.005218505859375, 0.00521540641784668]
Fold 4
[0.005497455596923828, 0.005324363708496094, 0.005218505859375, 0.00521540641784668, 0.0054471492767333984]
Fold 5
[0.005497455596923828, 0.005324363708496094, 0.005218505859375, 0.00521540641784668, 0.0054471492767333984, 0.005797386169433594]
Fold 6
[0.005497455596923828, 0.005324363708496094, 0.005218505859375, 0.00521540641784668, 0.0054471492767333984, 0.005797386169433594, 0.0052318572998046875]
Fold 7
[0.005497455596923828, 0.005324363708496094, 0.005218505859375, 0.00521540641784668, 0.0054471492767333984, 0.005797386169433594, 0.0052318572998046875, 0.005239725112915039]
Fold 8
[0.005497455596923828, 0.005324363708496094, 0.005218505859375, 0.00521540641784668, 0.0054471492767333984, 0.005797386169433594, 0.0052318572998046875, 0.005239725112915039, 0.005233287811279297]
Fold 9
[0.005497455596923828, 0.005324363708496094, 0.005218505859375, 0.00521540641784668, 0.0054471492767333984, 0.005797386169433594, 0.0052318572998046875, 0.005239725112915039, 0.005233287811279297, 0.005413055419921875]
END
  Method: biois
Namespace(dataset='sst1', method='biois', folds=10, save=True, inputrep='tfidf', out='/app/unsupervised-is/resources/outsel', datain='/app/unsupervised-is/resources/datasets', overwrite=1, inputdir='/app/unsupervised-is/resources/datasets/sst1/tfidf/', splitdir='/app/unsupervised-is/resources/datasets/sst1/splits/', outputdir='/app/unsupervised-is/resources/outsel/selection/sst1/', filename='/app/unsupervised-is/resources/outsel/selection/sst1//saida_biois', start_time='05-06-2026 03:22:34')
/app/unsupervised-is/resources/datasets/sst1/splits//split_10.pkl
Fold 0
fitting_alpha_by_lr_default
LogisticRegression()
LogisticRegression()
LogisticRegression()
LogisticRegression()
LogisticRegression()
Micro: 0.39403880401162245
Macro: 0.3404466364926998
identifyNoiseByLowerNNEntropy
[18.840590000152588]
Fold 1
fitting_alpha_by_lr_default
LogisticRegression()
LogisticRegression()
LogisticRegression()
LogisticRegression()
LogisticRegression()
Micro: 0.3859780672977786
Macro: 0.32985791072808684
identifyNoiseByLowerNNEntropy
[18.840590000152588, 166.05534958839417]
Fold 2
fitting_alpha_by_lr_default
LogisticRegression()
LogisticRegression()
LogisticRegression()
LogisticRegression()
LogisticRegression()
Micro: 0.39769425438185396
Macro: 0.3440312575286105
identifyNoiseByLowerNNEntropy
[18.840590000152588, 166.05534958839417, 201.0499782562256]
Fold 3
fitting_alpha_by_lr_default
LogisticRegression()
LogisticRegression()
LogisticRegression()
LogisticRegression()
LogisticRegression()
Micro: 0.39347642703158686
Macro: 0.33730519570079603
identifyNoiseByLowerNNEntropy
[18.840590000152588, 166.05534958839417, 201.0499782562256, 213.74724054336548]
Fold 4
fitting_alpha_by_lr_default
LogisticRegression()
LogisticRegression()
LogisticRegression()
LogisticRegression()
LogisticRegression()
Micro: 0.39422626300496766
Macro: 0.33731666221868395
identifyNoiseByLowerNNEntropy
[18.840590000152588, 166.05534958839417, 201.0499782562256, 213.74724054336548, 223.52139949798584]
Fold 5
fitting_alpha_by_lr_default
LogisticRegression()
LogisticRegression()
LogisticRegression()
LogisticRegression()
LogisticRegression()
Micro: 0.3915651358950328
Macro: 0.3373540211562744
identifyNoiseByLowerNNEntropy
[18.840590000152588, 166.05534958839417, 201.0499782562256, 213.74724054336548, 223.52139949798584, 224.21032857894897]
Fold 6
fitting_alpha_by_lr_default
LogisticRegression()
LogisticRegression()
LogisticRegression()
LogisticRegression()
LogisticRegression()
Micro: 0.3872539831302718
Macro: 0.3302680531249903
identifyNoiseByLowerNNEntropy
[18.840590000152588, 166.05534958839417, 201.0499782562256, 213.74724054336548, 223.52139949798584, 224.21032857894897, 223.70534682273865]
Fold 7
fitting_alpha_by_lr_default
LogisticRegression()
LogisticRegression()
LogisticRegression()
LogisticRegression()
LogisticRegression()
Micro: 0.39268978444236174
Macro: 0.3350026606401643
identifyNoiseByLowerNNEntropy
[18.840590000152588, 166.05534958839417, 201.0499782562256, 213.74724054336548, 223.52139949798584, 224.21032857894897, 223.70534682273865, 216.24598217010498]
Fold 8
fitting_alpha_by_lr_default
LogisticRegression()
LogisticRegression()
LogisticRegression()
LogisticRegression()
LogisticRegression()
Micro: 0.3915651358950328
Macro: 0.3355224798899862
identifyNoiseByLowerNNEntropy
[18.840590000152588, 166.05534958839417, 201.0499782562256, 213.74724054336548, 223.52139949798584, 224.21032857894897, 223.70534682273865, 216.24598217010498, 226.83869290351868]
Fold 9
fitting_alpha_by_lr_default
LogisticRegression()
LogisticRegression()
LogisticRegression()
LogisticRegression()
LogisticRegression()
Micro: 0.38940955951265227
Macro: 0.33347882974778253
identifyNoiseByLowerNNEntropy
[18.840590000152588, 166.05534958839417, 201.0499782562256, 213.74724054336548, 223.52139949798584, 224.21032857894897, 223.70534682273865, 216.24598217010498, 226.83869290351868, 235.81083822250366]
END
  Method: perplexity-is
Namespace(dataset='sst1', method='perplexity-is', folds=10, save=True, inputrep='tfidf', out='/app/unsupervised-is/resources/outsel', datain='/app/unsupervised-is/resources/datasets', overwrite=1, inputdir='/app/unsupervised-is/resources/datasets/sst1/tfidf/', splitdir='/app/unsupervised-is/resources/datasets/sst1/splits/', outputdir='/app/unsupervised-is/resources/outsel/selection/sst1/', filename='/app/unsupervised-is/resources/outsel/selection/sst1//saida_perplexity-is', start_time='05-06-2026 03:55:08')
/app/unsupervised-is/resources/datasets/sst1/splits//split_10.pkl
Fold 0
[PerplexityIS] Fitting LDA with 10 topics on 10669 instances …
[PerplexityIS] Perplexity stats — min: 2.1842, median: 3.1956, max: 10.0000
[PerplexityIS] Redundancy threshold (p40): 3.0345 → 4268 candidates
[PerplexityIS] Redundant instances: 4268, removing 2560 with beta=0.6
[PerplexityIS] Noise threshold (p70): 3.7207 → 3201 candidates
[PerplexityIS] Noise instances: 3201, removing 640 with theta=0.2
[PerplexityIS] Removed 2560 redundant + 640 noisy = 3200 total instances
[PerplexityIS] Kept 7469 / 10669 (reduction = 29.99%)
[8.523814916610718]
Fold 1
[PerplexityIS] Fitting LDA with 10 topics on 10669 instances …
[PerplexityIS] Perplexity stats — min: 2.1895, median: 3.1914, max: 10.0000
[PerplexityIS] Redundancy threshold (p40): 3.0323 → 4268 candidates
[PerplexityIS] Redundant instances: 4268, removing 2560 with beta=0.6
[PerplexityIS] Noise threshold (p70): 3.7174 → 3201 candidates
[PerplexityIS] Noise instances: 3201, removing 640 with theta=0.2
[PerplexityIS] Removed 2560 redundant + 640 noisy = 3200 total instances
[PerplexityIS] Kept 7469 / 10669 (reduction = 29.99%)
[8.523814916610718, 5.37727165222168]
Fold 2
[PerplexityIS] Fitting LDA with 10 topics on 10669 instances …
[PerplexityIS] Perplexity stats — min: 2.1688, median: 3.2059, max: 10.0000
[PerplexityIS] Redundancy threshold (p40): 3.0425 → 4268 candidates
[PerplexityIS] Redundant instances: 4268, removing 2560 with beta=0.6
[PerplexityIS] Noise threshold (p70): 3.7812 → 3201 candidates
[PerplexityIS] Noise instances: 3201, removing 640 with theta=0.2
[PerplexityIS] Removed 2560 redundant + 640 noisy = 3200 total instances
[PerplexityIS] Kept 7469 / 10669 (reduction = 29.99%)
[8.523814916610718, 5.37727165222168, 5.354685306549072]
Fold 3
[PerplexityIS] Fitting LDA with 10 topics on 10669 instances …
[PerplexityIS] Perplexity stats — min: 2.1714, median: 3.2072, max: 10.0000
[PerplexityIS] Redundancy threshold (p40): 3.0389 → 4268 candidates
[PerplexityIS] Redundant instances: 4268, removing 2560 with beta=0.6
[PerplexityIS] Noise threshold (p70): 3.8035 → 3201 candidates
[PerplexityIS] Noise instances: 3201, removing 640 with theta=0.2
[PerplexityIS] Removed 2560 redundant + 640 noisy = 3200 total instances
[PerplexityIS] Kept 7469 / 10669 (reduction = 29.99%)
[8.523814916610718, 5.37727165222168, 5.354685306549072, 5.456363677978516]
Fold 4
[PerplexityIS] Fitting LDA with 10 topics on 10669 instances …
[PerplexityIS] Perplexity stats — min: 2.1447, median: 3.1980, max: 10.0000
[PerplexityIS] Redundancy threshold (p40): 3.0359 → 4268 candidates
[PerplexityIS] Redundant instances: 4268, removing 2560 with beta=0.6
[PerplexityIS] Noise threshold (p70): 3.7125 → 3201 candidates
[PerplexityIS] Noise instances: 3201, removing 640 with theta=0.2
[PerplexityIS] Removed 2560 redundant + 640 noisy = 3200 total instances
[PerplexityIS] Kept 7469 / 10669 (reduction = 29.99%)
[8.523814916610718, 5.37727165222168, 5.354685306549072, 5.456363677978516, 5.485458612442017]
Fold 5
[PerplexityIS] Fitting LDA with 10 topics on 10670 instances …
[PerplexityIS] Perplexity stats — min: 2.1445, median: 3.2081, max: 10.0000
[PerplexityIS] Redundancy threshold (p40): 3.0399 → 4268 candidates
[PerplexityIS] Redundant instances: 4268, removing 2560 with beta=0.6
[PerplexityIS] Noise threshold (p70): 3.7773 → 3201 candidates
[PerplexityIS] Noise instances: 3201, removing 640 with theta=0.2
[PerplexityIS] Removed 2560 redundant + 640 noisy = 3200 total instances
[PerplexityIS] Kept 7470 / 10670 (reduction = 29.99%)
[8.523814916610718, 5.37727165222168, 5.354685306549072, 5.456363677978516, 5.485458612442017, 5.504928350448608]
Fold 6
[PerplexityIS] Fitting LDA with 10 topics on 10670 instances …
[PerplexityIS] Perplexity stats — min: 2.1327, median: 3.1993, max: 10.0000
[PerplexityIS] Redundancy threshold (p40): 3.0350 → 4268 candidates
[PerplexityIS] Redundant instances: 4268, removing 2560 with beta=0.6
[PerplexityIS] Noise threshold (p70): 3.7100 → 3201 candidates
[PerplexityIS] Noise instances: 3201, removing 640 with theta=0.2
[PerplexityIS] Removed 2560 redundant + 640 noisy = 3200 total instances
[PerplexityIS] Kept 7470 / 10670 (reduction = 29.99%)
[8.523814916610718, 5.37727165222168, 5.354685306549072, 5.456363677978516, 5.485458612442017, 5.504928350448608, 5.5399861335754395]
Fold 7
[PerplexityIS] Fitting LDA with 10 topics on 10670 instances …
[PerplexityIS] Perplexity stats — min: 2.1679, median: 3.1947, max: 10.0000
[PerplexityIS] Redundancy threshold (p40): 3.0324 → 4268 candidates
[PerplexityIS] Redundant instances: 4268, removing 2560 with beta=0.6
[PerplexityIS] Noise threshold (p70): 3.7070 → 3201 candidates
[PerplexityIS] Noise instances: 3201, removing 640 with theta=0.2
[PerplexityIS] Removed 2560 redundant + 640 noisy = 3200 total instances
[PerplexityIS] Kept 7470 / 10670 (reduction = 29.99%)
[8.523814916610718, 5.37727165222168, 5.354685306549072, 5.456363677978516, 5.485458612442017, 5.504928350448608, 5.5399861335754395, 5.446628570556641]
Fold 8
[PerplexityIS] Fitting LDA with 10 topics on 10670 instances …
[PerplexityIS] Perplexity stats — min: 2.1517, median: 3.2059, max: 10.0000
[PerplexityIS] Redundancy threshold (p40): 3.0411 → 4268 candidates
[PerplexityIS] Redundant instances: 4268, removing 2560 with beta=0.6
[PerplexityIS] Noise threshold (p70): 3.8241 → 3201 candidates
[PerplexityIS] Noise instances: 3201, removing 640 with theta=0.2
[PerplexityIS] Removed 2560 redundant + 640 noisy = 3200 total instances
[PerplexityIS] Kept 7470 / 10670 (reduction = 29.99%)
[8.523814916610718, 5.37727165222168, 5.354685306549072, 5.456363677978516, 5.485458612442017, 5.504928350448608, 5.5399861335754395, 5.446628570556641, 5.432475805282593]
Fold 9
[PerplexityIS] Fitting LDA with 10 topics on 10670 instances …
[PerplexityIS] Perplexity stats — min: 2.1886, median: 3.2143, max: 10.0000
[PerplexityIS] Redundancy threshold (p40): 3.0441 → 4268 candidates
[PerplexityIS] Redundant instances: 4268, removing 2560 with beta=0.6
[PerplexityIS] Noise threshold (p70): 3.8250 → 3201 candidates
[PerplexityIS] Noise instances: 3201, removing 640 with theta=0.2
[PerplexityIS] Removed 2560 redundant + 640 noisy = 3200 total instances
[PerplexityIS] Kept 7470 / 10670 (reduction = 29.99%)
[8.523814916610718, 5.37727165222168, 5.354685306549072, 5.456363677978516, 5.485458612442017, 5.504928350448608, 5.5399861335754395, 5.446628570556641, 5.432475805282593, 5.519996404647827]
END
  Method: autoencoder-is
Namespace(dataset='sst1', method='autoencoder-is', folds=10, save=True, inputrep='tfidf', out='/app/unsupervised-is/resources/outsel', datain='/app/unsupervised-is/resources/datasets', overwrite=1, inputdir='/app/unsupervised-is/resources/datasets/sst1/tfidf/', splitdir='/app/unsupervised-is/resources/datasets/sst1/splits/', outputdir='/app/unsupervised-is/resources/outsel/selection/sst1/', filename='/app/unsupervised-is/resources/outsel/selection/sst1//saida_autoencoder-is', start_time='05-06-2026 03:56:10')
/app/unsupervised-is/resources/datasets/sst1/splits//split_10.pkl
Fold 0
[AE-IS] Using GPU: NVIDIA A100-SXM4-80GB
[AE-IS] Architecture: 9015 → 20 → 10 → 20 → 9015
[AE-IS] Training autoencoder on 10669 instances (9015 features) for up to 20 epochs …
  Epoch   1/20 — loss: 1.093934 (best: 1.093934)
  Epoch  10/20 — loss: 1.002335 (best: 1.002335)
  Epoch  20/20 — loss: 0.998898 (best: 0.998621)
[AE-IS] Training finished — best loss: 0.998621
[AE-IS] Reconstruction error stats — min: 0.000832, median: 0.941736, max: 3.707599
[AE-IS] Redundant instances: 4268, removing 2560 with beta=0.6
[AE-IS] Noise instances: 3201, removing 640 with theta=0.2
[AE-IS] Removed 2560 redundant + 640 noisy = 3200 total instances
[AE-IS] Kept 7469 / 10669 (reduction = 29.99%)
[11.869914531707764]
Fold 1
[AE-IS] Using GPU: NVIDIA A100-SXM4-80GB
[AE-IS] Architecture: 8988 → 20 → 10 → 20 → 8988
[AE-IS] Training autoencoder on 10669 instances (8988 features) for up to 20 epochs …
  Epoch   1/20 — loss: 1.100099 (best: 1.100099)
  Epoch  10/20 — loss: 1.002025 (best: 1.002025)
  Epoch  20/20 — loss: 0.998607 (best: 0.998607)
[AE-IS] Training finished — best loss: 0.998607
[AE-IS] Reconstruction error stats — min: 0.000840, median: 0.948532, max: 3.700045
[AE-IS] Redundant instances: 4268, removing 2560 with beta=0.6
[AE-IS] Noise instances: 3201, removing 640 with theta=0.2
[AE-IS] Removed 2560 redundant + 640 noisy = 3200 total instances
[AE-IS] Kept 7469 / 10669 (reduction = 29.99%)
[11.869914531707764, 8.884104013442993]
Fold 2
[AE-IS] Using GPU: NVIDIA A100-SXM4-80GB
[AE-IS] Architecture: 8932 → 20 → 10 → 20 → 8932
[AE-IS] Training autoencoder on 10669 instances (8932 features) for up to 20 epochs …
  Epoch   1/20 — loss: 1.095575 (best: 1.095575)
  Epoch  10/20 — loss: 1.002196 (best: 1.002196)
  Epoch  20/20 — loss: 0.998592 (best: 0.998592)
[AE-IS] Training finished — best loss: 0.998592
[AE-IS] Reconstruction error stats — min: 0.000836, median: 0.946657, max: 3.802540
[AE-IS] Redundant instances: 4268, removing 2560 with beta=0.6
[AE-IS] Noise instances: 3201, removing 640 with theta=0.2
[AE-IS] Removed 2560 redundant + 640 noisy = 3200 total instances
[AE-IS] Kept 7469 / 10669 (reduction = 29.99%)
[11.869914531707764, 8.884104013442993, 8.81168246269226]
Fold 3
[AE-IS] Using GPU: NVIDIA A100-SXM4-80GB
[AE-IS] Architecture: 8974 → 20 → 10 → 20 → 8974
[AE-IS] Training autoencoder on 10669 instances (8974 features) for up to 20 epochs …
  Epoch   1/20 — loss: 1.092348 (best: 1.092348)
  Epoch  10/20 — loss: 1.002619 (best: 1.002619)
  Epoch  20/20 — loss: 0.998647 (best: 0.998647)
[AE-IS] Training finished — best loss: 0.998647
[AE-IS] Reconstruction error stats — min: 0.000838, median: 0.948513, max: 3.588199
[AE-IS] Redundant instances: 4268, removing 2560 with beta=0.6
[AE-IS] Noise instances: 3201, removing 640 with theta=0.2
[AE-IS] Removed 2560 redundant + 640 noisy = 3200 total instances
[AE-IS] Kept 7469 / 10669 (reduction = 29.99%)
[11.869914531707764, 8.884104013442993, 8.81168246269226, 8.991007089614868]
Fold 4
[AE-IS] Using GPU: NVIDIA A100-SXM4-80GB
[AE-IS] Architecture: 8960 → 20 → 10 → 20 → 8960
[AE-IS] Training autoencoder on 10669 instances (8960 features) for up to 20 epochs …
  Epoch   1/20 — loss: 1.098652 (best: 1.098652)
  Epoch  10/20 — loss: 1.002068 (best: 1.002068)
  Epoch  20/20 — loss: 0.998818 (best: 0.998621)
[AE-IS] Training finished — best loss: 0.998621
[AE-IS] Reconstruction error stats — min: 0.000837, median: 0.950690, max: 3.965401
[AE-IS] Redundant instances: 4268, removing 2560 with beta=0.6
[AE-IS] Noise instances: 3201, removing 640 with theta=0.2
[AE-IS] Removed 2560 redundant + 640 noisy = 3200 total instances
[AE-IS] Kept 7469 / 10669 (reduction = 29.99%)
[11.869914531707764, 8.884104013442993, 8.81168246269226, 8.991007089614868, 9.027846813201904]
Fold 5
[AE-IS] Using GPU: NVIDIA A100-SXM4-80GB
[AE-IS] Architecture: 9002 → 20 → 10 → 20 → 9002
[AE-IS] Training autoencoder on 10670 instances (9002 features) for up to 20 epochs …
  Epoch   1/20 — loss: 1.098220 (best: 1.098220)
  Epoch  10/20 — loss: 1.002169 (best: 1.002169)
  Epoch  20/20 — loss: 0.998762 (best: 0.998762)
[AE-IS] Training finished — best loss: 0.998762
[AE-IS] Reconstruction error stats — min: 0.000837, median: 0.942821, max: 3.436054
[AE-IS] Redundant instances: 4268, removing 2560 with beta=0.6
[AE-IS] Noise instances: 3201, removing 640 with theta=0.2
[AE-IS] Removed 2560 redundant + 640 noisy = 3200 total instances
[AE-IS] Kept 7470 / 10670 (reduction = 29.99%)
[11.869914531707764, 8.884104013442993, 8.81168246269226, 8.991007089614868, 9.027846813201904, 9.601121664047241]
Fold 6
[AE-IS] Using GPU: NVIDIA A100-SXM4-80GB
[AE-IS] Architecture: 8958 → 20 → 10 → 20 → 8958
[AE-IS] Training autoencoder on 10670 instances (8958 features) for up to 20 epochs …
  Epoch   1/20 — loss: 1.099694 (best: 1.099694)
  Epoch  10/20 — loss: 1.002277 (best: 1.002277)
  Epoch  20/20 — loss: 0.998570 (best: 0.998570)
[AE-IS] Training finished — best loss: 0.998570
[AE-IS] Reconstruction error stats — min: 0.000840, median: 0.943764, max: 3.637893
[AE-IS] Redundant instances: 4268, removing 2560 with beta=0.6
[AE-IS] Noise instances: 3201, removing 640 with theta=0.2
[AE-IS] Removed 2560 redundant + 640 noisy = 3200 total instances
[AE-IS] Kept 7470 / 10670 (reduction = 29.99%)
[11.869914531707764, 8.884104013442993, 8.81168246269226, 8.991007089614868, 9.027846813201904, 9.601121664047241, 8.974395036697388]
Fold 7
[AE-IS] Using GPU: NVIDIA A100-SXM4-80GB
[AE-IS] Architecture: 8911 → 20 → 10 → 20 → 8911
[AE-IS] Training autoencoder on 10670 instances (8911 features) for up to 20 epochs …
  Epoch   1/20 — loss: 1.099254 (best: 1.099254)
  Epoch  10/20 — loss: 1.001853 (best: 1.001853)
  Epoch  20/20 — loss: 0.998586 (best: 0.998586)
[AE-IS] Training finished — best loss: 0.998586
[AE-IS] Reconstruction error stats — min: 0.000837, median: 0.944009, max: 3.411016
[AE-IS] Redundant instances: 4268, removing 2560 with beta=0.6
[AE-IS] Noise instances: 3201, removing 640 with theta=0.2
[AE-IS] Removed 2560 redundant + 640 noisy = 3200 total instances
[AE-IS] Kept 7470 / 10670 (reduction = 29.99%)
[11.869914531707764, 8.884104013442993, 8.81168246269226, 8.991007089614868, 9.027846813201904, 9.601121664047241, 8.974395036697388, 8.95511531829834]
Fold 8
[AE-IS] Using GPU: NVIDIA A100-SXM4-80GB
[AE-IS] Architecture: 8992 → 20 → 10 → 20 → 8992
[AE-IS] Training autoencoder on 10670 instances (8992 features) for up to 20 epochs …
  Epoch   1/20 — loss: 1.101301 (best: 1.101301)
  Epoch  10/20 — loss: 1.002372 (best: 1.002372)
  Epoch  20/20 — loss: 0.998800 (best: 0.998800)
[AE-IS] Training finished — best loss: 0.998800
[AE-IS] Reconstruction error stats — min: 0.000833, median: 0.947765, max: 3.464579
[AE-IS] Redundant instances: 4268, removing 2560 with beta=0.6
[AE-IS] Noise instances: 3201, removing 640 with theta=0.2
[AE-IS] Removed 2560 redundant + 640 noisy = 3200 total instances
[AE-IS] Kept 7470 / 10670 (reduction = 29.99%)
[11.869914531707764, 8.884104013442993, 8.81168246269226, 8.991007089614868, 9.027846813201904, 9.601121664047241, 8.974395036697388, 8.95511531829834, 8.86534595489502]
Fold 9
[AE-IS] Using GPU: NVIDIA A100-SXM4-80GB
[AE-IS] Architecture: 8965 → 20 → 10 → 20 → 8965
[AE-IS] Training autoencoder on 10670 instances (8965 features) for up to 20 epochs …
  Epoch   1/20 — loss: 1.094069 (best: 1.094069)
  Epoch  10/20 — loss: 1.002272 (best: 1.002272)
  Epoch  20/20 — loss: 0.998859 (best: 0.998859)
[AE-IS] Training finished — best loss: 0.998859
[AE-IS] Reconstruction error stats — min: 0.000840, median: 0.946940, max: 3.863821
[AE-IS] Redundant instances: 4268, removing 2560 with beta=0.6
[AE-IS] Noise instances: 3201, removing 640 with theta=0.2
[AE-IS] Removed 2560 redundant + 640 noisy = 3200 total instances
[AE-IS] Kept 7470 / 10670 (reduction = 29.99%)
[11.869914531707764, 8.884104013442993, 8.81168246269226, 8.991007089614868, 9.027846813201904, 9.601121664047241, 8.974395036697388, 8.95511531829834, 8.86534595489502, 8.729705095291138]
END
  Method: gmm-is
Namespace(dataset='sst1', method='gmm-is', folds=10, save=True, inputrep='tfidf', out='/app/unsupervised-is/resources/outsel', datain='/app/unsupervised-is/resources/datasets', overwrite=1, inputdir='/app/unsupervised-is/resources/datasets/sst1/tfidf/', splitdir='/app/unsupervised-is/resources/datasets/sst1/splits/', outputdir='/app/unsupervised-is/resources/outsel/selection/sst1/', filename='/app/unsupervised-is/resources/outsel/selection/sst1//saida_gmm-is', start_time='05-06-2026 03:57:48')
/app/unsupervised-is/resources/datasets/sst1/splits//split_10.pkl
Fold 0
[GMM] Redundant instances: 4268, removing 2560 with beta=0.6
[GMM] Noise instances: 3201, removing 640 with theta=0.2
[GMM] Removed 2560 redundant + 640 noisy = 3200 total instances
[GMM] Kept 7469 / 10669 (reduction = 29.99%)
[8.997396230697632]
Fold 1
[GMM] Redundant instances: 4268, removing 2560 with beta=0.6
[GMM] Noise instances: 3201, removing 640 with theta=0.2
[GMM] Removed 2560 redundant + 640 noisy = 3200 total instances
[GMM] Kept 7469 / 10669 (reduction = 29.99%)
[8.997396230697632, 21.505489110946655]
Fold 2
[GMM] Redundant instances: 4268, removing 2560 with beta=0.6
[GMM] Noise instances: 3201, removing 640 with theta=0.2
[GMM] Removed 2560 redundant + 640 noisy = 3200 total instances
[GMM] Kept 7469 / 10669 (reduction = 29.99%)
[8.997396230697632, 21.505489110946655, 22.599406242370605]
Fold 3
[GMM] Redundant instances: 4268, removing 2560 with beta=0.6
[GMM] Noise instances: 3201, removing 640 with theta=0.2
[GMM] Removed 2560 redundant + 640 noisy = 3200 total instances
[GMM] Kept 7469 / 10669 (reduction = 29.99%)
[8.997396230697632, 21.505489110946655, 22.599406242370605, 19.745508670806885]
Fold 4
[GMM] Redundant instances: 4268, removing 2560 with beta=0.6
[GMM] Noise instances: 3201, removing 640 with theta=0.2
[GMM] Removed 2560 redundant + 640 noisy = 3200 total instances
[GMM] Kept 7469 / 10669 (reduction = 29.99%)
[8.997396230697632, 21.505489110946655, 22.599406242370605, 19.745508670806885, 23.28363013267517]
Fold 5
[GMM] Redundant instances: 4268, removing 2560 with beta=0.6
[GMM] Noise instances: 3201, removing 640 with theta=0.2
[GMM] Removed 2560 redundant + 640 noisy = 3200 total instances
[GMM] Kept 7470 / 10670 (reduction = 29.99%)
[8.997396230697632, 21.505489110946655, 22.599406242370605, 19.745508670806885, 23.28363013267517, 34.70268988609314]
Fold 6
[GMM] Redundant instances: 4268, removing 2560 with beta=0.6
[GMM] Noise instances: 3201, removing 640 with theta=0.2
[GMM] Removed 2560 redundant + 640 noisy = 3200 total instances
[GMM] Kept 7470 / 10670 (reduction = 29.99%)
[8.997396230697632, 21.505489110946655, 22.599406242370605, 19.745508670806885, 23.28363013267517, 34.70268988609314, 18.22558093070984]
Fold 7
[GMM] Redundant instances: 4268, removing 2560 with beta=0.6
[GMM] Noise instances: 3201, removing 640 with theta=0.2
[GMM] Removed 2560 redundant + 640 noisy = 3200 total instances
[GMM] Kept 7470 / 10670 (reduction = 29.99%)
[8.997396230697632, 21.505489110946655, 22.599406242370605, 19.745508670806885, 23.28363013267517, 34.70268988609314, 18.22558093070984, 27.056836128234863]
Fold 8
[GMM] Redundant instances: 4268, removing 2560 with beta=0.6
[GMM] Noise instances: 3201, removing 640 with theta=0.2
[GMM] Removed 2560 redundant + 640 noisy = 3200 total instances
[GMM] Kept 7470 / 10670 (reduction = 29.99%)
[8.997396230697632, 21.505489110946655, 22.599406242370605, 19.745508670806885, 23.28363013267517, 34.70268988609314, 18.22558093070984, 27.056836128234863, 26.712982654571533]
Fold 9
[GMM] Redundant instances: 4268, removing 2560 with beta=0.6
[GMM] Noise instances: 3201, removing 640 with theta=0.2
[GMM] Removed 2560 redundant + 640 noisy = 3200 total instances
[GMM] Kept 7470 / 10670 (reduction = 29.99%)
[8.997396230697632, 21.505489110946655, 22.599406242370605, 19.745508670806885, 23.28363013267517, 34.70268988609314, 18.22558093070984, 27.056836128234863, 26.712982654571533, 23.702232360839844]
END
  Method: adaptive-perplexity
Namespace(dataset='sst1', method='adaptive-perplexity', folds=10, save=True, inputrep='tfidf', out='/app/unsupervised-is/resources/outsel', datain='/app/unsupervised-is/resources/datasets', overwrite=1, inputdir='/app/unsupervised-is/resources/datasets/sst1/tfidf/', splitdir='/app/unsupervised-is/resources/datasets/sst1/splits/', outputdir='/app/unsupervised-is/resources/outsel/selection/sst1/', filename='/app/unsupervised-is/resources/outsel/selection/sst1//saida_adaptive-perplexity', start_time='05-06-2026 04:01:39')
/app/unsupervised-is/resources/datasets/sst1/splits//split_10.pkl
Fold 0
[Adaptive-IS] Step 1 — computing scores via 'perplexity' …
[PerplexityIS] Fitting LDA with 10 topics on 10669 instances …
[PerplexityIS] Perplexity stats — min: 2.1842, median: 3.1956, max: 10.0000
[PerplexityIS] Redundancy threshold (p0.0): 2.1842 → 0 candidates
[PerplexityIS] Noise threshold (p100.0): 10.0000 → 0 candidates
[PerplexityIS] Removed 0 redundant + 0 noisy = 0 total instances
[PerplexityIS] Kept 10669 / 10669 (reduction = 0.00%)
[Adaptive-IS] Score stats — min: 2.1842, median: 3.1956, max: 10.0000
[Adaptive-IS] Step 2 — estimating thresholds via 'gmm_boundary' …
[Adaptive-IS] Estimated params — low_percentile=61.1, high_percentile=96.5, beta=0.600, theta=0.007, imbalance_proxy=0.195
[Adaptive-IS] GMM component means: [2.8919295023182943, 4.006448284682195, 9.999999999999998]
[Adaptive-IS] Step 3 — applying selection …
[Adaptive-IS] Redundant candidates: 6519, removing 3911 (beta=0.600)
[Adaptive-IS] Noise candidates: 378, removing 2 (theta=0.007)
[Adaptive-IS] Removed 3913 instances — kept 6756 / 10669 (reduction = 36.68%)
[9.318528175354004]
Fold 1
[Adaptive-IS] Step 1 — computing scores via 'perplexity' …
[PerplexityIS] Fitting LDA with 10 topics on 10669 instances …
[PerplexityIS] Perplexity stats — min: 2.1895, median: 3.1914, max: 10.0000
[PerplexityIS] Redundancy threshold (p0.0): 2.1895 → 0 candidates
[PerplexityIS] Noise threshold (p100.0): 10.0000 → 0 candidates
[PerplexityIS] Removed 0 redundant + 0 noisy = 0 total instances
[PerplexityIS] Kept 10669 / 10669 (reduction = 0.00%)
[Adaptive-IS] Score stats — min: 2.1895, median: 3.1914, max: 10.0000
[Adaptive-IS] Step 2 — estimating thresholds via 'gmm_boundary' …
[Adaptive-IS] Estimated params — low_percentile=61.3, high_percentile=96.6, beta=0.600, theta=0.007, imbalance_proxy=0.194
[Adaptive-IS] GMM component means: [2.8794474953721614, 3.990586932892404, 9.999999999999998]
[Adaptive-IS] Step 3 — applying selection …
[Adaptive-IS] Redundant candidates: 6544, removing 3926 (beta=0.600)
[Adaptive-IS] Noise candidates: 365, removing 2 (theta=0.007)
[Adaptive-IS] Removed 3928 instances — kept 6741 / 10669 (reduction = 36.82%)
[9.318528175354004, 6.160903215408325]
Fold 2
[Adaptive-IS] Step 1 — computing scores via 'perplexity' …
[PerplexityIS] Fitting LDA with 10 topics on 10669 instances …
[PerplexityIS] Perplexity stats — min: 2.1688, median: 3.2059, max: 10.0000
[PerplexityIS] Redundancy threshold (p0.0): 2.1688 → 0 candidates
[PerplexityIS] Noise threshold (p100.0): 10.0000 → 0 candidates
[PerplexityIS] Removed 0 redundant + 0 noisy = 0 total instances
[PerplexityIS] Kept 10669 / 10669 (reduction = 0.00%)
[Adaptive-IS] Score stats — min: 2.1688, median: 3.2059, max: 10.0000
[Adaptive-IS] Step 2 — estimating thresholds via 'gmm_boundary' …
[Adaptive-IS] Estimated params — low_percentile=60.4, high_percentile=96.3, beta=0.600, theta=0.006, imbalance_proxy=0.195
[Adaptive-IS] GMM component means: [2.8950562635499146, 4.007197816642669, 9.999999999999998]
[Adaptive-IS] Step 3 — applying selection …
[Adaptive-IS] Redundant candidates: 6441, removing 3864 (beta=0.600)
[Adaptive-IS] Noise candidates: 390, removing 2 (theta=0.006)
[Adaptive-IS] Removed 3866 instances — kept 6803 / 10669 (reduction = 36.24%)
[9.318528175354004, 6.160903215408325, 6.217565536499023]
Fold 3
[Adaptive-IS] Step 1 — computing scores via 'perplexity' …
[PerplexityIS] Fitting LDA with 10 topics on 10669 instances …
[PerplexityIS] Perplexity stats — min: 2.1714, median: 3.2072, max: 10.0000
[PerplexityIS] Redundancy threshold (p0.0): 2.1714 → 0 candidates
[PerplexityIS] Noise threshold (p100.0): 10.0000 → 0 candidates
[PerplexityIS] Removed 0 redundant + 0 noisy = 0 total instances
[PerplexityIS] Kept 10669 / 10669 (reduction = 0.00%)
[Adaptive-IS] Score stats — min: 2.1714, median: 3.2072, max: 10.0000
[Adaptive-IS] Step 2 — estimating thresholds via 'gmm_boundary' …
[Adaptive-IS] Estimated params — low_percentile=59.9, high_percentile=96.4, beta=0.600, theta=0.006, imbalance_proxy=0.195
[Adaptive-IS] GMM component means: [2.8848072898336037, 4.0048277874737135, 9.999999999999998]
[Adaptive-IS] Step 3 — applying selection …
[Adaptive-IS] Redundant candidates: 6389, removing 3833 (beta=0.600)
[Adaptive-IS] Noise candidates: 387, removing 2 (theta=0.006)
[Adaptive-IS] Removed 3835 instances — kept 6834 / 10669 (reduction = 35.95%)
[9.318528175354004, 6.160903215408325, 6.217565536499023, 9.03791069984436]
Fold 4
[Adaptive-IS] Step 1 — computing scores via 'perplexity' …
[PerplexityIS] Fitting LDA with 10 topics on 10669 instances …
[PerplexityIS] Perplexity stats — min: 2.1447, median: 3.1980, max: 10.0000
[PerplexityIS] Redundancy threshold (p0.0): 2.1447 → 0 candidates
[PerplexityIS] Noise threshold (p100.0): 10.0000 → 0 candidates
[PerplexityIS] Removed 0 redundant + 0 noisy = 0 total instances
[PerplexityIS] Kept 10669 / 10669 (reduction = 0.00%)
[Adaptive-IS] Score stats — min: 2.1447, median: 3.1980, max: 10.0000
[Adaptive-IS] Step 2 — estimating thresholds via 'gmm_boundary' …
[Adaptive-IS] Estimated params — low_percentile=61.3, high_percentile=96.5, beta=0.600, theta=0.006, imbalance_proxy=0.194
[Adaptive-IS] GMM component means: [2.891008030609003, 3.9889925661894647, 9.999999999999998]
[Adaptive-IS] Step 3 — applying selection …
[Adaptive-IS] Redundant candidates: 6541, removing 3924 (beta=0.600)
[Adaptive-IS] Noise candidates: 373, removing 2 (theta=0.006)
[Adaptive-IS] Removed 3926 instances — kept 6743 / 10669 (reduction = 36.80%)
[9.318528175354004, 6.160903215408325, 6.217565536499023, 9.03791069984436, 9.38733959197998]
Fold 5
[Adaptive-IS] Step 1 — computing scores via 'perplexity' …
[PerplexityIS] Fitting LDA with 10 topics on 10670 instances …
[PerplexityIS] Perplexity stats — min: 2.1445, median: 3.2081, max: 10.0000
[PerplexityIS] Redundancy threshold (p0.0): 2.1445 → 0 candidates
[PerplexityIS] Noise threshold (p100.0): 10.0000 → 0 candidates
[PerplexityIS] Removed 0 redundant + 0 noisy = 0 total instances
[PerplexityIS] Kept 10670 / 10670 (reduction = 0.00%)
[Adaptive-IS] Score stats — min: 2.1445, median: 3.2081, max: 10.0000
[Adaptive-IS] Step 2 — estimating thresholds via 'gmm_boundary' …
[Adaptive-IS] Estimated params — low_percentile=60.5, high_percentile=96.5, beta=0.600, theta=0.006, imbalance_proxy=0.194
[Adaptive-IS] GMM component means: [2.8910660958745606, 3.991667938575921, 9.999999999999998]
[Adaptive-IS] Step 3 — applying selection …
[Adaptive-IS] Redundant candidates: 6451, removing 3870 (beta=0.600)
[Adaptive-IS] Noise candidates: 373, removing 2 (theta=0.006)
[Adaptive-IS] Removed 3872 instances — kept 6798 / 10670 (reduction = 36.29%)
[9.318528175354004, 6.160903215408325, 6.217565536499023, 9.03791069984436, 9.38733959197998, 9.304430484771729]
Fold 6
[Adaptive-IS] Step 1 — computing scores via 'perplexity' …
[PerplexityIS] Fitting LDA with 10 topics on 10670 instances …
[PerplexityIS] Perplexity stats — min: 2.1327, median: 3.1993, max: 10.0000
[PerplexityIS] Redundancy threshold (p0.0): 2.1327 → 0 candidates
[PerplexityIS] Noise threshold (p100.0): 10.0000 → 0 candidates
[PerplexityIS] Removed 0 redundant + 0 noisy = 0 total instances
[PerplexityIS] Kept 10670 / 10670 (reduction = 0.00%)
[Adaptive-IS] Score stats — min: 2.1327, median: 3.1993, max: 10.0000
[Adaptive-IS] Step 2 — estimating thresholds via 'gmm_boundary' …
[Adaptive-IS] Estimated params — low_percentile=61.3, high_percentile=96.6, beta=0.600, theta=0.006, imbalance_proxy=0.193
[Adaptive-IS] GMM component means: [2.8922478547177524, 3.999758955743566, 9.999999999999998]
[Adaptive-IS] Step 3 — applying selection …
[Adaptive-IS] Redundant candidates: 6545, removing 3927 (beta=0.600)
[Adaptive-IS] Noise candidates: 359, removing 2 (theta=0.006)
[Adaptive-IS] Removed 3929 instances — kept 6741 / 10670 (reduction = 36.82%)
[9.318528175354004, 6.160903215408325, 6.217565536499023, 9.03791069984436, 9.38733959197998, 9.304430484771729, 11.433060884475708]
Fold 7
[Adaptive-IS] Step 1 — computing scores via 'perplexity' …
[PerplexityIS] Fitting LDA with 10 topics on 10670 instances …
[PerplexityIS] Perplexity stats — min: 2.1679, median: 3.1947, max: 10.0000
[PerplexityIS] Redundancy threshold (p0.0): 2.1679 → 0 candidates
[PerplexityIS] Noise threshold (p100.0): 10.0000 → 0 candidates
[PerplexityIS] Removed 0 redundant + 0 noisy = 0 total instances
[PerplexityIS] Kept 10670 / 10670 (reduction = 0.00%)
[Adaptive-IS] Score stats — min: 2.1679, median: 3.1947, max: 10.0000
[Adaptive-IS] Step 2 — estimating thresholds via 'gmm_boundary' …
[Adaptive-IS] Estimated params — low_percentile=61.5, high_percentile=96.7, beta=0.600, theta=0.006, imbalance_proxy=0.193
[Adaptive-IS] GMM component means: [2.889264981133626, 4.008023013843457, 9.999999999999998]
[Adaptive-IS] Step 3 — applying selection …
[Adaptive-IS] Redundant candidates: 6566, removing 3939 (beta=0.600)
[Adaptive-IS] Noise candidates: 348, removing 2 (theta=0.006)
[Adaptive-IS] Removed 3941 instances — kept 6729 / 10670 (reduction = 36.94%)
[9.318528175354004, 6.160903215408325, 6.217565536499023, 9.03791069984436, 9.38733959197998, 9.304430484771729, 11.433060884475708, 10.393568754196167]
Fold 8
[Adaptive-IS] Step 1 — computing scores via 'perplexity' …
[PerplexityIS] Fitting LDA with 10 topics on 10670 instances …
[PerplexityIS] Perplexity stats — min: 2.1517, median: 3.2059, max: 10.0000
[PerplexityIS] Redundancy threshold (p0.0): 2.1517 → 0 candidates
[PerplexityIS] Noise threshold (p100.0): 10.0000 → 0 candidates
[PerplexityIS] Removed 0 redundant + 0 noisy = 0 total instances
[PerplexityIS] Kept 10670 / 10670 (reduction = 0.00%)
[Adaptive-IS] Score stats — min: 2.1517, median: 3.2059, max: 10.0000
[Adaptive-IS] Step 2 — estimating thresholds via 'gmm_boundary' …
[Adaptive-IS] Estimated params — low_percentile=60.3, high_percentile=96.6, beta=0.600, theta=0.006, imbalance_proxy=0.195
[Adaptive-IS] GMM component means: [2.8877543710590396, 4.026522785400413, 9.999999999999998]
[Adaptive-IS] Step 3 — applying selection …
[Adaptive-IS] Redundant candidates: 6439, removing 3863 (beta=0.600)
[Adaptive-IS] Noise candidates: 367, removing 2 (theta=0.006)
[Adaptive-IS] Removed 3865 instances — kept 6805 / 10670 (reduction = 36.22%)
[9.318528175354004, 6.160903215408325, 6.217565536499023, 9.03791069984436, 9.38733959197998, 9.304430484771729, 11.433060884475708, 10.393568754196167, 10.822109460830688]
Fold 9
[Adaptive-IS] Step 1 — computing scores via 'perplexity' …
[PerplexityIS] Fitting LDA with 10 topics on 10670 instances …
[PerplexityIS] Perplexity stats — min: 2.1886, median: 3.2143, max: 10.0000
[PerplexityIS] Redundancy threshold (p0.0): 2.1886 → 0 candidates
[PerplexityIS] Noise threshold (p100.0): 10.0000 → 0 candidates
[PerplexityIS] Removed 0 redundant + 0 noisy = 0 total instances
[PerplexityIS] Kept 10670 / 10670 (reduction = 0.00%)
[Adaptive-IS] Score stats — min: 2.1886, median: 3.2143, max: 10.0000
[Adaptive-IS] Step 2 — estimating thresholds via 'gmm_boundary' …
[Adaptive-IS] Estimated params — low_percentile=57.2, high_percentile=96.1, beta=0.600, theta=0.014, imbalance_proxy=0.196
[Adaptive-IS] GMM component means: [2.8461194088217945, 3.8984289831173298, 7.174697825329021]
[Adaptive-IS] Step 3 — applying selection …
[Adaptive-IS] Redundant candidates: 6103, removing 3661 (beta=0.600)
[Adaptive-IS] Noise candidates: 413, removing 5 (theta=0.014)
[Adaptive-IS] Removed 3666 instances — kept 7004 / 10670 (reduction = 34.36%)
[9.318528175354004, 6.160903215408325, 6.217565536499023, 9.03791069984436, 9.38733959197998, 9.304430484771729, 11.433060884475708, 10.393568754196167, 10.822109460830688, 13.597069501876831]
END
  Method: adaptive-v2-perplexity
Namespace(dataset='sst1', method='adaptive-v2-perplexity', folds=10, save=True, inputrep='tfidf', out='/app/unsupervised-is/resources/outsel', datain='/app/unsupervised-is/resources/datasets', overwrite=1, inputdir='/app/unsupervised-is/resources/datasets/sst1/tfidf/', splitdir='/app/unsupervised-is/resources/datasets/sst1/splits/', outputdir='/app/unsupervised-is/resources/outsel/selection/sst1/', filename='/app/unsupervised-is/resources/outsel/selection/sst1//saida_adaptive-v2-perplexity', start_time='05-06-2026 04:03:19')
/app/unsupervised-is/resources/datasets/sst1/splits//split_10.pkl
Fold 0
[AdaptiveV2-IS] Step 1 — scoring via 'perplexity' …
[PerplexityIS] Fitting LDA with 10 topics on 10669 instances …
[PerplexityIS] Perplexity stats — min: 2.1842, median: 3.1956, max: 10.0000
[PerplexityIS] Redundancy threshold (p0.0): 2.1842 → 0 candidates
[PerplexityIS] Noise threshold (p100.0): 10.0000 → 0 candidates
[PerplexityIS] Removed 0 redundant + 0 noisy = 0 total instances
[PerplexityIS] Kept 10669 / 10669 (reduction = 0.00%)
[AdaptiveV2-IS] Score stats — min: 2.1842, p25: 2.8175, median: 3.1956, p75: 3.9040, max: 10.0000
[AdaptiveV2-IS] Step 2 — estimating params via quartile density …
[AdaptiveV2-IS] Quartile widths: Q1_frac=0.081, Q2_frac=0.048, total_range=7.8158
[AdaptiveV2-IS] Params: beta_q1=0.700, beta_q2=0.600, theta=0.242, imbalance_proxy=0.195
[AdaptiveV2-IS] Step 3 — applying quartile selection …
[AdaptiveV2-IS] Q1 (2668 instances): removing 1867 (beta_q1=0.700, uniform)
[AdaptiveV2-IS] Q2 (2667 instances): removing 1600 (beta_q2=0.600, uniform)
[AdaptiveV2-IS] Q4 (2667 instances): removing 644 (theta=0.242, weighted)
[AdaptiveV2-IS] Done — removed 4111 / 10669 (reduction = 38.53%)
[8.697115182876587]
Fold 1
[AdaptiveV2-IS] Step 1 — scoring via 'perplexity' …
[PerplexityIS] Fitting LDA with 10 topics on 10669 instances …
[PerplexityIS] Perplexity stats — min: 2.1895, median: 3.1914, max: 10.0000
[PerplexityIS] Redundancy threshold (p0.0): 2.1895 → 0 candidates
[PerplexityIS] Noise threshold (p100.0): 10.0000 → 0 candidates
[PerplexityIS] Removed 0 redundant + 0 noisy = 0 total instances
[PerplexityIS] Kept 10669 / 10669 (reduction = 0.00%)
[AdaptiveV2-IS] Score stats — min: 2.1895, p25: 2.8145, median: 3.1914, p75: 3.9038, max: 10.0000
[AdaptiveV2-IS] Step 2 — estimating params via quartile density …
[AdaptiveV2-IS] Quartile widths: Q1_frac=0.080, Q2_frac=0.048, total_range=7.8105
[AdaptiveV2-IS] Params: beta_q1=0.700, beta_q2=0.600, theta=0.242, imbalance_proxy=0.194
[AdaptiveV2-IS] Step 3 — applying quartile selection …
[AdaptiveV2-IS] Q1 (2668 instances): removing 1867 (beta_q1=0.700, uniform)
[AdaptiveV2-IS] Q2 (2667 instances): removing 1600 (beta_q2=0.600, uniform)
[AdaptiveV2-IS] Q4 (2667 instances): removing 644 (theta=0.242, weighted)
[AdaptiveV2-IS] Done — removed 4111 / 10669 (reduction = 38.53%)
[8.697115182876587, 5.484113693237305]
Fold 2
[AdaptiveV2-IS] Step 1 — scoring via 'perplexity' …
[PerplexityIS] Fitting LDA with 10 topics on 10669 instances …
[PerplexityIS] Perplexity stats — min: 2.1688, median: 3.2059, max: 10.0000
[PerplexityIS] Redundancy threshold (p0.0): 2.1688 → 0 candidates
[PerplexityIS] Noise threshold (p100.0): 10.0000 → 0 candidates
[PerplexityIS] Removed 0 redundant + 0 noisy = 0 total instances
[PerplexityIS] Kept 10669 / 10669 (reduction = 0.00%)
[AdaptiveV2-IS] Score stats — min: 2.1688, p25: 2.8234, median: 3.2059, p75: 3.9126, max: 10.0000
[AdaptiveV2-IS] Step 2 — estimating params via quartile density …
[AdaptiveV2-IS] Quartile widths: Q1_frac=0.084, Q2_frac=0.049, total_range=7.8312
[AdaptiveV2-IS] Params: beta_q1=0.700, beta_q2=0.600, theta=0.241, imbalance_proxy=0.195
[AdaptiveV2-IS] Step 3 — applying quartile selection …
[AdaptiveV2-IS] Q1 (2668 instances): removing 1867 (beta_q1=0.700, uniform)
[AdaptiveV2-IS] Q2 (2667 instances): removing 1600 (beta_q2=0.600, uniform)
[AdaptiveV2-IS] Q4 (2667 instances): removing 644 (theta=0.241, weighted)
[AdaptiveV2-IS] Done — removed 4111 / 10669 (reduction = 38.53%)
[8.697115182876587, 5.484113693237305, 5.508711814880371]
Fold 3
[AdaptiveV2-IS] Step 1 — scoring via 'perplexity' …
[PerplexityIS] Fitting LDA with 10 topics on 10669 instances …
[PerplexityIS] Perplexity stats — min: 2.1714, median: 3.2072, max: 10.0000
[PerplexityIS] Redundancy threshold (p0.0): 2.1714 → 0 candidates
[PerplexityIS] Noise threshold (p100.0): 10.0000 → 0 candidates
[PerplexityIS] Removed 0 redundant + 0 noisy = 0 total instances
[PerplexityIS] Kept 10669 / 10669 (reduction = 0.00%)
[AdaptiveV2-IS] Score stats — min: 2.1714, p25: 2.8228, median: 3.2072, p75: 3.9154, max: 10.0000
[AdaptiveV2-IS] Step 2 — estimating params via quartile density …
[AdaptiveV2-IS] Quartile widths: Q1_frac=0.083, Q2_frac=0.049, total_range=7.8286
[AdaptiveV2-IS] Params: beta_q1=0.700, beta_q2=0.600, theta=0.241, imbalance_proxy=0.195
[AdaptiveV2-IS] Step 3 — applying quartile selection …
[AdaptiveV2-IS] Q1 (2668 instances): removing 1867 (beta_q1=0.700, uniform)
[AdaptiveV2-IS] Q2 (2667 instances): removing 1600 (beta_q2=0.600, uniform)
[AdaptiveV2-IS] Q4 (2667 instances): removing 643 (theta=0.241, weighted)
[AdaptiveV2-IS] Done — removed 4110 / 10669 (reduction = 38.52%)
[8.697115182876587, 5.484113693237305, 5.508711814880371, 5.482814073562622]
Fold 4
[AdaptiveV2-IS] Step 1 — scoring via 'perplexity' …
[PerplexityIS] Fitting LDA with 10 topics on 10669 instances …
[PerplexityIS] Perplexity stats — min: 2.1447, median: 3.1980, max: 10.0000
[PerplexityIS] Redundancy threshold (p0.0): 2.1447 → 0 candidates
[PerplexityIS] Noise threshold (p100.0): 10.0000 → 0 candidates
[PerplexityIS] Removed 0 redundant + 0 noisy = 0 total instances
[PerplexityIS] Kept 10669 / 10669 (reduction = 0.00%)
[AdaptiveV2-IS] Score stats — min: 2.1447, p25: 2.8176, median: 3.1980, p75: 3.9012, max: 10.0000
[AdaptiveV2-IS] Step 2 — estimating params via quartile density …
[AdaptiveV2-IS] Quartile widths: Q1_frac=0.086, Q2_frac=0.048, total_range=7.8553
[AdaptiveV2-IS] Params: beta_q1=0.700, beta_q2=0.600, theta=0.242, imbalance_proxy=0.194
[AdaptiveV2-IS] Step 3 — applying quartile selection …
[AdaptiveV2-IS] Q1 (2668 instances): removing 1867 (beta_q1=0.700, uniform)
[AdaptiveV2-IS] Q2 (2667 instances): removing 1600 (beta_q2=0.600, uniform)
[AdaptiveV2-IS] Q4 (2667 instances): removing 645 (theta=0.242, weighted)
[AdaptiveV2-IS] Done — removed 4112 / 10669 (reduction = 38.54%)
[8.697115182876587, 5.484113693237305, 5.508711814880371, 5.482814073562622, 5.582548379898071]
Fold 5
[AdaptiveV2-IS] Step 1 — scoring via 'perplexity' …
[PerplexityIS] Fitting LDA with 10 topics on 10670 instances …
[PerplexityIS] Perplexity stats — min: 2.1445, median: 3.2081, max: 10.0000
[PerplexityIS] Redundancy threshold (p0.0): 2.1445 → 0 candidates
[PerplexityIS] Noise threshold (p100.0): 10.0000 → 0 candidates
[PerplexityIS] Removed 0 redundant + 0 noisy = 0 total instances
[PerplexityIS] Kept 10670 / 10670 (reduction = 0.00%)
[AdaptiveV2-IS] Score stats — min: 2.1445, p25: 2.8206, median: 3.2081, p75: 3.9111, max: 10.0000
[AdaptiveV2-IS] Step 2 — estimating params via quartile density …
[AdaptiveV2-IS] Quartile widths: Q1_frac=0.086, Q2_frac=0.049, total_range=7.8555
[AdaptiveV2-IS] Params: beta_q1=0.700, beta_q2=0.600, theta=0.242, imbalance_proxy=0.194
[AdaptiveV2-IS] Step 3 — applying quartile selection …
[AdaptiveV2-IS] Q1 (2668 instances): removing 1867 (beta_q1=0.700, uniform)
[AdaptiveV2-IS] Q2 (2667 instances): removing 1600 (beta_q2=0.600, uniform)
[AdaptiveV2-IS] Q4 (2668 instances): removing 645 (theta=0.242, weighted)
[AdaptiveV2-IS] Done — removed 4112 / 10670 (reduction = 38.54%)
[8.697115182876587, 5.484113693237305, 5.508711814880371, 5.482814073562622, 5.582548379898071, 5.567549467086792]
Fold 6
[AdaptiveV2-IS] Step 1 — scoring via 'perplexity' …
[PerplexityIS] Fitting LDA with 10 topics on 10670 instances …
[PerplexityIS] Perplexity stats — min: 2.1327, median: 3.1993, max: 10.0000
[PerplexityIS] Redundancy threshold (p0.0): 2.1327 → 0 candidates
[PerplexityIS] Noise threshold (p100.0): 10.0000 → 0 candidates
[PerplexityIS] Removed 0 redundant + 0 noisy = 0 total instances
[PerplexityIS] Kept 10670 / 10670 (reduction = 0.00%)
[AdaptiveV2-IS] Score stats — min: 2.1327, p25: 2.8164, median: 3.1993, p75: 3.9038, max: 10.0000
[AdaptiveV2-IS] Step 2 — estimating params via quartile density …
[AdaptiveV2-IS] Quartile widths: Q1_frac=0.087, Q2_frac=0.049, total_range=7.8673
[AdaptiveV2-IS] Params: beta_q1=0.700, beta_q2=0.600, theta=0.242, imbalance_proxy=0.193
[AdaptiveV2-IS] Step 3 — applying quartile selection …
[AdaptiveV2-IS] Q1 (2668 instances): removing 1867 (beta_q1=0.700, uniform)
[AdaptiveV2-IS] Q2 (2667 instances): removing 1600 (beta_q2=0.600, uniform)
[AdaptiveV2-IS] Q4 (2668 instances): removing 646 (theta=0.242, weighted)
[AdaptiveV2-IS] Done — removed 4113 / 10670 (reduction = 38.55%)
[8.697115182876587, 5.484113693237305, 5.508711814880371, 5.482814073562622, 5.582548379898071, 5.567549467086792, 5.665332555770874]
Fold 7
[AdaptiveV2-IS] Step 1 — scoring via 'perplexity' …
[PerplexityIS] Fitting LDA with 10 topics on 10670 instances …
[PerplexityIS] Perplexity stats — min: 2.1679, median: 3.1947, max: 10.0000
[PerplexityIS] Redundancy threshold (p0.0): 2.1679 → 0 candidates
[PerplexityIS] Noise threshold (p100.0): 10.0000 → 0 candidates
[PerplexityIS] Removed 0 redundant + 0 noisy = 0 total instances
[PerplexityIS] Kept 10670 / 10670 (reduction = 0.00%)
[AdaptiveV2-IS] Score stats — min: 2.1679, p25: 2.8170, median: 3.1947, p75: 3.9042, max: 10.0000
[AdaptiveV2-IS] Step 2 — estimating params via quartile density …
[AdaptiveV2-IS] Quartile widths: Q1_frac=0.083, Q2_frac=0.048, total_range=7.8321
[AdaptiveV2-IS] Params: beta_q1=0.700, beta_q2=0.600, theta=0.242, imbalance_proxy=0.193
[AdaptiveV2-IS] Step 3 — applying quartile selection …
[AdaptiveV2-IS] Q1 (2668 instances): removing 1867 (beta_q1=0.700, uniform)
[AdaptiveV2-IS] Q2 (2667 instances): removing 1600 (beta_q2=0.600, uniform)
[AdaptiveV2-IS] Q4 (2668 instances): removing 645 (theta=0.242, weighted)
[AdaptiveV2-IS] Done — removed 4112 / 10670 (reduction = 38.54%)
[8.697115182876587, 5.484113693237305, 5.508711814880371, 5.482814073562622, 5.582548379898071, 5.567549467086792, 5.665332555770874, 5.51133394241333]
Fold 8
[AdaptiveV2-IS] Step 1 — scoring via 'perplexity' …
[PerplexityIS] Fitting LDA with 10 topics on 10670 instances …
[PerplexityIS] Perplexity stats — min: 2.1517, median: 3.2059, max: 10.0000
[PerplexityIS] Redundancy threshold (p0.0): 2.1517 → 0 candidates
[PerplexityIS] Noise threshold (p100.0): 10.0000 → 0 candidates
[PerplexityIS] Removed 0 redundant + 0 noisy = 0 total instances
[PerplexityIS] Kept 10670 / 10670 (reduction = 0.00%)
[AdaptiveV2-IS] Score stats — min: 2.1517, p25: 2.8206, median: 3.2059, p75: 3.9173, max: 10.0000
[AdaptiveV2-IS] Step 2 — estimating params via quartile density …
[AdaptiveV2-IS] Quartile widths: Q1_frac=0.085, Q2_frac=0.049, total_range=7.8483
[AdaptiveV2-IS] Params: beta_q1=0.700, beta_q2=0.600, theta=0.242, imbalance_proxy=0.195
[AdaptiveV2-IS] Step 3 — applying quartile selection …
[AdaptiveV2-IS] Q1 (2668 instances): removing 1867 (beta_q1=0.700, uniform)
[AdaptiveV2-IS] Q2 (2667 instances): removing 1600 (beta_q2=0.600, uniform)
[AdaptiveV2-IS] Q4 (2668 instances): removing 644 (theta=0.242, weighted)
[AdaptiveV2-IS] Done — removed 4111 / 10670 (reduction = 38.53%)
[8.697115182876587, 5.484113693237305, 5.508711814880371, 5.482814073562622, 5.582548379898071, 5.567549467086792, 5.665332555770874, 5.51133394241333, 5.505645990371704]
Fold 9
[AdaptiveV2-IS] Step 1 — scoring via 'perplexity' …
[PerplexityIS] Fitting LDA with 10 topics on 10670 instances …
[PerplexityIS] Perplexity stats — min: 2.1886, median: 3.2143, max: 10.0000
[PerplexityIS] Redundancy threshold (p0.0): 2.1886 → 0 candidates
[PerplexityIS] Noise threshold (p100.0): 10.0000 → 0 candidates
[PerplexityIS] Removed 0 redundant + 0 noisy = 0 total instances
[PerplexityIS] Kept 10670 / 10670 (reduction = 0.00%)
[AdaptiveV2-IS] Score stats — min: 2.1886, p25: 2.8249, median: 3.2143, p75: 3.9224, max: 10.0000
[AdaptiveV2-IS] Step 2 — estimating params via quartile density …
[AdaptiveV2-IS] Quartile widths: Q1_frac=0.081, Q2_frac=0.050, total_range=7.8114
[AdaptiveV2-IS] Params: beta_q1=0.700, beta_q2=0.600, theta=0.241, imbalance_proxy=0.196
[AdaptiveV2-IS] Step 3 — applying quartile selection …
[AdaptiveV2-IS] Q1 (2668 instances): removing 1867 (beta_q1=0.700, uniform)
[AdaptiveV2-IS] Q2 (2667 instances): removing 1600 (beta_q2=0.600, uniform)
[AdaptiveV2-IS] Q4 (2668 instances): removing 643 (theta=0.241, weighted)
[AdaptiveV2-IS] Done — removed 4110 / 10670 (reduction = 38.52%)
[8.697115182876587, 5.484113693237305, 5.508711814880371, 5.482814073562622, 5.582548379898071, 5.567549467086792, 5.665332555770874, 5.51133394241333, 5.505645990371704, 5.558919906616211]
END
Dataset: pang_movie
  Method: no-is
Namespace(dataset='pang_movie', method='no-is', folds=10, save=True, inputrep='tfidf', out='/app/unsupervised-is/resources/outsel', datain='/app/unsupervised-is/resources/datasets', overwrite=1, inputdir='/app/unsupervised-is/resources/datasets/pang_movie/tfidf/', splitdir='/app/unsupervised-is/resources/datasets/pang_movie/splits/', outputdir='/app/unsupervised-is/resources/outsel/selection/pang_movie/', filename='/app/unsupervised-is/resources/outsel/selection/pang_movie//saida_no-is', start_time='05-06-2026 04:04:23')
/app/unsupervised-is/resources/datasets/pang_movie/splits//split_10.pkl
Fold 0
[0.005610466003417969]
Fold 1
[0.005610466003417969, 0.004751682281494141]
Fold 2
[0.005610466003417969, 0.004751682281494141, 0.005310773849487305]
Fold 3
[0.005610466003417969, 0.004751682281494141, 0.005310773849487305, 0.004744529724121094]
Fold 4
[0.005610466003417969, 0.004751682281494141, 0.005310773849487305, 0.004744529724121094, 0.004744052886962891]
Fold 5
[0.005610466003417969, 0.004751682281494141, 0.005310773849487305, 0.004744529724121094, 0.004744052886962891, 0.005138874053955078]
Fold 6
[0.005610466003417969, 0.004751682281494141, 0.005310773849487305, 0.004744529724121094, 0.004744052886962891, 0.005138874053955078, 0.004771232604980469]
Fold 7
[0.005610466003417969, 0.004751682281494141, 0.005310773849487305, 0.004744529724121094, 0.004744052886962891, 0.005138874053955078, 0.004771232604980469, 0.004723310470581055]
Fold 8
[0.005610466003417969, 0.004751682281494141, 0.005310773849487305, 0.004744529724121094, 0.004744052886962891, 0.005138874053955078, 0.004771232604980469, 0.004723310470581055, 0.004751682281494141]
Fold 9
[0.005610466003417969, 0.004751682281494141, 0.005310773849487305, 0.004744529724121094, 0.004744052886962891, 0.005138874053955078, 0.004771232604980469, 0.004723310470581055, 0.004751682281494141, 0.004808664321899414]
END
  Method: biois
Namespace(dataset='pang_movie', method='biois', folds=10, save=True, inputrep='tfidf', out='/app/unsupervised-is/resources/outsel', datain='/app/unsupervised-is/resources/datasets', overwrite=1, inputdir='/app/unsupervised-is/resources/datasets/pang_movie/tfidf/', splitdir='/app/unsupervised-is/resources/datasets/pang_movie/splits/', outputdir='/app/unsupervised-is/resources/outsel/selection/pang_movie/', filename='/app/unsupervised-is/resources/outsel/selection/pang_movie//saida_biois', start_time='05-06-2026 04:04:28')
/app/unsupervised-is/resources/datasets/pang_movie/splits//split_10.pkl
Fold 0
fitting_alpha_by_lr_default
LogisticRegression()
LogisticRegression()
LogisticRegression()
LogisticRegression()
LogisticRegression()
Micro: 0.7608922243068584
Macro: 0.7608880678641068
identifyNoiseByLowerNNEntropy
[1.774672269821167]
Fold 1
fitting_alpha_by_lr_default
LogisticRegression()
LogisticRegression()
LogisticRegression()
LogisticRegression()
LogisticRegression()
Micro: 0.7591704877032097
Macro: 0.759169543559439
identifyNoiseByLowerNNEntropy
[1.774672269821167, 1.733978033065796]
Fold 2
fitting_alpha_by_lr_default
LogisticRegression()
LogisticRegression()
LogisticRegression()
LogisticRegression()
LogisticRegression()
Micro: 0.7626094205919133
Macro: 0.7626087606219436
identifyNoiseByLowerNNEntropy
[1.774672269821167, 1.733978033065796, 1.708885908126831]
Fold 3
fitting_alpha_by_lr_default
LogisticRegression()
LogisticRegression()
LogisticRegression()
LogisticRegression()
LogisticRegression()
Micro: 0.7545852438516049
Macro: 0.7545803159069087
identifyNoiseByLowerNNEntropy
[1.774672269821167, 1.733978033065796, 1.708885908126831, 1.6253933906555176]
Fold 4
fitting_alpha_by_lr_default
LogisticRegression()
LogisticRegression()
LogisticRegression()
LogisticRegression()
LogisticRegression()
Micro: 0.7564610254272613
Macro: 0.7564610016243245
identifyNoiseByLowerNNEntropy
[1.774672269821167, 1.733978033065796, 1.708885908126831, 1.6253933906555176, 1.612234354019165]
Fold 5
fitting_alpha_by_lr_default
LogisticRegression()
LogisticRegression()
LogisticRegression()
LogisticRegression()
LogisticRegression()
Micro: 0.7562526052521884
Macro: 0.7562522849606652
identifyNoiseByLowerNNEntropy
[1.774672269821167, 1.733978033065796, 1.708885908126831, 1.6253933906555176, 1.612234354019165, 1.4345786571502686]
Fold 6
fitting_alpha_by_lr_default
LogisticRegression()
LogisticRegression()
LogisticRegression()
LogisticRegression()
LogisticRegression()
Micro: 0.7533347228011672
Macro: 0.7533347201224458
identifyNoiseByLowerNNEntropy
[1.774672269821167, 1.733978033065796, 1.708885908126831, 1.6253933906555176, 1.612234354019165, 1.4345786571502686, 1.4095408916473389]
Fold 7
fitting_alpha_by_lr_default
LogisticRegression()
LogisticRegression()
LogisticRegression()
LogisticRegression()
LogisticRegression()
Micro: 0.7588578574406003
Macro: 0.7588527874503916
identifyNoiseByLowerNNEntropy
[1.774672269821167, 1.733978033065796, 1.708885908126831, 1.6253933906555176, 1.612234354019165, 1.4345786571502686, 1.4095408916473389, 1.6076023578643799]
Fold 8
fitting_alpha_by_lr_default
LogisticRegression()
LogisticRegression()
LogisticRegression()
LogisticRegression()
LogisticRegression()
Micro: 0.7573989162150896
Macro: 0.7573955017445335
identifyNoiseByLowerNNEntropy
[1.774672269821167, 1.733978033065796, 1.708885908126831, 1.6253933906555176, 1.612234354019165, 1.4345786571502686, 1.4095408916473389, 1.6076023578643799, 1.4404020309448242]
Fold 9
fitting_alpha_by_lr_default
LogisticRegression()
LogisticRegression()
LogisticRegression()
LogisticRegression()
LogisticRegression()
Micro: 0.7625052105043768
Macro: 0.7625040731016197
identifyNoiseByLowerNNEntropy
[1.774672269821167, 1.733978033065796, 1.708885908126831, 1.6253933906555176, 1.612234354019165, 1.4345786571502686, 1.4095408916473389, 1.6076023578643799, 1.4404020309448242, 1.5767271518707275]
END
  Method: perplexity-is
Namespace(dataset='pang_movie', method='perplexity-is', folds=10, save=True, inputrep='tfidf', out='/app/unsupervised-is/resources/outsel', datain='/app/unsupervised-is/resources/datasets', overwrite=1, inputdir='/app/unsupervised-is/resources/datasets/pang_movie/tfidf/', splitdir='/app/unsupervised-is/resources/datasets/pang_movie/splits/', outputdir='/app/unsupervised-is/resources/outsel/selection/pang_movie/', filename='/app/unsupervised-is/resources/outsel/selection/pang_movie//saida_perplexity-is', start_time='05-06-2026 04:04:49')
/app/unsupervised-is/resources/datasets/pang_movie/splits//split_10.pkl
Fold 0
[PerplexityIS] Fitting LDA with 10 topics on 9594 instances …
[PerplexityIS] Perplexity stats — min: 1.9890, median: 3.5029, max: 6.3965
[PerplexityIS] Redundancy threshold (p40): 3.3317 → 3838 candidates
[PerplexityIS] Redundant instances: 3838, removing 2302 with beta=0.6
[PerplexityIS] Noise threshold (p70): 3.8035 → 2878 candidates
[PerplexityIS] Noise instances: 2878, removing 575 with theta=0.2
[PerplexityIS] Removed 2302 redundant + 575 noisy = 2877 total instances
[PerplexityIS] Kept 6717 / 9594 (reduction = 29.99%)
[8.89532732963562]
Fold 1
[PerplexityIS] Fitting LDA with 10 topics on 9596 instances …
[PerplexityIS] Perplexity stats — min: 1.9635, median: 3.5357, max: 6.2050
[PerplexityIS] Redundancy threshold (p40): 3.3740 → 3838 candidates
[PerplexityIS] Redundant instances: 3838, removing 2302 with beta=0.6
[PerplexityIS] Noise threshold (p70): 3.8303 → 2879 candidates
[PerplexityIS] Noise instances: 2879, removing 575 with theta=0.2
[PerplexityIS] Removed 2302 redundant + 575 noisy = 2877 total instances
[PerplexityIS] Kept 6719 / 9596 (reduction = 29.98%)
[8.89532732963562, 5.548766374588013]
Fold 2
[PerplexityIS] Fitting LDA with 10 topics on 9596 instances …
[PerplexityIS] Perplexity stats — min: 1.9731, median: 3.5282, max: 6.3410
[PerplexityIS] Redundancy threshold (p40): 3.3659 → 3838 candidates
[PerplexityIS] Redundant instances: 3838, removing 2302 with beta=0.6
[PerplexityIS] Noise threshold (p70): 3.8040 → 2879 candidates
[PerplexityIS] Noise instances: 2879, removing 575 with theta=0.2
[PerplexityIS] Removed 2302 redundant + 575 noisy = 2877 total instances
[PerplexityIS] Kept 6719 / 9596 (reduction = 29.98%)
[8.89532732963562, 5.548766374588013, 5.154419898986816]
Fold 3
[PerplexityIS] Fitting LDA with 10 topics on 9596 instances …
[PerplexityIS] Perplexity stats — min: 1.9632, median: 3.5752, max: 6.5103
[PerplexityIS] Redundancy threshold (p40): 3.4195 → 3838 candidates
[PerplexityIS] Redundant instances: 3838, removing 2302 with beta=0.6
[PerplexityIS] Noise threshold (p70): 3.8721 → 2879 candidates
[PerplexityIS] Noise instances: 2879, removing 575 with theta=0.2
[PerplexityIS] Removed 2302 redundant + 575 noisy = 2877 total instances
[PerplexityIS] Kept 6719 / 9596 (reduction = 29.98%)
[8.89532732963562, 5.548766374588013, 5.154419898986816, 5.373190402984619]
Fold 4
[PerplexityIS] Fitting LDA with 10 topics on 9596 instances …
[PerplexityIS] Perplexity stats — min: 1.9594, median: 3.5259, max: 6.4761
[PerplexityIS] Redundancy threshold (p40): 3.3722 → 3838 candidates
[PerplexityIS] Redundant instances: 3838, removing 2302 with beta=0.6
[PerplexityIS] Noise threshold (p70): 3.8235 → 2879 candidates
[PerplexityIS] Noise instances: 2879, removing 575 with theta=0.2
[PerplexityIS] Removed 2302 redundant + 575 noisy = 2877 total instances
[PerplexityIS] Kept 6719 / 9596 (reduction = 29.98%)
[8.89532732963562, 5.548766374588013, 5.154419898986816, 5.373190402984619, 5.359941005706787]
Fold 5
[PerplexityIS] Fitting LDA with 10 topics on 9596 instances …
[PerplexityIS] Perplexity stats — min: 1.9913, median: 3.5367, max: 6.6246
[PerplexityIS] Redundancy threshold (p40): 3.3819 → 3838 candidates
[PerplexityIS] Redundant instances: 3838, removing 2302 with beta=0.6
[PerplexityIS] Noise threshold (p70): 3.8305 → 2879 candidates
[PerplexityIS] Noise instances: 2879, removing 575 with theta=0.2
[PerplexityIS] Removed 2302 redundant + 575 noisy = 2877 total instances
[PerplexityIS] Kept 6719 / 9596 (reduction = 29.98%)
[8.89532732963562, 5.548766374588013, 5.154419898986816, 5.373190402984619, 5.359941005706787, 5.185529708862305]
Fold 6
[PerplexityIS] Fitting LDA with 10 topics on 9596 instances …
[PerplexityIS] Perplexity stats — min: 1.9640, median: 3.5152, max: 6.0919
[PerplexityIS] Redundancy threshold (p40): 3.3349 → 3838 candidates
[PerplexityIS] Redundant instances: 3838, removing 2302 with beta=0.6
[PerplexityIS] Noise threshold (p70): 3.8595 → 2879 candidates
[PerplexityIS] Noise instances: 2879, removing 575 with theta=0.2
[PerplexityIS] Removed 2302 redundant + 575 noisy = 2877 total instances
[PerplexityIS] Kept 6719 / 9596 (reduction = 29.98%)
[8.89532732963562, 5.548766374588013, 5.154419898986816, 5.373190402984619, 5.359941005706787, 5.185529708862305, 5.356553554534912]
Fold 7
[PerplexityIS] Fitting LDA with 10 topics on 9596 instances …
[PerplexityIS] Perplexity stats — min: 1.9813, median: 3.5644, max: 6.1351
[PerplexityIS] Redundancy threshold (p40): 3.4081 → 3838 candidates
[PerplexityIS] Redundant instances: 3838, removing 2302 with beta=0.6
[PerplexityIS] Noise threshold (p70): 3.8361 → 2879 candidates
[PerplexityIS] Noise instances: 2879, removing 575 with theta=0.2
[PerplexityIS] Removed 2302 redundant + 575 noisy = 2877 total instances
[PerplexityIS] Kept 6719 / 9596 (reduction = 29.98%)
[8.89532732963562, 5.548766374588013, 5.154419898986816, 5.373190402984619, 5.359941005706787, 5.185529708862305, 5.356553554534912, 5.074270248413086]
Fold 8
[PerplexityIS] Fitting LDA with 10 topics on 9596 instances …
[PerplexityIS] Perplexity stats — min: 1.9858, median: 3.6064, max: 6.7913
[PerplexityIS] Redundancy threshold (p40): 3.4539 → 3838 candidates
[PerplexityIS] Redundant instances: 3838, removing 2302 with beta=0.6
[PerplexityIS] Noise threshold (p70): 3.9007 → 2879 candidates
[PerplexityIS] Noise instances: 2879, removing 575 with theta=0.2
[PerplexityIS] Removed 2302 redundant + 575 noisy = 2877 total instances
[PerplexityIS] Kept 6719 / 9596 (reduction = 29.98%)
[8.89532732963562, 5.548766374588013, 5.154419898986816, 5.373190402984619, 5.359941005706787, 5.185529708862305, 5.356553554534912, 5.074270248413086, 5.102009296417236]
Fold 9
[PerplexityIS] Fitting LDA with 10 topics on 9596 instances …
[PerplexityIS] Perplexity stats — min: 1.9239, median: 3.5507, max: 6.0338
[PerplexityIS] Redundancy threshold (p40): 3.3861 → 3838 candidates
[PerplexityIS] Redundant instances: 3838, removing 2302 with beta=0.6
[PerplexityIS] Noise threshold (p70): 3.8439 → 2879 candidates
[PerplexityIS] Noise instances: 2879, removing 575 with theta=0.2
[PerplexityIS] Removed 2302 redundant + 575 noisy = 2877 total instances
[PerplexityIS] Kept 6719 / 9596 (reduction = 29.98%)
[8.89532732963562, 5.548766374588013, 5.154419898986816, 5.373190402984619, 5.359941005706787, 5.185529708862305, 5.356553554534912, 5.074270248413086, 5.102009296417236, 4.883872747421265]
END
  Method: autoencoder-is
Namespace(dataset='pang_movie', method='autoencoder-is', folds=10, save=True, inputrep='tfidf', out='/app/unsupervised-is/resources/outsel', datain='/app/unsupervised-is/resources/datasets', overwrite=1, inputdir='/app/unsupervised-is/resources/datasets/pang_movie/tfidf/', splitdir='/app/unsupervised-is/resources/datasets/pang_movie/splits/', outputdir='/app/unsupervised-is/resources/outsel/selection/pang_movie/', filename='/app/unsupervised-is/resources/outsel/selection/pang_movie//saida_autoencoder-is', start_time='05-06-2026 04:05:51')
/app/unsupervised-is/resources/datasets/pang_movie/splits//split_10.pkl
Fold 0
[AE-IS] Using GPU: NVIDIA A100-SXM4-80GB
[AE-IS] Architecture: 17290 → 20 → 10 → 20 → 17290
[AE-IS] Training autoencoder on 9594 instances (17290 features) for up to 20 epochs …
  Epoch   1/20 — loss: 1.102501 (best: 1.102501)
  Epoch  10/20 — loss: 1.003253 (best: 1.003253)
  Epoch  20/20 — loss: 1.000166 (best: 1.000166)
[AE-IS] Training finished — best loss: 1.000166
[AE-IS] Reconstruction error stats — min: 0.038408, median: 0.830720, max: 10.225955
[AE-IS] Redundant instances: 3838, removing 2302 with beta=0.6
[AE-IS] Noise instances: 2878, removing 575 with theta=0.2
[AE-IS] Removed 2302 redundant + 575 noisy = 2877 total instances
[AE-IS] Kept 6717 / 9594 (reduction = 29.99%)
[16.190275192260742]
Fold 1
[AE-IS] Using GPU: NVIDIA A100-SXM4-80GB
[AE-IS] Architecture: 17312 → 20 → 10 → 20 → 17312
[AE-IS] Training autoencoder on 9596 instances (17312 features) for up to 20 epochs …
  Epoch   1/20 — loss: 1.104478 (best: 1.104478)
  Epoch  10/20 — loss: 1.003110 (best: 1.003110)
  Epoch  20/20 — loss: 0.999992 (best: 0.999992)
[AE-IS] Training finished — best loss: 0.999992
[AE-IS] Reconstruction error stats — min: 0.033524, median: 0.830158, max: 10.292897
[AE-IS] Redundant instances: 3838, removing 2302 with beta=0.6
[AE-IS] Noise instances: 2879, removing 575 with theta=0.2
[AE-IS] Removed 2302 redundant + 575 noisy = 2877 total instances
[AE-IS] Kept 6719 / 9596 (reduction = 29.98%)
[16.190275192260742, 11.211943626403809]
Fold 2
[AE-IS] Using GPU: NVIDIA A100-SXM4-80GB
[AE-IS] Architecture: 17253 → 20 → 10 → 20 → 17253
[AE-IS] Training autoencoder on 9596 instances (17253 features) for up to 20 epochs …
  Epoch   1/20 — loss: 1.103609 (best: 1.103609)
  Epoch  10/20 — loss: 1.003092 (best: 1.003092)
  Epoch  20/20 — loss: 0.999899 (best: 0.999899)
[AE-IS] Training finished — best loss: 0.999899
[AE-IS] Reconstruction error stats — min: 0.033172, median: 0.834435, max: 10.141762
[AE-IS] Redundant instances: 3838, removing 2302 with beta=0.6
[AE-IS] Noise instances: 2879, removing 575 with theta=0.2
[AE-IS] Removed 2302 redundant + 575 noisy = 2877 total instances
[AE-IS] Kept 6719 / 9596 (reduction = 29.98%)
[16.190275192260742, 11.211943626403809, 9.841981649398804]
Fold 3
[AE-IS] Using GPU: NVIDIA A100-SXM4-80GB
[AE-IS] Architecture: 17372 → 20 → 10 → 20 → 17372
[AE-IS] Training autoencoder on 9596 instances (17372 features) for up to 20 epochs …
  Epoch   1/20 — loss: 1.104565 (best: 1.104565)
  Epoch  10/20 — loss: 1.003137 (best: 1.003137)
  Epoch  20/20 — loss: 1.000100 (best: 1.000100)
[AE-IS] Training finished — best loss: 1.000100
[AE-IS] Reconstruction error stats — min: 0.033611, median: 0.831479, max: 10.079909
[AE-IS] Redundant instances: 3838, removing 2302 with beta=0.6
[AE-IS] Noise instances: 2879, removing 575 with theta=0.2
[AE-IS] Removed 2302 redundant + 575 noisy = 2877 total instances
[AE-IS] Kept 6719 / 9596 (reduction = 29.98%)
[16.190275192260742, 11.211943626403809, 9.841981649398804, 12.52988314628601]
Fold 4
[AE-IS] Using GPU: NVIDIA A100-SXM4-80GB
[AE-IS] Architecture: 17320 → 20 → 10 → 20 → 17320
[AE-IS] Training autoencoder on 9596 instances (17320 features) for up to 20 epochs …
  Epoch   1/20 — loss: 1.102002 (best: 1.102002)
  Epoch  10/20 — loss: 1.003210 (best: 1.003210)
  Epoch  20/20 — loss: 1.000318 (best: 1.000318)
[AE-IS] Training finished — best loss: 1.000318
[AE-IS] Reconstruction error stats — min: 0.034210, median: 0.829883, max: 10.071690
[AE-IS] Redundant instances: 3838, removing 2302 with beta=0.6
[AE-IS] Noise instances: 2879, removing 575 with theta=0.2
[AE-IS] Removed 2302 redundant + 575 noisy = 2877 total instances
[AE-IS] Kept 6719 / 9596 (reduction = 29.98%)
[16.190275192260742, 11.211943626403809, 9.841981649398804, 12.52988314628601, 10.005090475082397]
Fold 5
[AE-IS] Using GPU: NVIDIA A100-SXM4-80GB
[AE-IS] Architecture: 17331 → 20 → 10 → 20 → 17331
[AE-IS] Training autoencoder on 9596 instances (17331 features) for up to 20 epochs …
  Epoch   1/20 — loss: 1.100689 (best: 1.100689)
  Epoch  10/20 — loss: 1.003158 (best: 1.003158)
  Epoch  20/20 — loss: 0.999983 (best: 0.999983)
[AE-IS] Training finished — best loss: 0.999983
[AE-IS] Reconstruction error stats — min: 0.034947, median: 0.830351, max: 10.795532
[AE-IS] Redundant instances: 3838, removing 2302 with beta=0.6
[AE-IS] Noise instances: 2879, removing 575 with theta=0.2
[AE-IS] Removed 2302 redundant + 575 noisy = 2877 total instances
[AE-IS] Kept 6719 / 9596 (reduction = 29.98%)
[16.190275192260742, 11.211943626403809, 9.841981649398804, 12.52988314628601, 10.005090475082397, 10.641834020614624]
Fold 6
[AE-IS] Using GPU: NVIDIA A100-SXM4-80GB
[AE-IS] Architecture: 17297 → 20 → 10 → 20 → 17297
[AE-IS] Training autoencoder on 9596 instances (17297 features) for up to 20 epochs …
  Epoch   1/20 — loss: 1.103096 (best: 1.103096)
  Epoch  10/20 — loss: 1.003157 (best: 1.003157)
  Epoch  20/20 — loss: 1.000142 (best: 1.000142)
[AE-IS] Training finished — best loss: 1.000142
[AE-IS] Reconstruction error stats — min: 0.033304, median: 0.828746, max: 9.867487
[AE-IS] Redundant instances: 3838, removing 2302 with beta=0.6
[AE-IS] Noise instances: 2879, removing 575 with theta=0.2
[AE-IS] Removed 2302 redundant + 575 noisy = 2877 total instances
[AE-IS] Kept 6719 / 9596 (reduction = 29.98%)
[16.190275192260742, 11.211943626403809, 9.841981649398804, 12.52988314628601, 10.005090475082397, 10.641834020614624, 10.209838390350342]
Fold 7
[AE-IS] Using GPU: NVIDIA A100-SXM4-80GB
[AE-IS] Architecture: 17381 → 20 → 10 → 20 → 17381
[AE-IS] Training autoencoder on 9596 instances (17381 features) for up to 20 epochs …
  Epoch   1/20 — loss: 1.105167 (best: 1.105167)
  Epoch  10/20 — loss: 1.003400 (best: 1.003400)
  Epoch  20/20 — loss: 1.000254 (best: 1.000254)
[AE-IS] Training finished — best loss: 1.000254
[AE-IS] Reconstruction error stats — min: 0.033721, median: 0.836022, max: 10.678371
[AE-IS] Redundant instances: 3838, removing 2302 with beta=0.6
[AE-IS] Noise instances: 2879, removing 575 with theta=0.2
[AE-IS] Removed 2302 redundant + 575 noisy = 2877 total instances
[AE-IS] Kept 6719 / 9596 (reduction = 29.98%)
[16.190275192260742, 11.211943626403809, 9.841981649398804, 12.52988314628601, 10.005090475082397, 10.641834020614624, 10.209838390350342, 12.659544706344604]
Fold 8
[AE-IS] Using GPU: NVIDIA A100-SXM4-80GB
[AE-IS] Architecture: 17260 → 20 → 10 → 20 → 17260
[AE-IS] Training autoencoder on 9596 instances (17260 features) for up to 20 epochs …
  Epoch   1/20 — loss: 1.108114 (best: 1.108114)
  Epoch  10/20 — loss: 1.003151 (best: 1.003151)
  Epoch  20/20 — loss: 1.000052 (best: 1.000052)
[AE-IS] Training finished — best loss: 1.000052
[AE-IS] Reconstruction error stats — min: 0.033053, median: 0.832473, max: 9.290889
[AE-IS] Redundant instances: 3838, removing 2302 with beta=0.6
[AE-IS] Noise instances: 2879, removing 575 with theta=0.2
[AE-IS] Removed 2302 redundant + 575 noisy = 2877 total instances
[AE-IS] Kept 6719 / 9596 (reduction = 29.98%)
[16.190275192260742, 11.211943626403809, 9.841981649398804, 12.52988314628601, 10.005090475082397, 10.641834020614624, 10.209838390350342, 12.659544706344604, 10.156513452529907]
Fold 9
[AE-IS] Using GPU: NVIDIA A100-SXM4-80GB
[AE-IS] Architecture: 17354 → 20 → 10 → 20 → 17354
[AE-IS] Training autoencoder on 9596 instances (17354 features) for up to 20 epochs …
  Epoch   1/20 — loss: 1.104920 (best: 1.104920)
  Epoch  10/20 — loss: 1.003100 (best: 1.003100)
  Epoch  20/20 — loss: 1.000291 (best: 1.000291)
[AE-IS] Training finished — best loss: 1.000291
[AE-IS] Reconstruction error stats — min: 0.033677, median: 0.826981, max: 10.002015
[AE-IS] Redundant instances: 3838, removing 2302 with beta=0.6
[AE-IS] Noise instances: 2879, removing 575 with theta=0.2
[AE-IS] Removed 2302 redundant + 575 noisy = 2877 total instances
[AE-IS] Kept 6719 / 9596 (reduction = 29.98%)
[16.190275192260742, 11.211943626403809, 9.841981649398804, 12.52988314628601, 10.005090475082397, 10.641834020614624, 10.209838390350342, 12.659544706344604, 10.156513452529907, 11.399672269821167]
END
  Method: gmm-is
Namespace(dataset='pang_movie', method='gmm-is', folds=10, save=True, inputrep='tfidf', out='/app/unsupervised-is/resources/outsel', datain='/app/unsupervised-is/resources/datasets', overwrite=1, inputdir='/app/unsupervised-is/resources/datasets/pang_movie/tfidf/', splitdir='/app/unsupervised-is/resources/datasets/pang_movie/splits/', outputdir='/app/unsupervised-is/resources/outsel/selection/pang_movie/', filename='/app/unsupervised-is/resources/outsel/selection/pang_movie//saida_gmm-is', start_time='05-06-2026 04:07:51')
/app/unsupervised-is/resources/datasets/pang_movie/splits//split_10.pkl
Fold 0
[GMM] Redundant instances: 3838, removing 2302 with beta=0.6
[GMM] Noise instances: 2878, removing 575 with theta=0.2
[GMM] Removed 2302 redundant + 575 noisy = 2877 total instances
[GMM] Kept 6717 / 9594 (reduction = 29.99%)
[13.729541063308716]
Fold 1
[GMM] Redundant instances: 3838, removing 2302 with beta=0.6
[GMM] Noise instances: 2879, removing 575 with theta=0.2
[GMM] Removed 2302 redundant + 575 noisy = 2877 total instances
[GMM] Kept 6719 / 9596 (reduction = 29.98%)
[13.729541063308716, 22.903153896331787]
Fold 2
[GMM] Redundant instances: 3838, removing 2302 with beta=0.6
[GMM] Noise instances: 2879, removing 575 with theta=0.2
[GMM] Removed 2302 redundant + 575 noisy = 2877 total instances
[GMM] Kept 6719 / 9596 (reduction = 29.98%)
[13.729541063308716, 22.903153896331787, 33.33192300796509]
Fold 3
[GMM] Redundant instances: 3838, removing 2302 with beta=0.6
[GMM] Noise instances: 2879, removing 575 with theta=0.2
[GMM] Removed 2302 redundant + 575 noisy = 2877 total instances
[GMM] Kept 6719 / 9596 (reduction = 29.98%)
[13.729541063308716, 22.903153896331787, 33.33192300796509, 47.337045669555664]
Fold 4
[GMM] Redundant instances: 3838, removing 2302 with beta=0.6
[GMM] Noise instances: 2879, removing 575 with theta=0.2
[GMM] Removed 2302 redundant + 575 noisy = 2877 total instances
[GMM] Kept 6719 / 9596 (reduction = 29.98%)
[13.729541063308716, 22.903153896331787, 33.33192300796509, 47.337045669555664, 47.90693211555481]
Fold 5
[GMM] Redundant instances: 3838, removing 2302 with beta=0.6
[GMM] Noise instances: 2879, removing 575 with theta=0.2
[GMM] Removed 2302 redundant + 575 noisy = 2877 total instances
[GMM] Kept 6719 / 9596 (reduction = 29.98%)
[13.729541063308716, 22.903153896331787, 33.33192300796509, 47.337045669555664, 47.90693211555481, 43.85711336135864]
Fold 6
[GMM] Redundant instances: 3838, removing 2302 with beta=0.6
[GMM] Noise instances: 2879, removing 575 with theta=0.2
[GMM] Removed 2302 redundant + 575 noisy = 2877 total instances
[GMM] Kept 6719 / 9596 (reduction = 29.98%)
[13.729541063308716, 22.903153896331787, 33.33192300796509, 47.337045669555664, 47.90693211555481, 43.85711336135864, 46.038185119628906]
Fold 7
[GMM] Redundant instances: 3838, removing 2302 with beta=0.6
[GMM] Noise instances: 2879, removing 575 with theta=0.2
[GMM] Removed 2302 redundant + 575 noisy = 2877 total instances
[GMM] Kept 6719 / 9596 (reduction = 29.98%)
[13.729541063308716, 22.903153896331787, 33.33192300796509, 47.337045669555664, 47.90693211555481, 43.85711336135864, 46.038185119628906, 37.24341869354248]
Fold 8
[GMM] Redundant instances: 3838, removing 2302 with beta=0.6
[GMM] Noise instances: 2879, removing 575 with theta=0.2
[GMM] Removed 2302 redundant + 575 noisy = 2877 total instances
[GMM] Kept 6719 / 9596 (reduction = 29.98%)
[13.729541063308716, 22.903153896331787, 33.33192300796509, 47.337045669555664, 47.90693211555481, 43.85711336135864, 46.038185119628906, 37.24341869354248, 40.143397092819214]
Fold 9
[GMM] Redundant instances: 3838, removing 2302 with beta=0.6
[GMM] Noise instances: 2879, removing 575 with theta=0.2
[GMM] Removed 2302 redundant + 575 noisy = 2877 total instances
[GMM] Kept 6719 / 9596 (reduction = 29.98%)
[13.729541063308716, 22.903153896331787, 33.33192300796509, 47.337045669555664, 47.90693211555481, 43.85711336135864, 46.038185119628906, 37.24341869354248, 40.143397092819214, 28.423949480056763]
END
  Method: adaptive-perplexity
Namespace(dataset='pang_movie', method='adaptive-perplexity', folds=10, save=True, inputrep='tfidf', out='/app/unsupervised-is/resources/outsel', datain='/app/unsupervised-is/resources/datasets', overwrite=1, inputdir='/app/unsupervised-is/resources/datasets/pang_movie/tfidf/', splitdir='/app/unsupervised-is/resources/datasets/pang_movie/splits/', outputdir='/app/unsupervised-is/resources/outsel/selection/pang_movie/', filename='/app/unsupervised-is/resources/outsel/selection/pang_movie//saida_adaptive-perplexity', start_time='05-06-2026 04:13:57')
/app/unsupervised-is/resources/datasets/pang_movie/splits//split_10.pkl
Fold 0
[Adaptive-IS] Step 1 — computing scores via 'perplexity' …
[PerplexityIS] Fitting LDA with 10 topics on 9594 instances …
[PerplexityIS] Perplexity stats — min: 1.9890, median: 3.5029, max: 6.3965
[PerplexityIS] Redundancy threshold (p0.0): 1.9890 → 0 candidates
[PerplexityIS] Noise threshold (p100.0): 6.3965 → 0 candidates
[PerplexityIS] Removed 0 redundant + 0 noisy = 0 total instances
[PerplexityIS] Kept 9594 / 9594 (reduction = 0.00%)
[Adaptive-IS] Score stats — min: 1.9890, median: 3.5029, max: 6.3965
[Adaptive-IS] Step 2 — estimating thresholds via 'gmm_boundary' …
[Adaptive-IS] Estimated params — low_percentile=33.8, high_percentile=88.0, beta=0.366, theta=0.282, imbalance_proxy=0.194
[Adaptive-IS] GMM component means: [2.607436570414593, 3.543973986692525, 4.19271593803755]
[Adaptive-IS] Step 3 — applying selection …
[Adaptive-IS] Redundant candidates: 3238, removing 1186 (beta=0.366)
[Adaptive-IS] Noise candidates: 1155, removing 326 (theta=0.282)
[Adaptive-IS] Removed 1512 instances — kept 8082 / 9594 (reduction = 15.76%)
[8.494694709777832]
Fold 1
[Adaptive-IS] Step 1 — computing scores via 'perplexity' …
[PerplexityIS] Fitting LDA with 10 topics on 9596 instances …
[PerplexityIS] Perplexity stats — min: 1.9635, median: 3.5357, max: 6.2050
[PerplexityIS] Redundancy threshold (p0.0): 1.9635 → 0 candidates
[PerplexityIS] Noise threshold (p100.0): 6.2050 → 0 candidates
[PerplexityIS] Removed 0 redundant + 0 noisy = 0 total instances
[PerplexityIS] Kept 9596 / 9596 (reduction = 0.00%)
[Adaptive-IS] Score stats — min: 1.9635, median: 3.5357, max: 6.2050
[Adaptive-IS] Step 2 — estimating thresholds via 'gmm_boundary' …
[Adaptive-IS] Estimated params — low_percentile=35.0, high_percentile=87.9, beta=0.360, theta=0.282, imbalance_proxy=0.194
[Adaptive-IS] GMM component means: [2.633076728505506, 3.5719266482083727, 4.21747898658546]
[Adaptive-IS] Step 3 — applying selection …
[Adaptive-IS] Redundant candidates: 3361, removing 1211 (beta=0.360)
[Adaptive-IS] Noise candidates: 1162, removing 327 (theta=0.282)
[Adaptive-IS] Removed 1538 instances — kept 8058 / 9596 (reduction = 16.03%)
[8.494694709777832, 5.4570300579071045]
Fold 2
[Adaptive-IS] Step 1 — computing scores via 'perplexity' …
[PerplexityIS] Fitting LDA with 10 topics on 9596 instances …
[PerplexityIS] Perplexity stats — min: 1.9731, median: 3.5282, max: 6.3410
[PerplexityIS] Redundancy threshold (p0.0): 1.9731 → 0 candidates
[PerplexityIS] Noise threshold (p100.0): 6.3410 → 0 candidates
[PerplexityIS] Removed 0 redundant + 0 noisy = 0 total instances
[PerplexityIS] Kept 9596 / 9596 (reduction = 0.00%)
[Adaptive-IS] Score stats — min: 1.9731, median: 3.5282, max: 6.3410
[Adaptive-IS] Step 2 — estimating thresholds via 'gmm_boundary' …
[Adaptive-IS] Estimated params — low_percentile=38.0, high_percentile=88.3, beta=0.375, theta=0.272, imbalance_proxy=0.193
[Adaptive-IS] GMM component means: [2.6601301190591924, 3.570033757602609, 4.201920083323275]
[Adaptive-IS] Step 3 — applying selection …
[Adaptive-IS] Redundant candidates: 3651, removing 1370 (beta=0.375)
[Adaptive-IS] Noise candidates: 1120, removing 304 (theta=0.272)
[Adaptive-IS] Removed 1674 instances — kept 7922 / 9596 (reduction = 17.44%)
[8.494694709777832, 5.4570300579071045, 5.558865547180176]
Fold 3
[Adaptive-IS] Step 1 — computing scores via 'perplexity' …
[PerplexityIS] Fitting LDA with 10 topics on 9596 instances …
[PerplexityIS] Perplexity stats — min: 1.9632, median: 3.5752, max: 6.5103
[PerplexityIS] Redundancy threshold (p0.0): 1.9632 → 0 candidates
[PerplexityIS] Noise threshold (p100.0): 6.5103 → 0 candidates
[PerplexityIS] Removed 0 redundant + 0 noisy = 0 total instances
[PerplexityIS] Kept 9596 / 9596 (reduction = 0.00%)
[Adaptive-IS] Score stats — min: 1.9632, median: 3.5752, max: 6.5103
[Adaptive-IS] Step 2 — estimating thresholds via 'gmm_boundary' …
[Adaptive-IS] Estimated params — low_percentile=35.1, high_percentile=87.0, beta=0.348, theta=0.286, imbalance_proxy=0.196
[Adaptive-IS] GMM component means: [2.649261955439389, 3.5993844539162754, 4.280166660613901]
[Adaptive-IS] Step 3 — applying selection …
[Adaptive-IS] Redundant candidates: 3364, removing 1172 (beta=0.348)
[Adaptive-IS] Noise candidates: 1251, removing 357 (theta=0.286)
[Adaptive-IS] Removed 1529 instances — kept 8067 / 9596 (reduction = 15.93%)
[8.494694709777832, 5.4570300579071045, 5.558865547180176, 5.60657000541687]
Fold 4
[Adaptive-IS] Step 1 — computing scores via 'perplexity' …
[PerplexityIS] Fitting LDA with 10 topics on 9596 instances …
[PerplexityIS] Perplexity stats — min: 1.9594, median: 3.5259, max: 6.4761
[PerplexityIS] Redundancy threshold (p0.0): 1.9594 → 0 candidates
[PerplexityIS] Noise threshold (p100.0): 6.4761 → 0 candidates
[PerplexityIS] Removed 0 redundant + 0 noisy = 0 total instances
[PerplexityIS] Kept 9596 / 9596 (reduction = 0.00%)
[Adaptive-IS] Score stats — min: 1.9594, median: 3.5259, max: 6.4761
[Adaptive-IS] Step 2 — estimating thresholds via 'gmm_boundary' …
[Adaptive-IS] Estimated params — low_percentile=34.5, high_percentile=88.0, beta=0.349, theta=0.291, imbalance_proxy=0.194
[Adaptive-IS] GMM component means: [2.621461027967218, 3.5572500781837495, 4.189037708057149]
[Adaptive-IS] Step 3 — applying selection …
[Adaptive-IS] Redundant candidates: 3307, removing 1154 (beta=0.349)
[Adaptive-IS] Noise candidates: 1156, removing 336 (theta=0.291)
[Adaptive-IS] Removed 1490 instances — kept 8106 / 9596 (reduction = 15.53%)
[8.494694709777832, 5.4570300579071045, 5.558865547180176, 5.60657000541687, 5.5888001918792725]
Fold 5
[Adaptive-IS] Step 1 — computing scores via 'perplexity' …
[PerplexityIS] Fitting LDA with 10 topics on 9596 instances …
[PerplexityIS] Perplexity stats — min: 1.9913, median: 3.5367, max: 6.6246
[PerplexityIS] Redundancy threshold (p0.0): 1.9913 → 0 candidates
[PerplexityIS] Noise threshold (p100.0): 6.6246 → 0 candidates
[PerplexityIS] Removed 0 redundant + 0 noisy = 0 total instances
[PerplexityIS] Kept 9596 / 9596 (reduction = 0.00%)
[Adaptive-IS] Score stats — min: 1.9913, median: 3.5367, max: 6.6246
[Adaptive-IS] Step 2 — estimating thresholds via 'gmm_boundary' …
[Adaptive-IS] Estimated params — low_percentile=36.4, high_percentile=87.7, beta=0.368, theta=0.269, imbalance_proxy=0.194
[Adaptive-IS] GMM component means: [2.6520080429665267, 3.579241603218812, 4.252106490715358]
[Adaptive-IS] Step 3 — applying selection …
[Adaptive-IS] Redundant candidates: 3489, removing 1285 (beta=0.368)
[Adaptive-IS] Noise candidates: 1177, removing 316 (theta=0.269)
[Adaptive-IS] Removed 1601 instances — kept 7995 / 9596 (reduction = 16.68%)
[8.494694709777832, 5.4570300579071045, 5.558865547180176, 5.60657000541687, 5.5888001918792725, 5.448027610778809]
Fold 6
[Adaptive-IS] Step 1 — computing scores via 'perplexity' …
[PerplexityIS] Fitting LDA with 10 topics on 9596 instances …
[PerplexityIS] Perplexity stats — min: 1.9640, median: 3.5152, max: 6.0919
[PerplexityIS] Redundancy threshold (p0.0): 1.9640 → 0 candidates
[PerplexityIS] Noise threshold (p100.0): 6.0919 → 0 candidates
[PerplexityIS] Removed 0 redundant + 0 noisy = 0 total instances
[PerplexityIS] Kept 9596 / 9596 (reduction = 0.00%)
[Adaptive-IS] Score stats — min: 1.9640, median: 3.5152, max: 6.0919
[Adaptive-IS] Step 2 — estimating thresholds via 'gmm_boundary' …
[Adaptive-IS] Estimated params — low_percentile=32.8, high_percentile=85.5, beta=0.417, theta=0.290, imbalance_proxy=0.203
[Adaptive-IS] GMM component means: [2.576431477757913, 3.56886731961312, 4.315912053467846]
[Adaptive-IS] Step 3 — applying selection …
[Adaptive-IS] Redundant candidates: 3149, removing 1312 (beta=0.417)
[Adaptive-IS] Noise candidates: 1388, removing 402 (theta=0.290)
[Adaptive-IS] Removed 1714 instances — kept 7882 / 9596 (reduction = 17.86%)
[8.494694709777832, 5.4570300579071045, 5.558865547180176, 5.60657000541687, 5.5888001918792725, 5.448027610778809, 5.8893749713897705]
Fold 7
[Adaptive-IS] Step 1 — computing scores via 'perplexity' …
[PerplexityIS] Fitting LDA with 10 topics on 9596 instances …
[PerplexityIS] Perplexity stats — min: 1.9813, median: 3.5644, max: 6.1351
[PerplexityIS] Redundancy threshold (p0.0): 1.9813 → 0 candidates
[PerplexityIS] Noise threshold (p100.0): 6.1351 → 0 candidates
[PerplexityIS] Removed 0 redundant + 0 noisy = 0 total instances
[PerplexityIS] Kept 9596 / 9596 (reduction = 0.00%)
[Adaptive-IS] Score stats — min: 1.9813, median: 3.5644, max: 6.1351
[Adaptive-IS] Step 2 — estimating thresholds via 'gmm_boundary' …
[Adaptive-IS] Estimated params — low_percentile=38.9, high_percentile=88.2, beta=0.370, theta=0.244, imbalance_proxy=0.193
[Adaptive-IS] GMM component means: [2.6897926534870384, 3.611230446320551, 4.291348360413989]
[Adaptive-IS] Step 3 — applying selection …
[Adaptive-IS] Redundant candidates: 3737, removing 1382 (beta=0.370)
[Adaptive-IS] Noise candidates: 1129, removing 275 (theta=0.244)
[Adaptive-IS] Removed 1657 instances — kept 7939 / 9596 (reduction = 17.27%)
[8.494694709777832, 5.4570300579071045, 5.558865547180176, 5.60657000541687, 5.5888001918792725, 5.448027610778809, 5.8893749713897705, 5.5198211669921875]
Fold 8
[Adaptive-IS] Step 1 — computing scores via 'perplexity' …
[PerplexityIS] Fitting LDA with 10 topics on 9596 instances …
[PerplexityIS] Perplexity stats — min: 1.9858, median: 3.6064, max: 6.7913
[PerplexityIS] Redundancy threshold (p0.0): 1.9858 → 0 candidates
[PerplexityIS] Noise threshold (p100.0): 6.7913 → 0 candidates
[PerplexityIS] Removed 0 redundant + 0 noisy = 0 total instances
[PerplexityIS] Kept 9596 / 9596 (reduction = 0.00%)
[Adaptive-IS] Score stats — min: 1.9858, median: 3.6064, max: 6.7913
[Adaptive-IS] Step 2 — estimating thresholds via 'gmm_boundary' …
[Adaptive-IS] Estimated params — low_percentile=36.9, high_percentile=87.0, beta=0.358, theta=0.289, imbalance_proxy=0.196
[Adaptive-IS] GMM component means: [2.699123187276242, 3.6341685388675242, 4.3012815269054965]
[Adaptive-IS] Step 3 — applying selection …
[Adaptive-IS] Redundant candidates: 3544, removing 1269 (beta=0.358)
[Adaptive-IS] Noise candidates: 1246, removing 360 (theta=0.289)
[Adaptive-IS] Removed 1629 instances — kept 7967 / 9596 (reduction = 16.98%)
[8.494694709777832, 5.4570300579071045, 5.558865547180176, 5.60657000541687, 5.5888001918792725, 5.448027610778809, 5.8893749713897705, 5.5198211669921875, 5.5097808837890625]
Fold 9
[Adaptive-IS] Step 1 — computing scores via 'perplexity' …
[PerplexityIS] Fitting LDA with 10 topics on 9596 instances …
[PerplexityIS] Perplexity stats — min: 1.9239, median: 3.5507, max: 6.0338
[PerplexityIS] Redundancy threshold (p0.0): 1.9239 → 0 candidates
[PerplexityIS] Noise threshold (p100.0): 6.0338 → 0 candidates
[PerplexityIS] Removed 0 redundant + 0 noisy = 0 total instances
[PerplexityIS] Kept 9596 / 9596 (reduction = 0.00%)
[Adaptive-IS] Score stats — min: 1.9239, median: 3.5507, max: 6.0338
[Adaptive-IS] Step 2 — estimating thresholds via 'gmm_boundary' …
[Adaptive-IS] Estimated params — low_percentile=36.0, high_percentile=87.3, beta=0.371, theta=0.275, imbalance_proxy=0.196
[Adaptive-IS] GMM component means: [2.646053663569566, 3.588609464076497, 4.267869778923776]
[Adaptive-IS] Step 3 — applying selection …
[Adaptive-IS] Redundant candidates: 3450, removing 1281 (beta=0.371)
[Adaptive-IS] Noise candidates: 1217, removing 334 (theta=0.275)
[Adaptive-IS] Removed 1615 instances — kept 7981 / 9596 (reduction = 16.83%)
[8.494694709777832, 5.4570300579071045, 5.558865547180176, 5.60657000541687, 5.5888001918792725, 5.448027610778809, 5.8893749713897705, 5.5198211669921875, 5.5097808837890625, 5.378123760223389]
END
  Method: adaptive-v2-perplexity
Namespace(dataset='pang_movie', method='adaptive-v2-perplexity', folds=10, save=True, inputrep='tfidf', out='/app/unsupervised-is/resources/outsel', datain='/app/unsupervised-is/resources/datasets', overwrite=1, inputdir='/app/unsupervised-is/resources/datasets/pang_movie/tfidf/', splitdir='/app/unsupervised-is/resources/datasets/pang_movie/splits/', outputdir='/app/unsupervised-is/resources/outsel/selection/pang_movie/', filename='/app/unsupervised-is/resources/outsel/selection/pang_movie//saida_adaptive-v2-perplexity', start_time='05-06-2026 04:15:01')
/app/unsupervised-is/resources/datasets/pang_movie/splits//split_10.pkl
Fold 0
[AdaptiveV2-IS] Step 1 — scoring via 'perplexity' …
[PerplexityIS] Fitting LDA with 10 topics on 9594 instances …
[PerplexityIS] Perplexity stats — min: 1.9890, median: 3.5029, max: 6.3965
[PerplexityIS] Redundancy threshold (p0.0): 1.9890 → 0 candidates
[PerplexityIS] Noise threshold (p100.0): 6.3965 → 0 candidates
[PerplexityIS] Removed 0 redundant + 0 noisy = 0 total instances
[PerplexityIS] Kept 9594 / 9594 (reduction = 0.00%)
[AdaptiveV2-IS] Score stats — min: 1.9890, p25: 3.0191, median: 3.5029, p75: 3.8929, max: 6.3965
[AdaptiveV2-IS] Step 2 — estimating params via quartile density …
[AdaptiveV2-IS] Quartile widths: Q1_frac=0.234, Q2_frac=0.110, total_range=4.4075
[AdaptiveV2-IS] Params: beta_q1=0.700, beta_q2=0.600, theta=0.242, imbalance_proxy=0.194
[AdaptiveV2-IS] Step 3 — applying quartile selection …
[AdaptiveV2-IS] Q1 (2399 instances): removing 1679 (beta_q1=0.700, uniform)
[AdaptiveV2-IS] Q2 (2398 instances): removing 1438 (beta_q2=0.600, uniform)
[AdaptiveV2-IS] Q4 (2399 instances): removing 579 (theta=0.242, weighted)
[AdaptiveV2-IS] Done — removed 3696 / 9594 (reduction = 38.52%)
[8.427806854248047]
Fold 1
[AdaptiveV2-IS] Step 1 — scoring via 'perplexity' …
[PerplexityIS] Fitting LDA with 10 topics on 9596 instances …
[PerplexityIS] Perplexity stats — min: 1.9635, median: 3.5357, max: 6.2050
[PerplexityIS] Redundancy threshold (p0.0): 1.9635 → 0 candidates
[PerplexityIS] Noise threshold (p100.0): 6.2050 → 0 candidates
[PerplexityIS] Removed 0 redundant + 0 noisy = 0 total instances
[PerplexityIS] Kept 9596 / 9596 (reduction = 0.00%)
[AdaptiveV2-IS] Score stats — min: 1.9635, p25: 3.0641, median: 3.5357, p75: 3.9134, max: 6.2050
[AdaptiveV2-IS] Step 2 — estimating params via quartile density …
[AdaptiveV2-IS] Quartile widths: Q1_frac=0.259, Q2_frac=0.111, total_range=4.2414
[AdaptiveV2-IS] Params: beta_q1=0.700, beta_q2=0.600, theta=0.242, imbalance_proxy=0.194
[AdaptiveV2-IS] Step 3 — applying quartile selection …
[AdaptiveV2-IS] Q1 (2399 instances): removing 1679 (beta_q1=0.700, uniform)
[AdaptiveV2-IS] Q2 (2399 instances): removing 1439 (beta_q2=0.600, uniform)
[AdaptiveV2-IS] Q4 (2399 instances): removing 579 (theta=0.242, weighted)
[AdaptiveV2-IS] Done — removed 3697 / 9596 (reduction = 38.53%)
[8.427806854248047, 5.571899890899658]
Fold 2
[AdaptiveV2-IS] Step 1 — scoring via 'perplexity' …
[PerplexityIS] Fitting LDA with 10 topics on 9596 instances …
[PerplexityIS] Perplexity stats — min: 1.9731, median: 3.5282, max: 6.3410
[PerplexityIS] Redundancy threshold (p0.0): 1.9731 → 0 candidates
[PerplexityIS] Noise threshold (p100.0): 6.3410 → 0 candidates
[PerplexityIS] Removed 0 redundant + 0 noisy = 0 total instances
[PerplexityIS] Kept 9596 / 9596 (reduction = 0.00%)
[AdaptiveV2-IS] Score stats — min: 1.9731, p25: 3.0569, median: 3.5282, p75: 3.8976, max: 6.3410
[AdaptiveV2-IS] Step 2 — estimating params via quartile density …
[AdaptiveV2-IS] Quartile widths: Q1_frac=0.248, Q2_frac=0.108, total_range=4.3679
[AdaptiveV2-IS] Params: beta_q1=0.700, beta_q2=0.600, theta=0.242, imbalance_proxy=0.193
[AdaptiveV2-IS] Step 3 — applying quartile selection …
[AdaptiveV2-IS] Q1 (2399 instances): removing 1679 (beta_q1=0.700, uniform)
[AdaptiveV2-IS] Q2 (2399 instances): removing 1439 (beta_q2=0.600, uniform)
[AdaptiveV2-IS] Q4 (2399 instances): removing 581 (theta=0.242, weighted)
[AdaptiveV2-IS] Done — removed 3699 / 9596 (reduction = 38.55%)
[8.427806854248047, 5.571899890899658, 5.4993627071380615]
Fold 3
[AdaptiveV2-IS] Step 1 — scoring via 'perplexity' …
[PerplexityIS] Fitting LDA with 10 topics on 9596 instances …
[PerplexityIS] Perplexity stats — min: 1.9632, median: 3.5752, max: 6.5103
[PerplexityIS] Redundancy threshold (p0.0): 1.9632 → 0 candidates
[PerplexityIS] Noise threshold (p100.0): 6.5103 → 0 candidates
[PerplexityIS] Removed 0 redundant + 0 noisy = 0 total instances
[PerplexityIS] Kept 9596 / 9596 (reduction = 0.00%)
[AdaptiveV2-IS] Score stats — min: 1.9632, p25: 3.1137, median: 3.5752, p75: 3.9596, max: 6.5103
[AdaptiveV2-IS] Step 2 — estimating params via quartile density …
[AdaptiveV2-IS] Quartile widths: Q1_frac=0.253, Q2_frac=0.101, total_range=4.5471
[AdaptiveV2-IS] Params: beta_q1=0.700, beta_q2=0.600, theta=0.241, imbalance_proxy=0.196
[AdaptiveV2-IS] Step 3 — applying quartile selection …
[AdaptiveV2-IS] Q1 (2399 instances): removing 1679 (beta_q1=0.700, uniform)
[AdaptiveV2-IS] Q2 (2399 instances): removing 1439 (beta_q2=0.600, uniform)
[AdaptiveV2-IS] Q4 (2399 instances): removing 578 (theta=0.241, weighted)
[AdaptiveV2-IS] Done — removed 3696 / 9596 (reduction = 38.52%)
[8.427806854248047, 5.571899890899658, 5.4993627071380615, 5.4403159618377686]
Fold 4
[AdaptiveV2-IS] Step 1 — scoring via 'perplexity' …
[PerplexityIS] Fitting LDA with 10 topics on 9596 instances …
[PerplexityIS] Perplexity stats — min: 1.9594, median: 3.5259, max: 6.4761
[PerplexityIS] Redundancy threshold (p0.0): 1.9594 → 0 candidates
[PerplexityIS] Noise threshold (p100.0): 6.4761 → 0 candidates
[PerplexityIS] Removed 0 redundant + 0 noisy = 0 total instances
[PerplexityIS] Kept 9596 / 9596 (reduction = 0.00%)
[AdaptiveV2-IS] Score stats — min: 1.9594, p25: 3.0695, median: 3.5259, p75: 3.9094, max: 6.4761
[AdaptiveV2-IS] Step 2 — estimating params via quartile density …
[AdaptiveV2-IS] Quartile widths: Q1_frac=0.246, Q2_frac=0.101, total_range=4.5168
[AdaptiveV2-IS] Params: beta_q1=0.700, beta_q2=0.600, theta=0.242, imbalance_proxy=0.194
[AdaptiveV2-IS] Step 3 — applying quartile selection …
[AdaptiveV2-IS] Q1 (2399 instances): removing 1679 (beta_q1=0.700, uniform)
[AdaptiveV2-IS] Q2 (2399 instances): removing 1439 (beta_q2=0.600, uniform)
[AdaptiveV2-IS] Q4 (2399 instances): removing 580 (theta=0.242, weighted)
[AdaptiveV2-IS] Done — removed 3698 / 9596 (reduction = 38.54%)
[8.427806854248047, 5.571899890899658, 5.4993627071380615, 5.4403159618377686, 5.338459730148315]
Fold 5
[AdaptiveV2-IS] Step 1 — scoring via 'perplexity' …
[PerplexityIS] Fitting LDA with 10 topics on 9596 instances …
[PerplexityIS] Perplexity stats — min: 1.9913, median: 3.5367, max: 6.6246
[PerplexityIS] Redundancy threshold (p0.0): 1.9913 → 0 candidates
[PerplexityIS] Noise threshold (p100.0): 6.6246 → 0 candidates
[PerplexityIS] Removed 0 redundant + 0 noisy = 0 total instances
[PerplexityIS] Kept 9596 / 9596 (reduction = 0.00%)
[AdaptiveV2-IS] Score stats — min: 1.9913, p25: 3.0690, median: 3.5367, p75: 3.9135, max: 6.6246
[AdaptiveV2-IS] Step 2 — estimating params via quartile density …
[AdaptiveV2-IS] Quartile widths: Q1_frac=0.233, Q2_frac=0.101, total_range=4.6333
[AdaptiveV2-IS] Params: beta_q1=0.700, beta_q2=0.600, theta=0.242, imbalance_proxy=0.194
[AdaptiveV2-IS] Step 3 — applying quartile selection …
[AdaptiveV2-IS] Q1 (2399 instances): removing 1679 (beta_q1=0.700, uniform)
[AdaptiveV2-IS] Q2 (2399 instances): removing 1439 (beta_q2=0.600, uniform)
[AdaptiveV2-IS] Q4 (2399 instances): removing 580 (theta=0.242, weighted)
[AdaptiveV2-IS] Done — removed 3698 / 9596 (reduction = 38.54%)
[8.427806854248047, 5.571899890899658, 5.4993627071380615, 5.4403159618377686, 5.338459730148315, 5.395950078964233]
Fold 6
[AdaptiveV2-IS] Step 1 — scoring via 'perplexity' …
[PerplexityIS] Fitting LDA with 10 topics on 9596 instances …
[PerplexityIS] Perplexity stats — min: 1.9640, median: 3.5152, max: 6.0919
[PerplexityIS] Redundancy threshold (p0.0): 1.9640 → 0 candidates
[PerplexityIS] Noise threshold (p100.0): 6.0919 → 0 candidates
[PerplexityIS] Removed 0 redundant + 0 noisy = 0 total instances
[PerplexityIS] Kept 9596 / 9596 (reduction = 0.00%)
[AdaptiveV2-IS] Score stats — min: 1.9640, p25: 2.9234, median: 3.5152, p75: 3.9565, max: 6.0919
[AdaptiveV2-IS] Step 2 — estimating params via quartile density …
[AdaptiveV2-IS] Quartile widths: Q1_frac=0.232, Q2_frac=0.143, total_range=4.1279
[AdaptiveV2-IS] Params: beta_q1=0.700, beta_q2=0.600, theta=0.239, imbalance_proxy=0.203
[AdaptiveV2-IS] Step 3 — applying quartile selection …
[AdaptiveV2-IS] Q1 (2399 instances): removing 1679 (beta_q1=0.700, uniform)
[AdaptiveV2-IS] Q2 (2399 instances): removing 1439 (beta_q2=0.600, uniform)
[AdaptiveV2-IS] Q4 (2399 instances): removing 573 (theta=0.239, weighted)
[AdaptiveV2-IS] Done — removed 3691 / 9596 (reduction = 38.46%)
[8.427806854248047, 5.571899890899658, 5.4993627071380615, 5.4403159618377686, 5.338459730148315, 5.395950078964233, 5.701096296310425]
Fold 7
[AdaptiveV2-IS] Step 1 — scoring via 'perplexity' …
[PerplexityIS] Fitting LDA with 10 topics on 9596 instances …
[PerplexityIS] Perplexity stats — min: 1.9813, median: 3.5644, max: 6.1351
[PerplexityIS] Redundancy threshold (p0.0): 1.9813 → 0 candidates
[PerplexityIS] Noise threshold (p100.0): 6.1351 → 0 candidates
[PerplexityIS] Removed 0 redundant + 0 noisy = 0 total instances
[PerplexityIS] Kept 9596 / 9596 (reduction = 0.00%)
[AdaptiveV2-IS] Score stats — min: 1.9813, p25: 3.1049, median: 3.5644, p75: 3.9217, max: 6.1351
[AdaptiveV2-IS] Step 2 — estimating params via quartile density …
[AdaptiveV2-IS] Quartile widths: Q1_frac=0.271, Q2_frac=0.111, total_range=4.1539
[AdaptiveV2-IS] Params: beta_q1=0.700, beta_q2=0.600, theta=0.242, imbalance_proxy=0.193
[AdaptiveV2-IS] Step 3 — applying quartile selection …
[AdaptiveV2-IS] Q1 (2399 instances): removing 1679 (beta_q1=0.700, uniform)
[AdaptiveV2-IS] Q2 (2399 instances): removing 1439 (beta_q2=0.600, uniform)
[AdaptiveV2-IS] Q4 (2399 instances): removing 580 (theta=0.242, weighted)
[AdaptiveV2-IS] Done — removed 3698 / 9596 (reduction = 38.54%)
[8.427806854248047, 5.571899890899658, 5.4993627071380615, 5.4403159618377686, 5.338459730148315, 5.395950078964233, 5.701096296310425, 5.105250597000122]
Fold 8
[AdaptiveV2-IS] Step 1 — scoring via 'perplexity' …
[PerplexityIS] Fitting LDA with 10 topics on 9596 instances …
[PerplexityIS] Perplexity stats — min: 1.9858, median: 3.6064, max: 6.7913
[PerplexityIS] Redundancy threshold (p0.0): 1.9858 → 0 candidates
[PerplexityIS] Noise threshold (p100.0): 6.7913 → 0 candidates
[PerplexityIS] Removed 0 redundant + 0 noisy = 0 total instances
[PerplexityIS] Kept 9596 / 9596 (reduction = 0.00%)
[AdaptiveV2-IS] Score stats — min: 1.9858, p25: 3.1384, median: 3.6064, p75: 3.9933, max: 6.7913
[AdaptiveV2-IS] Step 2 — estimating params via quartile density …
[AdaptiveV2-IS] Quartile widths: Q1_frac=0.240, Q2_frac=0.097, total_range=4.8055
[AdaptiveV2-IS] Params: beta_q1=0.700, beta_q2=0.600, theta=0.241, imbalance_proxy=0.196
[AdaptiveV2-IS] Step 3 — applying quartile selection …
[AdaptiveV2-IS] Q1 (2399 instances): removing 1679 (beta_q1=0.700, uniform)
[AdaptiveV2-IS] Q2 (2399 instances): removing 1439 (beta_q2=0.600, uniform)
[AdaptiveV2-IS] Q4 (2399 instances): removing 578 (theta=0.241, weighted)
[AdaptiveV2-IS] Done — removed 3696 / 9596 (reduction = 38.52%)
[8.427806854248047, 5.571899890899658, 5.4993627071380615, 5.4403159618377686, 5.338459730148315, 5.395950078964233, 5.701096296310425, 5.105250597000122, 5.497010707855225]
Fold 9
[AdaptiveV2-IS] Step 1 — scoring via 'perplexity' …
[PerplexityIS] Fitting LDA with 10 topics on 9596 instances …
[PerplexityIS] Perplexity stats — min: 1.9239, median: 3.5507, max: 6.0338
[PerplexityIS] Redundancy threshold (p0.0): 1.9239 → 0 candidates
[PerplexityIS] Noise threshold (p100.0): 6.0338 → 0 candidates
[PerplexityIS] Removed 0 redundant + 0 noisy = 0 total instances
[PerplexityIS] Kept 9596 / 9596 (reduction = 0.00%)
[AdaptiveV2-IS] Score stats — min: 1.9239, p25: 3.0653, median: 3.5507, p75: 3.9329, max: 6.0338
[AdaptiveV2-IS] Step 2 — estimating params via quartile density …
[AdaptiveV2-IS] Quartile widths: Q1_frac=0.278, Q2_frac=0.118, total_range=4.1099
[AdaptiveV2-IS] Params: beta_q1=0.700, beta_q2=0.600, theta=0.241, imbalance_proxy=0.196
[AdaptiveV2-IS] Step 3 — applying quartile selection …
[AdaptiveV2-IS] Q1 (2399 instances): removing 1679 (beta_q1=0.700, uniform)
[AdaptiveV2-IS] Q2 (2399 instances): removing 1439 (beta_q2=0.600, uniform)
[AdaptiveV2-IS] Q4 (2399 instances): removing 578 (theta=0.241, weighted)
[AdaptiveV2-IS] Done — removed 3696 / 9596 (reduction = 38.52%)
[8.427806854248047, 5.571899890899658, 5.4993627071380615, 5.4403159618377686, 5.338459730148315, 5.395950078964233, 5.701096296310425, 5.105250597000122, 5.497010707855225, 5.32404088973999]
END
Dataset: subj
  Method: no-is
Namespace(dataset='subj', method='no-is', folds=10, save=True, inputrep='tfidf', out='/app/unsupervised-is/resources/outsel', datain='/app/unsupervised-is/resources/datasets', overwrite=1, inputdir='/app/unsupervised-is/resources/datasets/subj/tfidf/', splitdir='/app/unsupervised-is/resources/datasets/subj/splits/', outputdir='/app/unsupervised-is/resources/outsel/selection/subj/', filename='/app/unsupervised-is/resources/outsel/selection/subj//saida_no-is', start_time='05-06-2026 04:16:03')
/app/unsupervised-is/resources/datasets/subj/splits//split_10.pkl
Fold 0
[0.004698991775512695]
Fold 1
[0.004698991775512695, 0.004602193832397461]
Fold 2
[0.004698991775512695, 0.004602193832397461, 0.004508495330810547]
Fold 3
[0.004698991775512695, 0.004602193832397461, 0.004508495330810547, 0.004445552825927734]
Fold 4
[0.004698991775512695, 0.004602193832397461, 0.004508495330810547, 0.004445552825927734, 0.004525423049926758]
Fold 5
[0.004698991775512695, 0.004602193832397461, 0.004508495330810547, 0.004445552825927734, 0.004525423049926758, 0.004955291748046875]
Fold 6
[0.004698991775512695, 0.004602193832397461, 0.004508495330810547, 0.004445552825927734, 0.004525423049926758, 0.004955291748046875, 0.004436969757080078]
Fold 7
[0.004698991775512695, 0.004602193832397461, 0.004508495330810547, 0.004445552825927734, 0.004525423049926758, 0.004955291748046875, 0.004436969757080078, 0.004441499710083008]
Fold 8
[0.004698991775512695, 0.004602193832397461, 0.004508495330810547, 0.004445552825927734, 0.004525423049926758, 0.004955291748046875, 0.004436969757080078, 0.004441499710083008, 0.00455784797668457]
Fold 9
[0.004698991775512695, 0.004602193832397461, 0.004508495330810547, 0.004445552825927734, 0.004525423049926758, 0.004955291748046875, 0.004436969757080078, 0.004441499710083008, 0.00455784797668457, 0.00446009635925293]
END
  Method: biois
Namespace(dataset='subj', method='biois', folds=10, save=True, inputrep='tfidf', out='/app/unsupervised-is/resources/outsel', datain='/app/unsupervised-is/resources/datasets', overwrite=1, inputdir='/app/unsupervised-is/resources/datasets/subj/tfidf/', splitdir='/app/unsupervised-is/resources/datasets/subj/splits/', outputdir='/app/unsupervised-is/resources/outsel/selection/subj/', filename='/app/unsupervised-is/resources/outsel/selection/subj//saida_biois', start_time='05-06-2026 04:16:08')
/app/unsupervised-is/resources/datasets/subj/splits//split_10.pkl
Fold 0
fitting_alpha_by_lr_default
LogisticRegression()
LogisticRegression()
LogisticRegression()
LogisticRegression()
LogisticRegression()
Micro: 0.8852222222222222
Macro: 0.8852196021116581
identifyNoiseByLowerNNEntropy
[1.5706779956817627]
Fold 1
fitting_alpha_by_lr_default
LogisticRegression()
LogisticRegression()
LogisticRegression()
LogisticRegression()
LogisticRegression()
Micro: 0.8848888888888888
Macro: 0.8848793324522396
identifyNoiseByLowerNNEntropy
[1.5706779956817627, 1.595604419708252]
Fold 2
fitting_alpha_by_lr_default
LogisticRegression()
LogisticRegression()
LogisticRegression()
LogisticRegression()
LogisticRegression()
Micro: 0.8877777777777778
Macro: 0.8877709886153606
identifyNoiseByLowerNNEntropy
[1.5706779956817627, 1.595604419708252, 1.7058308124542236]
Fold 3
fitting_alpha_by_lr_default
LogisticRegression()
LogisticRegression()
LogisticRegression()
LogisticRegression()
LogisticRegression()
Micro: 0.8847777777777778
Macro: 0.8847717674162634
identifyNoiseByLowerNNEntropy
[1.5706779956817627, 1.595604419708252, 1.7058308124542236, 1.680910348892212]
Fold 4
fitting_alpha_by_lr_default
LogisticRegression()
LogisticRegression()
LogisticRegression()
LogisticRegression()
LogisticRegression()
Micro: 0.882
Macro: 0.881996060708002
identifyNoiseByLowerNNEntropy
[1.5706779956817627, 1.595604419708252, 1.7058308124542236, 1.680910348892212, 1.6054317951202393]
Fold 5
fitting_alpha_by_lr_default
LogisticRegression()
LogisticRegression()
LogisticRegression()
LogisticRegression()
LogisticRegression()
Micro: 0.8835555555555555
Macro: 0.8835513634046381
identifyNoiseByLowerNNEntropy
[1.5706779956817627, 1.595604419708252, 1.7058308124542236, 1.680910348892212, 1.6054317951202393, 1.588749885559082]
Fold 6
fitting_alpha_by_lr_default
LogisticRegression()
LogisticRegression()
LogisticRegression()
LogisticRegression()
LogisticRegression()
Micro: 0.8853333333333333
Macro: 0.8853267870501644
identifyNoiseByLowerNNEntropy
[1.5706779956817627, 1.595604419708252, 1.7058308124542236, 1.680910348892212, 1.6054317951202393, 1.588749885559082, 1.6114661693572998]
Fold 7
fitting_alpha_by_lr_default
LogisticRegression()
LogisticRegression()
LogisticRegression()
LogisticRegression()
LogisticRegression()
Micro: 0.8837777777777778
Macro: 0.8837699200503975
identifyNoiseByLowerNNEntropy
[1.5706779956817627, 1.595604419708252, 1.7058308124542236, 1.680910348892212, 1.6054317951202393, 1.588749885559082, 1.6114661693572998, 1.375370979309082]
Fold 8
fitting_alpha_by_lr_default
LogisticRegression()
LogisticRegression()
LogisticRegression()
LogisticRegression()
LogisticRegression()
Micro: 0.8856666666666667
Macro: 0.8856569418601541
identifyNoiseByLowerNNEntropy
[1.5706779956817627, 1.595604419708252, 1.7058308124542236, 1.680910348892212, 1.6054317951202393, 1.588749885559082, 1.6114661693572998, 1.375370979309082, 7.017632961273193]
Fold 9
fitting_alpha_by_lr_default
LogisticRegression()
LogisticRegression()
LogisticRegression()
LogisticRegression()
LogisticRegression()
Micro: 0.8884444444444445
Macro: 0.8884369022281062
identifyNoiseByLowerNNEntropy
[1.5706779956817627, 1.595604419708252, 1.7058308124542236, 1.680910348892212, 1.6054317951202393, 1.588749885559082, 1.6114661693572998, 1.375370979309082, 7.017632961273193, 38.00593280792236]
END
  Method: perplexity-is
Namespace(dataset='subj', method='perplexity-is', folds=10, save=True, inputrep='tfidf', out='/app/unsupervised-is/resources/outsel', datain='/app/unsupervised-is/resources/datasets', overwrite=1, inputdir='/app/unsupervised-is/resources/datasets/subj/tfidf/', splitdir='/app/unsupervised-is/resources/datasets/subj/splits/', outputdir='/app/unsupervised-is/resources/outsel/selection/subj/', filename='/app/unsupervised-is/resources/outsel/selection/subj//saida_perplexity-is', start_time='05-06-2026 04:17:10')
/app/unsupervised-is/resources/datasets/subj/splits//split_10.pkl
Fold 0
[PerplexityIS] Fitting LDA with 10 topics on 9000 instances …
[PerplexityIS] Perplexity stats — min: 2.0257, median: 2.9196, max: 10.0000
[PerplexityIS] Redundancy threshold (p40): 2.8157 → 3600 candidates
[PerplexityIS] Redundant instances: 3600, removing 2160 with beta=0.6
[PerplexityIS] Noise threshold (p70): 3.1942 → 2700 candidates
[PerplexityIS] Noise instances: 2700, removing 540 with theta=0.2
[PerplexityIS] Removed 2160 redundant + 540 noisy = 2700 total instances
[PerplexityIS] Kept 6300 / 9000 (reduction = 30.00%)
[8.32297968864441]
Fold 1
[PerplexityIS] Fitting LDA with 10 topics on 9000 instances …
[PerplexityIS] Perplexity stats — min: 1.9366, median: 2.9146, max: 10.0000
[PerplexityIS] Redundancy threshold (p40): 2.8119 → 3600 candidates
[PerplexityIS] Redundant instances: 3600, removing 2160 with beta=0.6
[PerplexityIS] Noise threshold (p70): 3.1859 → 2700 candidates
[PerplexityIS] Noise instances: 2700, removing 540 with theta=0.2
[PerplexityIS] Removed 2160 redundant + 540 noisy = 2700 total instances
[PerplexityIS] Kept 6300 / 9000 (reduction = 30.00%)
[8.32297968864441, 5.269713640213013]
Fold 2
[PerplexityIS] Fitting LDA with 10 topics on 9000 instances …
[PerplexityIS] Perplexity stats — min: 1.9903, median: 2.9151, max: 6.1126
[PerplexityIS] Redundancy threshold (p40): 2.8120 → 3600 candidates
[PerplexityIS] Redundant instances: 3600, removing 2160 with beta=0.6
[PerplexityIS] Noise threshold (p70): 3.1841 → 2700 candidates
[PerplexityIS] Noise instances: 2700, removing 540 with theta=0.2
[PerplexityIS] Removed 2160 redundant + 540 noisy = 2700 total instances
[PerplexityIS] Kept 6300 / 9000 (reduction = 30.00%)
[8.32297968864441, 5.269713640213013, 5.222584009170532]
Fold 3
[PerplexityIS] Fitting LDA with 10 topics on 9000 instances …
[PerplexityIS] Perplexity stats — min: 1.9058, median: 2.9173, max: 10.0000
[PerplexityIS] Redundancy threshold (p40): 2.8141 → 3600 candidates
[PerplexityIS] Redundant instances: 3600, removing 2160 with beta=0.6
[PerplexityIS] Noise threshold (p70): 3.1876 → 2700 candidates
[PerplexityIS] Noise instances: 2700, removing 540 with theta=0.2
[PerplexityIS] Removed 2160 redundant + 540 noisy = 2700 total instances
[PerplexityIS] Kept 6300 / 9000 (reduction = 30.00%)
[8.32297968864441, 5.269713640213013, 5.222584009170532, 5.134390115737915]
Fold 4
[PerplexityIS] Fitting LDA with 10 topics on 9000 instances …
[PerplexityIS] Perplexity stats — min: 2.0022, median: 2.9168, max: 10.0000
[PerplexityIS] Redundancy threshold (p40): 2.8136 → 3600 candidates
[PerplexityIS] Redundant instances: 3600, removing 2160 with beta=0.6
[PerplexityIS] Noise threshold (p70): 3.1847 → 2700 candidates
[PerplexityIS] Noise instances: 2700, removing 540 with theta=0.2
[PerplexityIS] Removed 2160 redundant + 540 noisy = 2700 total instances
[PerplexityIS] Kept 6300 / 9000 (reduction = 30.00%)
[8.32297968864441, 5.269713640213013, 5.222584009170532, 5.134390115737915, 5.096914768218994]
Fold 5
[PerplexityIS] Fitting LDA with 10 topics on 9000 instances …
[PerplexityIS] Perplexity stats — min: 2.0022, median: 2.9160, max: 10.0000
[PerplexityIS] Redundancy threshold (p40): 2.8150 → 3600 candidates
[PerplexityIS] Redundant instances: 3600, removing 2160 with beta=0.6
[PerplexityIS] Noise threshold (p70): 3.1833 → 2700 candidates
[PerplexityIS] Noise instances: 2700, removing 540 with theta=0.2
[PerplexityIS] Removed 2160 redundant + 540 noisy = 2700 total instances
[PerplexityIS] Kept 6300 / 9000 (reduction = 30.00%)
[8.32297968864441, 5.269713640213013, 5.222584009170532, 5.134390115737915, 5.096914768218994, 5.121208906173706]
Fold 6
[PerplexityIS] Fitting LDA with 10 topics on 9000 instances …
[PerplexityIS] Perplexity stats — min: 2.0038, median: 2.9226, max: 10.0000
[PerplexityIS] Redundancy threshold (p40): 2.8171 → 3600 candidates
[PerplexityIS] Redundant instances: 3600, removing 2160 with beta=0.6
[PerplexityIS] Noise threshold (p70): 3.2015 → 2700 candidates
[PerplexityIS] Noise instances: 2700, removing 540 with theta=0.2
[PerplexityIS] Removed 2160 redundant + 540 noisy = 2700 total instances
[PerplexityIS] Kept 6300 / 9000 (reduction = 30.00%)
[8.32297968864441, 5.269713640213013, 5.222584009170532, 5.134390115737915, 5.096914768218994, 5.121208906173706, 4.950553894042969]
Fold 7
[PerplexityIS] Fitting LDA with 10 topics on 9000 instances …
[PerplexityIS] Perplexity stats — min: 1.9568, median: 2.9154, max: 10.0000
[PerplexityIS] Redundancy threshold (p40): 2.8120 → 3600 candidates
[PerplexityIS] Redundant instances: 3600, removing 2160 with beta=0.6
[PerplexityIS] Noise threshold (p70): 3.1851 → 2700 candidates
[PerplexityIS] Noise instances: 2700, removing 540 with theta=0.2
[PerplexityIS] Removed 2160 redundant + 540 noisy = 2700 total instances
[PerplexityIS] Kept 6300 / 9000 (reduction = 30.00%)
[8.32297968864441, 5.269713640213013, 5.222584009170532, 5.134390115737915, 5.096914768218994, 5.121208906173706, 4.950553894042969, 5.387964248657227]
Fold 8
[PerplexityIS] Fitting LDA with 10 topics on 9000 instances …
[PerplexityIS] Perplexity stats — min: 2.0020, median: 2.9168, max: 10.0000
[PerplexityIS] Redundancy threshold (p40): 2.8136 → 3600 candidates
[PerplexityIS] Redundant instances: 3600, removing 2160 with beta=0.6
[PerplexityIS] Noise threshold (p70): 3.1909 → 2700 candidates
[PerplexityIS] Noise instances: 2700, removing 540 with theta=0.2
[PerplexityIS] Removed 2160 redundant + 540 noisy = 2700 total instances
[PerplexityIS] Kept 6300 / 9000 (reduction = 30.00%)
[8.32297968864441, 5.269713640213013, 5.222584009170532, 5.134390115737915, 5.096914768218994, 5.121208906173706, 4.950553894042969, 5.387964248657227, 4.975812673568726]
Fold 9
[PerplexityIS] Fitting LDA with 10 topics on 9000 instances …
[PerplexityIS] Perplexity stats — min: 1.9084, median: 2.9137, max: 10.0000
[PerplexityIS] Redundancy threshold (p40): 2.8113 → 3600 candidates
[PerplexityIS] Redundant instances: 3600, removing 2160 with beta=0.6
[PerplexityIS] Noise threshold (p70): 3.1832 → 2700 candidates
[PerplexityIS] Noise instances: 2700, removing 540 with theta=0.2
[PerplexityIS] Removed 2160 redundant + 540 noisy = 2700 total instances
[PerplexityIS] Kept 6300 / 9000 (reduction = 30.00%)
[8.32297968864441, 5.269713640213013, 5.222584009170532, 5.134390115737915, 5.096914768218994, 5.121208906173706, 4.950553894042969, 5.387964248657227, 4.975812673568726, 5.1447529792785645]
END
  Method: autoencoder-is
Namespace(dataset='subj', method='autoencoder-is', folds=10, save=True, inputrep='tfidf', out='/app/unsupervised-is/resources/outsel', datain='/app/unsupervised-is/resources/datasets', overwrite=1, inputdir='/app/unsupervised-is/resources/datasets/subj/tfidf/', splitdir='/app/unsupervised-is/resources/datasets/subj/splits/', outputdir='/app/unsupervised-is/resources/outsel/selection/subj/', filename='/app/unsupervised-is/resources/outsel/selection/subj//saida_autoencoder-is', start_time='05-06-2026 04:18:09')
/app/unsupervised-is/resources/datasets/subj/splits//split_10.pkl
Fold 0
[AE-IS] Using GPU: NVIDIA A100-SXM4-80GB
[AE-IS] Architecture: 10151 → 20 → 10 → 20 → 10151
[AE-IS] Training autoencoder on 9000 instances (10151 features) for up to 20 epochs …
  Epoch   1/20 — loss: 1.105243 (best: 1.105243)
  Epoch  10/20 — loss: 1.003508 (best: 1.003508)
  Epoch  20/20 — loss: 0.999743 (best: 0.999598)
[AE-IS] Training finished — best loss: 0.999598
[AE-IS] Reconstruction error stats — min: 0.000938, median: 0.954858, max: 3.521149
[AE-IS] Redundant instances: 3600, removing 2160 with beta=0.6
[AE-IS] Noise instances: 2700, removing 540 with theta=0.2
[AE-IS] Removed 2160 redundant + 540 noisy = 2700 total instances
[AE-IS] Kept 6300 / 9000 (reduction = 30.00%)
[11.168955564498901]
Fold 1
[AE-IS] Using GPU: NVIDIA A100-SXM4-80GB
[AE-IS] Architecture: 10211 → 20 → 10 → 20 → 10211
[AE-IS] Training autoencoder on 9000 instances (10211 features) for up to 20 epochs …
  Epoch   1/20 — loss: 1.108964 (best: 1.108964)
  Epoch  10/20 — loss: 1.003381 (best: 1.003381)
  Epoch  20/20 — loss: 0.999408 (best: 0.999396)
[AE-IS] Training finished — best loss: 0.999396
[AE-IS] Reconstruction error stats — min: 0.000933, median: 0.955165, max: 3.245872
[AE-IS] Redundant instances: 3600, removing 2160 with beta=0.6
[AE-IS] Noise instances: 2700, removing 540 with theta=0.2
[AE-IS] Removed 2160 redundant + 540 noisy = 2700 total instances
[AE-IS] Kept 6300 / 9000 (reduction = 30.00%)
[11.168955564498901, 9.387253999710083]
Fold 2
[AE-IS] Using GPU: NVIDIA A100-SXM4-80GB
[AE-IS] Architecture: 10182 → 20 → 10 → 20 → 10182
[AE-IS] Training autoencoder on 9000 instances (10182 features) for up to 20 epochs …
  Epoch   1/20 — loss: 1.101680 (best: 1.101680)
  Epoch  10/20 — loss: 1.003508 (best: 1.003508)
  Epoch  20/20 — loss: 0.999398 (best: 0.999281)
[AE-IS] Training finished — best loss: 0.999281
[AE-IS] Reconstruction error stats — min: 0.067910, median: 0.954609, max: 3.391305
[AE-IS] Redundant instances: 3600, removing 2160 with beta=0.6
[AE-IS] Noise instances: 2700, removing 540 with theta=0.2
[AE-IS] Removed 2160 redundant + 540 noisy = 2700 total instances
[AE-IS] Kept 6300 / 9000 (reduction = 30.00%)
[11.168955564498901, 9.387253999710083, 8.52959680557251]
Fold 3
[AE-IS] Using GPU: NVIDIA A100-SXM4-80GB
[AE-IS] Architecture: 10225 → 20 → 10 → 20 → 10225
[AE-IS] Training autoencoder on 9000 instances (10225 features) for up to 20 epochs …
  Epoch   1/20 — loss: 1.107279 (best: 1.107279)
  Epoch  10/20 — loss: 1.003322 (best: 1.003322)
  Epoch  20/20 — loss: 0.999560 (best: 0.999560)
[AE-IS] Training finished — best loss: 0.999560
[AE-IS] Reconstruction error stats — min: 0.000933, median: 0.956608, max: 3.108149
[AE-IS] Redundant instances: 3600, removing 2160 with beta=0.6
[AE-IS] Noise instances: 2700, removing 540 with theta=0.2
[AE-IS] Removed 2160 redundant + 540 noisy = 2700 total instances
[AE-IS] Kept 6300 / 9000 (reduction = 30.00%)
[11.168955564498901, 9.387253999710083, 8.52959680557251, 8.35749101638794]
Fold 4
[AE-IS] Using GPU: NVIDIA A100-SXM4-80GB
[AE-IS] Architecture: 10195 → 20 → 10 → 20 → 10195
[AE-IS] Training autoencoder on 9000 instances (10195 features) for up to 20 epochs …
  Epoch   1/20 — loss: 1.106601 (best: 1.106601)
  Epoch  10/20 — loss: 1.003473 (best: 1.003473)
  Epoch  20/20 — loss: 0.999607 (best: 0.999607)
[AE-IS] Training finished — best loss: 0.999607
[AE-IS] Reconstruction error stats — min: 0.000932, median: 0.949107, max: 3.050101
[AE-IS] Redundant instances: 3600, removing 2160 with beta=0.6
[AE-IS] Noise instances: 2700, removing 540 with theta=0.2
[AE-IS] Removed 2160 redundant + 540 noisy = 2700 total instances
[AE-IS] Kept 6300 / 9000 (reduction = 30.00%)
[11.168955564498901, 9.387253999710083, 8.52959680557251, 8.35749101638794, 8.405373334884644]
Fold 5
[AE-IS] Using GPU: NVIDIA A100-SXM4-80GB
[AE-IS] Architecture: 10188 → 20 → 10 → 20 → 10188
[AE-IS] Training autoencoder on 9000 instances (10188 features) for up to 20 epochs …
  Epoch   1/20 — loss: 1.111335 (best: 1.111335)
  Epoch  10/20 — loss: 1.003052 (best: 1.003052)
  Epoch  20/20 — loss: 0.999115 (best: 0.999115)
[AE-IS] Training finished — best loss: 0.999115
[AE-IS] Reconstruction error stats — min: 0.000936, median: 0.951166, max: 3.297311
[AE-IS] Redundant instances: 3600, removing 2160 with beta=0.6
[AE-IS] Noise instances: 2700, removing 540 with theta=0.2
[AE-IS] Removed 2160 redundant + 540 noisy = 2700 total instances
[AE-IS] Kept 6300 / 9000 (reduction = 30.00%)
[11.168955564498901, 9.387253999710083, 8.52959680557251, 8.35749101638794, 8.405373334884644, 8.908194303512573]
Fold 6
[AE-IS] Using GPU: NVIDIA A100-SXM4-80GB
[AE-IS] Architecture: 10177 → 20 → 10 → 20 → 10177
[AE-IS] Training autoencoder on 9000 instances (10177 features) for up to 20 epochs …
  Epoch   1/20 — loss: 1.112432 (best: 1.112432)
  Epoch  10/20 — loss: 1.003060 (best: 1.003060)
  Epoch  20/20 — loss: 0.999393 (best: 0.999393)
[AE-IS] Training finished — best loss: 0.999393
[AE-IS] Reconstruction error stats — min: 0.000936, median: 0.952559, max: 3.459949
[AE-IS] Redundant instances: 3600, removing 2160 with beta=0.6
[AE-IS] Noise instances: 2700, removing 540 with theta=0.2
[AE-IS] Removed 2160 redundant + 540 noisy = 2700 total instances
[AE-IS] Kept 6300 / 9000 (reduction = 30.00%)
[11.168955564498901, 9.387253999710083, 8.52959680557251, 8.35749101638794, 8.405373334884644, 8.908194303512573, 8.936155319213867]
Fold 7
[AE-IS] Using GPU: NVIDIA A100-SXM4-80GB
[AE-IS] Architecture: 10218 → 20 → 10 → 20 → 10218
[AE-IS] Training autoencoder on 9000 instances (10218 features) for up to 20 epochs …
  Epoch   1/20 — loss: 1.107191 (best: 1.107191)
  Epoch  10/20 — loss: 1.003061 (best: 1.003061)
  Epoch  20/20 — loss: 0.999536 (best: 0.999536)
[AE-IS] Training finished — best loss: 0.999536
[AE-IS] Reconstruction error stats — min: 0.000933, median: 0.948707, max: 3.145131
[AE-IS] Redundant instances: 3600, removing 2160 with beta=0.6
[AE-IS] Noise instances: 2700, removing 540 with theta=0.2
[AE-IS] Removed 2160 redundant + 540 noisy = 2700 total instances
[AE-IS] Kept 6300 / 9000 (reduction = 30.00%)
[11.168955564498901, 9.387253999710083, 8.52959680557251, 8.35749101638794, 8.405373334884644, 8.908194303512573, 8.936155319213867, 8.284229516983032]
Fold 8
[AE-IS] Using GPU: NVIDIA A100-SXM4-80GB
[AE-IS] Architecture: 10208 → 20 → 10 → 20 → 10208
[AE-IS] Training autoencoder on 9000 instances (10208 features) for up to 20 epochs …
  Epoch   1/20 — loss: 1.104689 (best: 1.104689)
  Epoch  10/20 — loss: 1.003322 (best: 1.003322)
  Epoch  20/20 — loss: 0.999002 (best: 0.999002)
[AE-IS] Training finished — best loss: 0.999002
[AE-IS] Reconstruction error stats — min: 0.000933, median: 0.955080, max: 2.964110
[AE-IS] Redundant instances: 3600, removing 2160 with beta=0.6
[AE-IS] Noise instances: 2700, removing 540 with theta=0.2
[AE-IS] Removed 2160 redundant + 540 noisy = 2700 total instances
[AE-IS] Kept 6300 / 9000 (reduction = 30.00%)
[11.168955564498901, 9.387253999710083, 8.52959680557251, 8.35749101638794, 8.405373334884644, 8.908194303512573, 8.936155319213867, 8.284229516983032, 8.684908628463745]
Fold 9
[AE-IS] Using GPU: NVIDIA A100-SXM4-80GB
[AE-IS] Architecture: 10204 → 20 → 10 → 20 → 10204
[AE-IS] Training autoencoder on 9000 instances (10204 features) for up to 20 epochs …
  Epoch   1/20 — loss: 1.099614 (best: 1.099614)
  Epoch  10/20 — loss: 1.003260 (best: 1.003260)
  Epoch  20/20 — loss: 0.998861 (best: 0.998861)
[AE-IS] Training finished — best loss: 0.998861
[AE-IS] Reconstruction error stats — min: 0.000936, median: 0.954314, max: 2.925058
[AE-IS] Redundant instances: 3600, removing 2160 with beta=0.6
[AE-IS] Noise instances: 2700, removing 540 with theta=0.2
[AE-IS] Removed 2160 redundant + 540 noisy = 2700 total instances
[AE-IS] Kept 6300 / 9000 (reduction = 30.00%)
[11.168955564498901, 9.387253999710083, 8.52959680557251, 8.35749101638794, 8.405373334884644, 8.908194303512573, 8.936155319213867, 8.284229516983032, 8.684908628463745, 9.070631742477417]
END
  Method: gmm-is
Namespace(dataset='subj', method='gmm-is', folds=10, save=True, inputrep='tfidf', out='/app/unsupervised-is/resources/outsel', datain='/app/unsupervised-is/resources/datasets', overwrite=1, inputdir='/app/unsupervised-is/resources/datasets/subj/tfidf/', splitdir='/app/unsupervised-is/resources/datasets/subj/splits/', outputdir='/app/unsupervised-is/resources/outsel/selection/subj/', filename='/app/unsupervised-is/resources/outsel/selection/subj//saida_gmm-is', start_time='05-06-2026 04:19:43')
/app/unsupervised-is/resources/datasets/subj/splits//split_10.pkl
Fold 0
[GMM] Redundant instances: 3600, removing 2160 with beta=0.6
[GMM] Noise instances: 2700, removing 540 with theta=0.2
[GMM] Removed 2160 redundant + 540 noisy = 2700 total instances
[GMM] Kept 6300 / 9000 (reduction = 30.00%)
[8.613719701766968]
Fold 1
[GMM] Redundant instances: 3600, removing 2160 with beta=0.6
[GMM] Noise instances: 2700, removing 540 with theta=0.2
[GMM] Removed 2160 redundant + 540 noisy = 2700 total instances
[GMM] Kept 6300 / 9000 (reduction = 30.00%)
[8.613719701766968, 8.714014530181885]
Fold 2
[GMM] Redundant instances: 3600, removing 2160 with beta=0.6
[GMM] Noise instances: 2700, removing 540 with theta=0.2
[GMM] Removed 2160 redundant + 540 noisy = 2700 total instances
[GMM] Kept 6300 / 9000 (reduction = 30.00%)
[8.613719701766968, 8.714014530181885, 11.919137001037598]
Fold 3
[GMM] Redundant instances: 3600, removing 2160 with beta=0.6
[GMM] Noise instances: 2700, removing 540 with theta=0.2
[GMM] Removed 2160 redundant + 540 noisy = 2700 total instances
[GMM] Kept 6300 / 9000 (reduction = 30.00%)
[8.613719701766968, 8.714014530181885, 11.919137001037598, 25.263524770736694]
Fold 4
[GMM] Redundant instances: 3600, removing 2160 with beta=0.6
[GMM] Noise instances: 2700, removing 540 with theta=0.2
[GMM] Removed 2160 redundant + 540 noisy = 2700 total instances
[GMM] Kept 6300 / 9000 (reduction = 30.00%)
[8.613719701766968, 8.714014530181885, 11.919137001037598, 25.263524770736694, 19.138850450515747]
Fold 5
[GMM] Redundant instances: 3600, removing 2160 with beta=0.6
[GMM] Noise instances: 2700, removing 540 with theta=0.2
[GMM] Removed 2160 redundant + 540 noisy = 2700 total instances
[GMM] Kept 6300 / 9000 (reduction = 30.00%)
[8.613719701766968, 8.714014530181885, 11.919137001037598, 25.263524770736694, 19.138850450515747, 21.727063417434692]
Fold 6
[GMM] Redundant instances: 3600, removing 2160 with beta=0.6
[GMM] Noise instances: 2700, removing 540 with theta=0.2
[GMM] Removed 2160 redundant + 540 noisy = 2700 total instances
[GMM] Kept 6300 / 9000 (reduction = 30.00%)
[8.613719701766968, 8.714014530181885, 11.919137001037598, 25.263524770736694, 19.138850450515747, 21.727063417434692, 18.678613662719727]
Fold 7
[GMM] Redundant instances: 3600, removing 2160 with beta=0.6
[GMM] Noise instances: 2700, removing 540 with theta=0.2
[GMM] Removed 2160 redundant + 540 noisy = 2700 total instances
[GMM] Kept 6300 / 9000 (reduction = 30.00%)
[8.613719701766968, 8.714014530181885, 11.919137001037598, 25.263524770736694, 19.138850450515747, 21.727063417434692, 18.678613662719727, 24.015363216400146]
Fold 8
[GMM] Redundant instances: 3600, removing 2160 with beta=0.6
[GMM] Noise instances: 2700, removing 540 with theta=0.2
[GMM] Removed 2160 redundant + 540 noisy = 2700 total instances
[GMM] Kept 6300 / 9000 (reduction = 30.00%)
[8.613719701766968, 8.714014530181885, 11.919137001037598, 25.263524770736694, 19.138850450515747, 21.727063417434692, 18.678613662719727, 24.015363216400146, 22.923864126205444]
Fold 9
[GMM] Redundant instances: 3600, removing 2160 with beta=0.6
[GMM] Noise instances: 2700, removing 540 with theta=0.2
[GMM] Removed 2160 redundant + 540 noisy = 2700 total instances
[GMM] Kept 6300 / 9000 (reduction = 30.00%)
[8.613719701766968, 8.714014530181885, 11.919137001037598, 25.263524770736694, 19.138850450515747, 21.727063417434692, 18.678613662719727, 24.015363216400146, 22.923864126205444, 27.94917607307434]
END
  Method: adaptive-perplexity
Namespace(dataset='subj', method='adaptive-perplexity', folds=10, save=True, inputrep='tfidf', out='/app/unsupervised-is/resources/outsel', datain='/app/unsupervised-is/resources/datasets', overwrite=1, inputdir='/app/unsupervised-is/resources/datasets/subj/tfidf/', splitdir='/app/unsupervised-is/resources/datasets/subj/splits/', outputdir='/app/unsupervised-is/resources/outsel/selection/subj/', filename='/app/unsupervised-is/resources/outsel/selection/subj//saida_adaptive-perplexity', start_time='05-06-2026 04:22:57')
/app/unsupervised-is/resources/datasets/subj/splits//split_10.pkl
Fold 0
[Adaptive-IS] Step 1 — computing scores via 'perplexity' …
[PerplexityIS] Fitting LDA with 10 topics on 9000 instances …
[PerplexityIS] Perplexity stats — min: 2.0257, median: 2.9196, max: 10.0000
[PerplexityIS] Redundancy threshold (p0.0): 2.0257 → 0 candidates
[PerplexityIS] Noise threshold (p100.0): 10.0000 → 0 candidates
[PerplexityIS] Removed 0 redundant + 0 noisy = 0 total instances
[PerplexityIS] Kept 9000 / 9000 (reduction = 0.00%)
[Adaptive-IS] Score stats — min: 2.0257, median: 2.9196, max: 10.0000
[Adaptive-IS] Step 2 — estimating thresholds via 'gmm_boundary' …
[Adaptive-IS] Estimated params — low_percentile=64.0, high_percentile=87.9, beta=0.600, theta=0.211, imbalance_proxy=0.174
[Adaptive-IS] GMM component means: [2.690768414966966, 3.2192290517351014, 3.9727650252706344]
[Adaptive-IS] Step 3 — applying selection …
[Adaptive-IS] Redundant candidates: 5759, removing 3455 (beta=0.600)
[Adaptive-IS] Noise candidates: 1087, removing 229 (theta=0.211)
[Adaptive-IS] Removed 3684 instances — kept 5316 / 9000 (reduction = 40.93%)
[8.24787425994873]
Fold 1
[Adaptive-IS] Step 1 — computing scores via 'perplexity' …
[PerplexityIS] Fitting LDA with 10 topics on 9000 instances …
[PerplexityIS] Perplexity stats — min: 1.9366, median: 2.9146, max: 10.0000
[PerplexityIS] Redundancy threshold (p0.0): 1.9366 → 0 candidates
[PerplexityIS] Noise threshold (p100.0): 10.0000 → 0 candidates
[PerplexityIS] Removed 0 redundant + 0 noisy = 0 total instances
[PerplexityIS] Kept 9000 / 9000 (reduction = 0.00%)
[Adaptive-IS] Score stats — min: 1.9366, median: 2.9146, max: 10.0000
[Adaptive-IS] Step 2 — estimating thresholds via 'gmm_boundary' …
[Adaptive-IS] Estimated params — low_percentile=64.8, high_percentile=87.5, beta=0.600, theta=0.215, imbalance_proxy=0.175
[Adaptive-IS] GMM component means: [2.6833241321928045, 3.2055485215301043, 3.9622000030492073]
[Adaptive-IS] Step 3 — applying selection …
[Adaptive-IS] Redundant candidates: 5828, removing 3496 (beta=0.600)
[Adaptive-IS] Noise candidates: 1123, removing 241 (theta=0.215)
[Adaptive-IS] Removed 3737 instances — kept 5263 / 9000 (reduction = 41.52%)
[8.24787425994873, 5.508828401565552]
Fold 2
[Adaptive-IS] Step 1 — computing scores via 'perplexity' …
[PerplexityIS] Fitting LDA with 10 topics on 9000 instances …
[PerplexityIS] Perplexity stats — min: 1.9903, median: 2.9151, max: 6.1126
[PerplexityIS] Redundancy threshold (p0.0): 1.9903 → 0 candidates
[PerplexityIS] Noise threshold (p100.0): 6.1126 → 0 candidates
[PerplexityIS] Removed 0 redundant + 0 noisy = 0 total instances
[PerplexityIS] Kept 9000 / 9000 (reduction = 0.00%)
[Adaptive-IS] Score stats — min: 1.9903, median: 2.9151, max: 6.1126
[Adaptive-IS] Step 2 — estimating thresholds via 'gmm_boundary' …
[Adaptive-IS] Estimated params — low_percentile=59.1, high_percentile=81.8, beta=0.600, theta=0.269, imbalance_proxy=0.173
[Adaptive-IS] GMM component means: [2.6367819449372805, 3.0906802212091518, 3.850718329714236]
[Adaptive-IS] Step 3 — applying selection …
[Adaptive-IS] Redundant candidates: 5322, removing 3193 (beta=0.600)
[Adaptive-IS] Noise candidates: 1641, removing 442 (theta=0.269)
[Adaptive-IS] Removed 3635 instances — kept 5365 / 9000 (reduction = 40.39%)
[8.24787425994873, 5.508828401565552, 5.430752515792847]
Fold 3
[Adaptive-IS] Step 1 — computing scores via 'perplexity' …
[PerplexityIS] Fitting LDA with 10 topics on 9000 instances …
[PerplexityIS] Perplexity stats — min: 1.9058, median: 2.9173, max: 10.0000
[PerplexityIS] Redundancy threshold (p0.0): 1.9058 → 0 candidates
[PerplexityIS] Noise threshold (p100.0): 10.0000 → 0 candidates
[PerplexityIS] Removed 0 redundant + 0 noisy = 0 total instances
[PerplexityIS] Kept 9000 / 9000 (reduction = 0.00%)
[Adaptive-IS] Score stats — min: 1.9058, median: 2.9173, max: 10.0000
[Adaptive-IS] Step 2 — estimating thresholds via 'gmm_boundary' …
[Adaptive-IS] Estimated params — low_percentile=63.6, high_percentile=86.2, beta=0.600, theta=0.234, imbalance_proxy=0.175
[Adaptive-IS] GMM component means: [2.6480357247179063, 3.1107293929354127, 3.932926429915566]
[Adaptive-IS] Step 3 — applying selection …
[Adaptive-IS] Redundant candidates: 5726, removing 3435 (beta=0.600)
[Adaptive-IS] Noise candidates: 1242, removing 290 (theta=0.234)
[Adaptive-IS] Removed 3725 instances — kept 5275 / 9000 (reduction = 41.39%)
[8.24787425994873, 5.508828401565552, 5.430752515792847, 5.3244147300720215]
Fold 4
[Adaptive-IS] Step 1 — computing scores via 'perplexity' …
[PerplexityIS] Fitting LDA with 10 topics on 9000 instances …
[PerplexityIS] Perplexity stats — min: 2.0022, median: 2.9168, max: 10.0000
[PerplexityIS] Redundancy threshold (p0.0): 2.0022 → 0 candidates
[PerplexityIS] Noise threshold (p100.0): 10.0000 → 0 candidates
[PerplexityIS] Removed 0 redundant + 0 noisy = 0 total instances
[PerplexityIS] Kept 9000 / 9000 (reduction = 0.00%)
[Adaptive-IS] Score stats — min: 2.0022, median: 2.9168, max: 10.0000
[Adaptive-IS] Step 2 — estimating thresholds via 'gmm_boundary' …
[Adaptive-IS] Estimated params — low_percentile=63.2, high_percentile=86.4, beta=0.600, theta=0.232, imbalance_proxy=0.173
[Adaptive-IS] GMM component means: [2.6469302426895425, 3.1062817722226974, 3.9213863633025867]
[Adaptive-IS] Step 3 — applying selection …
[Adaptive-IS] Redundant candidates: 5685, removing 3411 (beta=0.600)
[Adaptive-IS] Noise candidates: 1228, removing 284 (theta=0.232)
[Adaptive-IS] Removed 3695 instances — kept 5305 / 9000 (reduction = 41.06%)
[8.24787425994873, 5.508828401565552, 5.430752515792847, 5.3244147300720215, 5.226257801055908]
Fold 5
[Adaptive-IS] Step 1 — computing scores via 'perplexity' …
[PerplexityIS] Fitting LDA with 10 topics on 9000 instances …
[PerplexityIS] Perplexity stats — min: 2.0022, median: 2.9160, max: 10.0000
[PerplexityIS] Redundancy threshold (p0.0): 2.0022 → 0 candidates
[PerplexityIS] Noise threshold (p100.0): 10.0000 → 0 candidates
[PerplexityIS] Removed 0 redundant + 0 noisy = 0 total instances
[PerplexityIS] Kept 9000 / 9000 (reduction = 0.00%)
[Adaptive-IS] Score stats — min: 2.0022, median: 2.9160, max: 10.0000
[Adaptive-IS] Step 2 — estimating thresholds via 'gmm_boundary' …
[Adaptive-IS] Estimated params — low_percentile=63.7, high_percentile=86.7, beta=0.600, theta=0.228, imbalance_proxy=0.173
[Adaptive-IS] GMM component means: [2.6505319721627063, 3.1068847459857025, 3.9277048406655513]
[Adaptive-IS] Step 3 — applying selection …
[Adaptive-IS] Redundant candidates: 5734, removing 3440 (beta=0.600)
[Adaptive-IS] Noise candidates: 1196, removing 272 (theta=0.228)
[Adaptive-IS] Removed 3712 instances — kept 5288 / 9000 (reduction = 41.24%)
[8.24787425994873, 5.508828401565552, 5.430752515792847, 5.3244147300720215, 5.226257801055908, 5.399357795715332]
Fold 6
[Adaptive-IS] Step 1 — computing scores via 'perplexity' …
[PerplexityIS] Fitting LDA with 10 topics on 9000 instances …
[PerplexityIS] Perplexity stats — min: 2.0038, median: 2.9226, max: 10.0000
[PerplexityIS] Redundancy threshold (p0.0): 2.0038 → 0 candidates
[PerplexityIS] Noise threshold (p100.0): 10.0000 → 0 candidates
[PerplexityIS] Removed 0 redundant + 0 noisy = 0 total instances
[PerplexityIS] Kept 9000 / 9000 (reduction = 0.00%)
[Adaptive-IS] Score stats — min: 2.0038, median: 2.9226, max: 10.0000
[Adaptive-IS] Step 2 — estimating thresholds via 'gmm_boundary' …
[Adaptive-IS] Estimated params — low_percentile=62.4, high_percentile=85.7, beta=0.600, theta=0.243, imbalance_proxy=0.174
[Adaptive-IS] GMM component means: [2.6495633663767006, 3.115265617709195, 3.9406470163402396]
[Adaptive-IS] Step 3 — applying selection …
[Adaptive-IS] Redundant candidates: 5618, removing 3370 (beta=0.600)
[Adaptive-IS] Noise candidates: 1290, removing 312 (theta=0.243)
[Adaptive-IS] Removed 3682 instances — kept 5318 / 9000 (reduction = 40.91%)
[8.24787425994873, 5.508828401565552, 5.430752515792847, 5.3244147300720215, 5.226257801055908, 5.399357795715332, 5.267793893814087]
Fold 7
[Adaptive-IS] Step 1 — computing scores via 'perplexity' …
[PerplexityIS] Fitting LDA with 10 topics on 9000 instances …
[PerplexityIS] Perplexity stats — min: 1.9568, median: 2.9154, max: 10.0000
[PerplexityIS] Redundancy threshold (p0.0): 1.9568 → 0 candidates
[PerplexityIS] Noise threshold (p100.0): 10.0000 → 0 candidates
[PerplexityIS] Removed 0 redundant + 0 noisy = 0 total instances
[PerplexityIS] Kept 9000 / 9000 (reduction = 0.00%)
[Adaptive-IS] Score stats — min: 1.9568, median: 2.9154, max: 10.0000
[Adaptive-IS] Step 2 — estimating thresholds via 'gmm_boundary' …
[Adaptive-IS] Estimated params — low_percentile=63.5, high_percentile=86.2, beta=0.600, theta=0.231, imbalance_proxy=0.175
[Adaptive-IS] GMM component means: [2.645443216259471, 3.1053722851984475, 3.931630795372017]
[Adaptive-IS] Step 3 — applying selection …
[Adaptive-IS] Redundant candidates: 5714, removing 3428 (beta=0.600)
[Adaptive-IS] Noise candidates: 1240, removing 286 (theta=0.231)
[Adaptive-IS] Removed 3714 instances — kept 5286 / 9000 (reduction = 41.27%)
[8.24787425994873, 5.508828401565552, 5.430752515792847, 5.3244147300720215, 5.226257801055908, 5.399357795715332, 5.267793893814087, 5.217776536941528]
Fold 8
[Adaptive-IS] Step 1 — computing scores via 'perplexity' …
[PerplexityIS] Fitting LDA with 10 topics on 9000 instances …
[PerplexityIS] Perplexity stats — min: 2.0020, median: 2.9168, max: 10.0000
[PerplexityIS] Redundancy threshold (p0.0): 2.0020 → 0 candidates
[PerplexityIS] Noise threshold (p100.0): 10.0000 → 0 candidates
[PerplexityIS] Removed 0 redundant + 0 noisy = 0 total instances
[PerplexityIS] Kept 9000 / 9000 (reduction = 0.00%)
[Adaptive-IS] Score stats — min: 2.0020, median: 2.9168, max: 10.0000
[Adaptive-IS] Step 2 — estimating thresholds via 'gmm_boundary' …
[Adaptive-IS] Estimated params — low_percentile=63.3, high_percentile=86.2, beta=0.600, theta=0.236, imbalance_proxy=0.174
[Adaptive-IS] GMM component means: [2.651755396329131, 3.1144458467400553, 3.935543802828961]
[Adaptive-IS] Step 3 — applying selection …
[Adaptive-IS] Redundant candidates: 5700, removing 3420 (beta=0.600)
[Adaptive-IS] Noise candidates: 1240, removing 292 (theta=0.236)
[Adaptive-IS] Removed 3712 instances — kept 5288 / 9000 (reduction = 41.24%)
[8.24787425994873, 5.508828401565552, 5.430752515792847, 5.3244147300720215, 5.226257801055908, 5.399357795715332, 5.267793893814087, 5.217776536941528, 5.189097166061401]
Fold 9
[Adaptive-IS] Step 1 — computing scores via 'perplexity' …
[PerplexityIS] Fitting LDA with 10 topics on 9000 instances …
[PerplexityIS] Perplexity stats — min: 1.9084, median: 2.9137, max: 10.0000
[PerplexityIS] Redundancy threshold (p0.0): 1.9084 → 0 candidates
[PerplexityIS] Noise threshold (p100.0): 10.0000 → 0 candidates
[PerplexityIS] Removed 0 redundant + 0 noisy = 0 total instances
[PerplexityIS] Kept 9000 / 9000 (reduction = 0.00%)
[Adaptive-IS] Score stats — min: 1.9084, median: 2.9137, max: 10.0000
[Adaptive-IS] Step 2 — estimating thresholds via 'gmm_boundary' …
[Adaptive-IS] Estimated params — low_percentile=62.0, high_percentile=81.8, beta=0.600, theta=0.290, imbalance_proxy=0.171
[Adaptive-IS] GMM component means: [2.6403962146812607, 3.090014137606206, 3.7809409891634207]
[Adaptive-IS] Step 3 — applying selection …
[Adaptive-IS] Redundant candidates: 5584, removing 3350 (beta=0.600)
[Adaptive-IS] Noise candidates: 1634, removing 473 (theta=0.290)
[Adaptive-IS] Removed 3823 instances — kept 5177 / 9000 (reduction = 42.48%)
[8.24787425994873, 5.508828401565552, 5.430752515792847, 5.3244147300720215, 5.226257801055908, 5.399357795715332, 5.267793893814087, 5.217776536941528, 5.189097166061401, 5.363104581832886]
END
  Method: adaptive-v2-perplexity
Namespace(dataset='subj', method='adaptive-v2-perplexity', folds=10, save=True, inputrep='tfidf', out='/app/unsupervised-is/resources/outsel', datain='/app/unsupervised-is/resources/datasets', overwrite=1, inputdir='/app/unsupervised-is/resources/datasets/subj/tfidf/', splitdir='/app/unsupervised-is/resources/datasets/subj/splits/', outputdir='/app/unsupervised-is/resources/outsel/selection/subj/', filename='/app/unsupervised-is/resources/outsel/selection/subj//saida_adaptive-v2-perplexity', start_time='05-06-2026 04:23:58')
/app/unsupervised-is/resources/datasets/subj/splits//split_10.pkl
Fold 0
[AdaptiveV2-IS] Step 1 — scoring via 'perplexity' …
[PerplexityIS] Fitting LDA with 10 topics on 9000 instances …
[PerplexityIS] Perplexity stats — min: 2.0257, median: 2.9196, max: 10.0000
[PerplexityIS] Redundancy threshold (p0.0): 2.0257 → 0 candidates
[PerplexityIS] Noise threshold (p100.0): 10.0000 → 0 candidates
[PerplexityIS] Removed 0 redundant + 0 noisy = 0 total instances
[PerplexityIS] Kept 9000 / 9000 (reduction = 0.00%)
[AdaptiveV2-IS] Score stats — min: 2.0257, p25: 2.6568, median: 2.9196, p75: 3.3449, max: 10.0000
[AdaptiveV2-IS] Step 2 — estimating params via quartile density …
[AdaptiveV2-IS] Quartile widths: Q1_frac=0.079, Q2_frac=0.033, total_range=7.9743
[AdaptiveV2-IS] Params: beta_q1=0.700, beta_q2=0.600, theta=0.248, imbalance_proxy=0.174
[AdaptiveV2-IS] Step 3 — applying quartile selection …
[AdaptiveV2-IS] Q1 (2250 instances): removing 1575 (beta_q1=0.700, uniform)
[AdaptiveV2-IS] Q2 (2250 instances): removing 1350 (beta_q2=0.600, uniform)
[AdaptiveV2-IS] Q4 (2250 instances): removing 557 (theta=0.248, weighted)
[AdaptiveV2-IS] Done — removed 3482 / 9000 (reduction = 38.69%)
[7.958871841430664]
Fold 1
[AdaptiveV2-IS] Step 1 — scoring via 'perplexity' …
[PerplexityIS] Fitting LDA with 10 topics on 9000 instances …
[PerplexityIS] Perplexity stats — min: 1.9366, median: 2.9146, max: 10.0000
[PerplexityIS] Redundancy threshold (p0.0): 1.9366 → 0 candidates
[PerplexityIS] Noise threshold (p100.0): 10.0000 → 0 candidates
[PerplexityIS] Removed 0 redundant + 0 noisy = 0 total instances
[PerplexityIS] Kept 9000 / 9000 (reduction = 0.00%)
[AdaptiveV2-IS] Score stats — min: 1.9366, p25: 2.6528, median: 2.9146, p75: 3.3416, max: 10.0000
[AdaptiveV2-IS] Step 2 — estimating params via quartile density …
[AdaptiveV2-IS] Quartile widths: Q1_frac=0.089, Q2_frac=0.032, total_range=8.0634
[AdaptiveV2-IS] Params: beta_q1=0.700, beta_q2=0.600, theta=0.247, imbalance_proxy=0.175
[AdaptiveV2-IS] Step 3 — applying quartile selection …
[AdaptiveV2-IS] Q1 (2250 instances): removing 1575 (beta_q1=0.700, uniform)
[AdaptiveV2-IS] Q2 (2250 instances): removing 1350 (beta_q2=0.600, uniform)
[AdaptiveV2-IS] Q4 (2250 instances): removing 556 (theta=0.247, weighted)
[AdaptiveV2-IS] Done — removed 3481 / 9000 (reduction = 38.68%)
[7.958871841430664, 5.0942301750183105]
Fold 2
[AdaptiveV2-IS] Step 1 — scoring via 'perplexity' …
[PerplexityIS] Fitting LDA with 10 topics on 9000 instances …
[PerplexityIS] Perplexity stats — min: 1.9903, median: 2.9151, max: 6.1126
[PerplexityIS] Redundancy threshold (p0.0): 1.9903 → 0 candidates
[PerplexityIS] Noise threshold (p100.0): 6.1126 → 0 candidates
[PerplexityIS] Removed 0 redundant + 0 noisy = 0 total instances
[PerplexityIS] Kept 9000 / 9000 (reduction = 0.00%)
[AdaptiveV2-IS] Score stats — min: 1.9903, p25: 2.6555, median: 2.9151, p75: 3.3385, max: 6.1126
[AdaptiveV2-IS] Step 2 — estimating params via quartile density …
[AdaptiveV2-IS] Quartile widths: Q1_frac=0.161, Q2_frac=0.063, total_range=4.1223
[AdaptiveV2-IS] Params: beta_q1=0.700, beta_q2=0.600, theta=0.248, imbalance_proxy=0.173
[AdaptiveV2-IS] Step 3 — applying quartile selection …
[AdaptiveV2-IS] Q1 (2250 instances): removing 1575 (beta_q1=0.700, uniform)
[AdaptiveV2-IS] Q2 (2250 instances): removing 1350 (beta_q2=0.600, uniform)
[AdaptiveV2-IS] Q4 (2250 instances): removing 558 (theta=0.248, weighted)
[AdaptiveV2-IS] Done — removed 3483 / 9000 (reduction = 38.70%)
[7.958871841430664, 5.0942301750183105, 5.193883895874023]
Fold 3
[AdaptiveV2-IS] Step 1 — scoring via 'perplexity' …
[PerplexityIS] Fitting LDA with 10 topics on 9000 instances …
[PerplexityIS] Perplexity stats — min: 1.9058, median: 2.9173, max: 10.0000
[PerplexityIS] Redundancy threshold (p0.0): 1.9058 → 0 candidates
[PerplexityIS] Noise threshold (p100.0): 10.0000 → 0 candidates
[PerplexityIS] Removed 0 redundant + 0 noisy = 0 total instances
[PerplexityIS] Kept 9000 / 9000 (reduction = 0.00%)
[AdaptiveV2-IS] Score stats — min: 1.9058, p25: 2.6558, median: 2.9173, p75: 3.3424, max: 10.0000
[AdaptiveV2-IS] Step 2 — estimating params via quartile density …
[AdaptiveV2-IS] Quartile widths: Q1_frac=0.093, Q2_frac=0.032, total_range=8.0942
[AdaptiveV2-IS] Params: beta_q1=0.700, beta_q2=0.600, theta=0.247, imbalance_proxy=0.175
[AdaptiveV2-IS] Step 3 — applying quartile selection …
[AdaptiveV2-IS] Q1 (2250 instances): removing 1575 (beta_q1=0.700, uniform)
[AdaptiveV2-IS] Q2 (2250 instances): removing 1350 (beta_q2=0.600, uniform)
[AdaptiveV2-IS] Q4 (2250 instances): removing 556 (theta=0.247, weighted)
[AdaptiveV2-IS] Done — removed 3481 / 9000 (reduction = 38.68%)
[7.958871841430664, 5.0942301750183105, 5.193883895874023, 5.119600057601929]
Fold 4
[AdaptiveV2-IS] Step 1 — scoring via 'perplexity' …
[PerplexityIS] Fitting LDA with 10 topics on 9000 instances …
[PerplexityIS] Perplexity stats — min: 2.0022, median: 2.9168, max: 10.0000
[PerplexityIS] Redundancy threshold (p0.0): 2.0022 → 0 candidates
[PerplexityIS] Noise threshold (p100.0): 10.0000 → 0 candidates
[PerplexityIS] Removed 0 redundant + 0 noisy = 0 total instances
[PerplexityIS] Kept 9000 / 9000 (reduction = 0.00%)
[AdaptiveV2-IS] Score stats — min: 2.0022, p25: 2.6564, median: 2.9168, p75: 3.3391, max: 10.0000
[AdaptiveV2-IS] Step 2 — estimating params via quartile density …
[AdaptiveV2-IS] Quartile widths: Q1_frac=0.082, Q2_frac=0.033, total_range=7.9978
[AdaptiveV2-IS] Params: beta_q1=0.700, beta_q2=0.600, theta=0.248, imbalance_proxy=0.173
[AdaptiveV2-IS] Step 3 — applying quartile selection …
[AdaptiveV2-IS] Q1 (2250 instances): removing 1575 (beta_q1=0.700, uniform)
[AdaptiveV2-IS] Q2 (2250 instances): removing 1350 (beta_q2=0.600, uniform)
[AdaptiveV2-IS] Q4 (2250 instances): removing 558 (theta=0.248, weighted)
[AdaptiveV2-IS] Done — removed 3483 / 9000 (reduction = 38.70%)
[7.958871841430664, 5.0942301750183105, 5.193883895874023, 5.119600057601929, 5.161051273345947]
Fold 5
[AdaptiveV2-IS] Step 1 — scoring via 'perplexity' …
[PerplexityIS] Fitting LDA with 10 topics on 9000 instances …
[PerplexityIS] Perplexity stats — min: 2.0022, median: 2.9160, max: 10.0000
[PerplexityIS] Redundancy threshold (p0.0): 2.0022 → 0 candidates
[PerplexityIS] Noise threshold (p100.0): 10.0000 → 0 candidates
[PerplexityIS] Removed 0 redundant + 0 noisy = 0 total instances
[PerplexityIS] Kept 9000 / 9000 (reduction = 0.00%)
[AdaptiveV2-IS] Score stats — min: 2.0022, p25: 2.6571, median: 2.9160, p75: 3.3382, max: 10.0000
[AdaptiveV2-IS] Step 2 — estimating params via quartile density …
[AdaptiveV2-IS] Quartile widths: Q1_frac=0.082, Q2_frac=0.032, total_range=7.9978
[AdaptiveV2-IS] Params: beta_q1=0.700, beta_q2=0.600, theta=0.248, imbalance_proxy=0.173
[AdaptiveV2-IS] Step 3 — applying quartile selection …
[AdaptiveV2-IS] Q1 (2250 instances): removing 1575 (beta_q1=0.700, uniform)
[AdaptiveV2-IS] Q2 (2250 instances): removing 1350 (beta_q2=0.600, uniform)
[AdaptiveV2-IS] Q4 (2250 instances): removing 558 (theta=0.248, weighted)
[AdaptiveV2-IS] Done — removed 3483 / 9000 (reduction = 38.70%)
[7.958871841430664, 5.0942301750183105, 5.193883895874023, 5.119600057601929, 5.161051273345947, 5.060248374938965]
Fold 6
[AdaptiveV2-IS] Step 1 — scoring via 'perplexity' …
[PerplexityIS] Fitting LDA with 10 topics on 9000 instances …
[PerplexityIS] Perplexity stats — min: 2.0038, median: 2.9226, max: 10.0000
[PerplexityIS] Redundancy threshold (p0.0): 2.0038 → 0 candidates
[PerplexityIS] Noise threshold (p100.0): 10.0000 → 0 candidates
[PerplexityIS] Removed 0 redundant + 0 noisy = 0 total instances
[PerplexityIS] Kept 9000 / 9000 (reduction = 0.00%)
[AdaptiveV2-IS] Score stats — min: 2.0038, p25: 2.6582, median: 2.9226, p75: 3.3504, max: 10.0000
[AdaptiveV2-IS] Step 2 — estimating params via quartile density …
[AdaptiveV2-IS] Quartile widths: Q1_frac=0.082, Q2_frac=0.033, total_range=7.9962
[AdaptiveV2-IS] Params: beta_q1=0.700, beta_q2=0.600, theta=0.248, imbalance_proxy=0.174
[AdaptiveV2-IS] Step 3 — applying quartile selection …
[AdaptiveV2-IS] Q1 (2250 instances): removing 1575 (beta_q1=0.700, uniform)
[AdaptiveV2-IS] Q2 (2250 instances): removing 1350 (beta_q2=0.600, uniform)
[AdaptiveV2-IS] Q4 (2250 instances): removing 557 (theta=0.248, weighted)
[AdaptiveV2-IS] Done — removed 3482 / 9000 (reduction = 38.69%)
[7.958871841430664, 5.0942301750183105, 5.193883895874023, 5.119600057601929, 5.161051273345947, 5.060248374938965, 5.165479421615601]
Fold 7
[AdaptiveV2-IS] Step 1 — scoring via 'perplexity' …
[PerplexityIS] Fitting LDA with 10 topics on 9000 instances …
[PerplexityIS] Perplexity stats — min: 1.9568, median: 2.9154, max: 10.0000
[PerplexityIS] Redundancy threshold (p0.0): 1.9568 → 0 candidates
[PerplexityIS] Noise threshold (p100.0): 10.0000 → 0 candidates
[PerplexityIS] Removed 0 redundant + 0 noisy = 0 total instances
[PerplexityIS] Kept 9000 / 9000 (reduction = 0.00%)
[AdaptiveV2-IS] Score stats — min: 1.9568, p25: 2.6553, median: 2.9154, p75: 3.3386, max: 10.0000
[AdaptiveV2-IS] Step 2 — estimating params via quartile density …
[AdaptiveV2-IS] Quartile widths: Q1_frac=0.087, Q2_frac=0.032, total_range=8.0432
[AdaptiveV2-IS] Params: beta_q1=0.700, beta_q2=0.600, theta=0.248, imbalance_proxy=0.175
[AdaptiveV2-IS] Step 3 — applying quartile selection …
[AdaptiveV2-IS] Q1 (2250 instances): removing 1575 (beta_q1=0.700, uniform)
[AdaptiveV2-IS] Q2 (2250 instances): removing 1350 (beta_q2=0.600, uniform)
[AdaptiveV2-IS] Q4 (2250 instances): removing 557 (theta=0.248, weighted)
[AdaptiveV2-IS] Done — removed 3482 / 9000 (reduction = 38.69%)
[7.958871841430664, 5.0942301750183105, 5.193883895874023, 5.119600057601929, 5.161051273345947, 5.060248374938965, 5.165479421615601, 5.179723739624023]
Fold 8
[AdaptiveV2-IS] Step 1 — scoring via 'perplexity' …
[PerplexityIS] Fitting LDA with 10 topics on 9000 instances …
[PerplexityIS] Perplexity stats — min: 2.0020, median: 2.9168, max: 10.0000
[PerplexityIS] Redundancy threshold (p0.0): 2.0020 → 0 candidates
[PerplexityIS] Noise threshold (p100.0): 10.0000 → 0 candidates
[PerplexityIS] Removed 0 redundant + 0 noisy = 0 total instances
[PerplexityIS] Kept 9000 / 9000 (reduction = 0.00%)
[AdaptiveV2-IS] Score stats — min: 2.0020, p25: 2.6576, median: 2.9168, p75: 3.3458, max: 10.0000
[AdaptiveV2-IS] Step 2 — estimating params via quartile density …
[AdaptiveV2-IS] Quartile widths: Q1_frac=0.082, Q2_frac=0.032, total_range=7.9980
[AdaptiveV2-IS] Params: beta_q1=0.700, beta_q2=0.600, theta=0.248, imbalance_proxy=0.174
[AdaptiveV2-IS] Step 3 — applying quartile selection …
[AdaptiveV2-IS] Q1 (2250 instances): removing 1575 (beta_q1=0.700, uniform)
[AdaptiveV2-IS] Q2 (2250 instances): removing 1350 (beta_q2=0.600, uniform)
[AdaptiveV2-IS] Q4 (2250 instances): removing 557 (theta=0.248, weighted)
[AdaptiveV2-IS] Done — removed 3482 / 9000 (reduction = 38.69%)
[7.958871841430664, 5.0942301750183105, 5.193883895874023, 5.119600057601929, 5.161051273345947, 5.060248374938965, 5.165479421615601, 5.179723739624023, 5.152209043502808]
Fold 9
[AdaptiveV2-IS] Step 1 — scoring via 'perplexity' …
[PerplexityIS] Fitting LDA with 10 topics on 9000 instances …
[PerplexityIS] Perplexity stats — min: 1.9084, median: 2.9137, max: 10.0000
[PerplexityIS] Redundancy threshold (p0.0): 1.9084 → 0 candidates
[PerplexityIS] Noise threshold (p100.0): 10.0000 → 0 candidates
[PerplexityIS] Removed 0 redundant + 0 noisy = 0 total instances
[PerplexityIS] Kept 9000 / 9000 (reduction = 0.00%)
[AdaptiveV2-IS] Score stats — min: 1.9084, p25: 2.6551, median: 2.9137, p75: 3.3390, max: 10.0000
[AdaptiveV2-IS] Step 2 — estimating params via quartile density …
[AdaptiveV2-IS] Quartile widths: Q1_frac=0.092, Q2_frac=0.032, total_range=8.0916
[AdaptiveV2-IS] Params: beta_q1=0.700, beta_q2=0.600, theta=0.249, imbalance_proxy=0.171
[AdaptiveV2-IS] Step 3 — applying quartile selection …
[AdaptiveV2-IS] Q1 (2250 instances): removing 1575 (beta_q1=0.700, uniform)
[AdaptiveV2-IS] Q2 (2250 instances): removing 1350 (beta_q2=0.600, uniform)
[AdaptiveV2-IS] Q4 (2250 instances): removing 559 (theta=0.249, weighted)
[AdaptiveV2-IS] Done — removed 3484 / 9000 (reduction = 38.71%)
[7.958871841430664, 5.0942301750183105, 5.193883895874023, 5.119600057601929, 5.161051273345947, 5.060248374938965, 5.165479421615601, 5.179723739624023, 5.152209043502808, 5.1670310497283936]
END
Dataset: yelp_reviews
  Method: no-is
Namespace(dataset='yelp_reviews', method='no-is', folds=10, save=True, inputrep='tfidf', out='/app/unsupervised-is/resources/outsel', datain='/app/unsupervised-is/resources/datasets', overwrite=1, inputdir='/app/unsupervised-is/resources/datasets/yelp_reviews/tfidf/', splitdir='/app/unsupervised-is/resources/datasets/yelp_reviews/splits/', outputdir='/app/unsupervised-is/resources/outsel/selection/yelp_reviews/', filename='/app/unsupervised-is/resources/outsel/selection/yelp_reviews//saida_no-is', start_time='05-06-2026 04:24:58')
/app/unsupervised-is/resources/datasets/yelp_reviews/splits//split_10.pkl
Fold 0
[0.0048542022705078125]
Fold 1
[0.0048542022705078125, 0.004353523254394531]
Fold 2
[0.0048542022705078125, 0.004353523254394531, 0.002993345260620117]
Fold 3
[0.0048542022705078125, 0.004353523254394531, 0.002993345260620117, 0.003724813461303711]
Fold 4
[0.0048542022705078125, 0.004353523254394531, 0.002993345260620117, 0.003724813461303711, 0.0026938915252685547]
Fold 5
[0.0048542022705078125, 0.004353523254394531, 0.002993345260620117, 0.003724813461303711, 0.0026938915252685547, 0.004044771194458008]
Fold 6
[0.0048542022705078125, 0.004353523254394531, 0.002993345260620117, 0.003724813461303711, 0.0026938915252685547, 0.004044771194458008, 0.0027201175689697266]
Fold 7
[0.0048542022705078125, 0.004353523254394531, 0.002993345260620117, 0.003724813461303711, 0.0026938915252685547, 0.004044771194458008, 0.0027201175689697266, 0.0026373863220214844]
Fold 8
[0.0048542022705078125, 0.004353523254394531, 0.002993345260620117, 0.003724813461303711, 0.0026938915252685547, 0.004044771194458008, 0.0027201175689697266, 0.0026373863220214844, 0.00473475456237793]
Fold 9
[0.0048542022705078125, 0.004353523254394531, 0.002993345260620117, 0.003724813461303711, 0.0026938915252685547, 0.004044771194458008, 0.0027201175689697266, 0.0026373863220214844, 0.00473475456237793, 0.002722024917602539]
END
  Method: biois
Namespace(dataset='yelp_reviews', method='biois', folds=10, save=True, inputrep='tfidf', out='/app/unsupervised-is/resources/outsel', datain='/app/unsupervised-is/resources/datasets', overwrite=1, inputdir='/app/unsupervised-is/resources/datasets/yelp_reviews/tfidf/', splitdir='/app/unsupervised-is/resources/datasets/yelp_reviews/splits/', outputdir='/app/unsupervised-is/resources/outsel/selection/yelp_reviews/', filename='/app/unsupervised-is/resources/outsel/selection/yelp_reviews//saida_biois', start_time='05-06-2026 04:25:05')
/app/unsupervised-is/resources/datasets/yelp_reviews/splits//split_10.pkl
Fold 0
fitting_alpha_by_lr_default
LogisticRegression()
LogisticRegression()
LogisticRegression()
LogisticRegression()
LogisticRegression()
Micro: 0.9313333333333333
Macro: 0.931331539475772
identifyNoiseByLowerNNEntropy
[3.091400623321533]
Fold 1
fitting_alpha_by_lr_default
LogisticRegression()
LogisticRegression()
LogisticRegression()
LogisticRegression()
LogisticRegression()
Micro: 0.9313333333333333
Macro: 0.9313304814288831
identifyNoiseByLowerNNEntropy
[3.091400623321533, 2.9984164237976074]
Fold 2
fitting_alpha_by_lr_default
LogisticRegression()
LogisticRegression()
LogisticRegression()
LogisticRegression()
LogisticRegression()
Micro: 0.9366666666666666
Macro: 0.9366623847310962
identifyNoiseByLowerNNEntropy
[3.091400623321533, 2.9984164237976074, 3.602999448776245]
Fold 3
fitting_alpha_by_lr_default
LogisticRegression()
LogisticRegression()
LogisticRegression()
LogisticRegression()
LogisticRegression()
Micro: 0.9335555555555556
Macro: 0.933552402165851
identifyNoiseByLowerNNEntropy
[3.091400623321533, 2.9984164237976074, 3.602999448776245, 3.302985429763794]
Fold 4
fitting_alpha_by_lr_default
LogisticRegression()
LogisticRegression()
LogisticRegression()
LogisticRegression()
LogisticRegression()
Micro: 0.9328888888888889
Macro: 0.9328850575371117
identifyNoiseByLowerNNEntropy
[3.091400623321533, 2.9984164237976074, 3.602999448776245, 3.302985429763794, 2.5147793292999268]
Fold 5
fitting_alpha_by_lr_default
LogisticRegression()
LogisticRegression()
LogisticRegression()
LogisticRegression()
LogisticRegression()
Micro: 0.9326666666666666
Macro: 0.9326645884132226
identifyNoiseByLowerNNEntropy
[3.091400623321533, 2.9984164237976074, 3.602999448776245, 3.302985429763794, 2.5147793292999268, 3.001215696334839]
Fold 6
fitting_alpha_by_lr_default
LogisticRegression()
LogisticRegression()
LogisticRegression()
LogisticRegression()
LogisticRegression()
Micro: 0.9328888888888889
Macro: 0.9328835858635744
identifyNoiseByLowerNNEntropy
[3.091400623321533, 2.9984164237976074, 3.602999448776245, 3.302985429763794, 2.5147793292999268, 3.001215696334839, 69.24151968955994]
Fold 7
fitting_alpha_by_lr_default
LogisticRegression()
LogisticRegression()
LogisticRegression()
LogisticRegression()
LogisticRegression()
Micro: 0.9335555555555556
Macro: 0.9335535047378005
identifyNoiseByLowerNNEntropy
[3.091400623321533, 2.9984164237976074, 3.602999448776245, 3.302985429763794, 2.5147793292999268, 3.001215696334839, 69.24151968955994, 33.6689555644989]
Fold 8
fitting_alpha_by_lr_default
LogisticRegression()
LogisticRegression()
LogisticRegression()
LogisticRegression()
LogisticRegression()
Micro: 0.9293333333333333
Macro: 0.9293288103771975
identifyNoiseByLowerNNEntropy
[3.091400623321533, 2.9984164237976074, 3.602999448776245, 3.302985429763794, 2.5147793292999268, 3.001215696334839, 69.24151968955994, 33.6689555644989, 56.931010484695435]
Fold 9
fitting_alpha_by_lr_default
LogisticRegression()
LogisticRegression()
LogisticRegression()
LogisticRegression()
LogisticRegression()
Micro: 0.9331111111111111
Macro: 0.9331070645014328
identifyNoiseByLowerNNEntropy
[3.091400623321533, 2.9984164237976074, 3.602999448776245, 3.302985429763794, 2.5147793292999268, 3.001215696334839, 69.24151968955994, 33.6689555644989, 56.931010484695435, 66.88285541534424]
END
  Method: perplexity-is
Namespace(dataset='yelp_reviews', method='perplexity-is', folds=10, save=True, inputrep='tfidf', out='/app/unsupervised-is/resources/outsel', datain='/app/unsupervised-is/resources/datasets', overwrite=1, inputdir='/app/unsupervised-is/resources/datasets/yelp_reviews/tfidf/', splitdir='/app/unsupervised-is/resources/datasets/yelp_reviews/splits/', outputdir='/app/unsupervised-is/resources/outsel/selection/yelp_reviews/', filename='/app/unsupervised-is/resources/outsel/selection/yelp_reviews//saida_perplexity-is', start_time='05-06-2026 04:29:17')
/app/unsupervised-is/resources/datasets/yelp_reviews/splits//split_10.pkl
Fold 0
[PerplexityIS] Fitting LDA with 10 topics on 4500 instances …
[PerplexityIS] Perplexity stats — min: 1.3549, median: 2.3695, max: 6.3281
[PerplexityIS] Redundancy threshold (p40): 2.2635 → 1800 candidates
[PerplexityIS] Redundant instances: 1800, removing 1080 with beta=0.6
[PerplexityIS] Noise threshold (p70): 2.6258 → 1350 candidates
[PerplexityIS] Noise instances: 1350, removing 270 with theta=0.2
[PerplexityIS] Removed 1080 redundant + 270 noisy = 1350 total instances
[PerplexityIS] Kept 3150 / 4500 (reduction = 30.00%)
[7.5549280643463135]
Fold 1
[PerplexityIS] Fitting LDA with 10 topics on 4500 instances …
[PerplexityIS] Perplexity stats — min: 1.3579, median: 2.3312, max: 6.3275
[PerplexityIS] Redundancy threshold (p40): 2.2278 → 1800 candidates
[PerplexityIS] Redundant instances: 1800, removing 1080 with beta=0.6
[PerplexityIS] Noise threshold (p70): 2.5853 → 1350 candidates
[PerplexityIS] Noise instances: 1350, removing 270 with theta=0.2
[PerplexityIS] Removed 1080 redundant + 270 noisy = 1350 total instances
[PerplexityIS] Kept 3150 / 4500 (reduction = 30.00%)
[7.5549280643463135, 4.804532289505005]
Fold 2
[PerplexityIS] Fitting LDA with 10 topics on 4500 instances …
[PerplexityIS] Perplexity stats — min: 1.3579, median: 2.4093, max: 6.3361
[PerplexityIS] Redundancy threshold (p40): 2.3048 → 1800 candidates
[PerplexityIS] Redundant instances: 1800, removing 1080 with beta=0.6
[PerplexityIS] Noise threshold (p70): 2.6560 → 1350 candidates
[PerplexityIS] Noise instances: 1350, removing 270 with theta=0.2
[PerplexityIS] Removed 1080 redundant + 270 noisy = 1350 total instances
[PerplexityIS] Kept 3150 / 4500 (reduction = 30.00%)
[7.5549280643463135, 4.804532289505005, 4.464287996292114]
Fold 3
[PerplexityIS] Fitting LDA with 10 topics on 4500 instances …
[PerplexityIS] Perplexity stats — min: 1.3879, median: 2.4711, max: 6.4495
[PerplexityIS] Redundancy threshold (p40): 2.3529 → 1800 candidates
[PerplexityIS] Redundant instances: 1800, removing 1080 with beta=0.6
[PerplexityIS] Noise threshold (p70): 2.7198 → 1350 candidates
[PerplexityIS] Noise instances: 1350, removing 270 with theta=0.2
[PerplexityIS] Removed 1080 redundant + 270 noisy = 1350 total instances
[PerplexityIS] Kept 3150 / 4500 (reduction = 30.00%)
[7.5549280643463135, 4.804532289505005, 4.464287996292114, 4.743982791900635]
Fold 4
[PerplexityIS] Fitting LDA with 10 topics on 4500 instances …
[PerplexityIS] Perplexity stats — min: 1.3799, median: 2.4941, max: 6.3338
[PerplexityIS] Redundancy threshold (p40): 2.3795 → 1800 candidates
[PerplexityIS] Redundant instances: 1800, removing 1080 with beta=0.6
[PerplexityIS] Noise threshold (p70): 2.7458 → 1350 candidates
[PerplexityIS] Noise instances: 1350, removing 270 with theta=0.2
[PerplexityIS] Removed 1080 redundant + 270 noisy = 1350 total instances
[PerplexityIS] Kept 3150 / 4500 (reduction = 30.00%)
[7.5549280643463135, 4.804532289505005, 4.464287996292114, 4.743982791900635, 4.524856328964233]
Fold 5
[PerplexityIS] Fitting LDA with 10 topics on 4500 instances …
[PerplexityIS] Perplexity stats — min: 1.3548, median: 2.4142, max: 5.9788
[PerplexityIS] Redundancy threshold (p40): 2.3011 → 1800 candidates
[PerplexityIS] Redundant instances: 1800, removing 1080 with beta=0.6
[PerplexityIS] Noise threshold (p70): 2.6632 → 1350 candidates
[PerplexityIS] Noise instances: 1350, removing 270 with theta=0.2
[PerplexityIS] Removed 1080 redundant + 270 noisy = 1350 total instances
[PerplexityIS] Kept 3150 / 4500 (reduction = 30.00%)
[7.5549280643463135, 4.804532289505005, 4.464287996292114, 4.743982791900635, 4.524856328964233, 4.313536882400513]
Fold 6
[PerplexityIS] Fitting LDA with 10 topics on 4500 instances …
[PerplexityIS] Perplexity stats — min: 1.3579, median: 2.4379, max: 6.3319
[PerplexityIS] Redundancy threshold (p40): 2.3223 → 1800 candidates
[PerplexityIS] Redundant instances: 1800, removing 1080 with beta=0.6
[PerplexityIS] Noise threshold (p70): 2.6911 → 1350 candidates
[PerplexityIS] Noise instances: 1350, removing 270 with theta=0.2
[PerplexityIS] Removed 1080 redundant + 270 noisy = 1350 total instances
[PerplexityIS] Kept 3150 / 4500 (reduction = 30.00%)
[7.5549280643463135, 4.804532289505005, 4.464287996292114, 4.743982791900635, 4.524856328964233, 4.313536882400513, 4.423314332962036]
Fold 7
[PerplexityIS] Fitting LDA with 10 topics on 4500 instances …
[PerplexityIS] Perplexity stats — min: 1.3340, median: 2.2648, max: 6.3426
[PerplexityIS] Redundancy threshold (p40): 2.1601 → 1800 candidates
[PerplexityIS] Redundant instances: 1800, removing 1080 with beta=0.6
[PerplexityIS] Noise threshold (p70): 2.5206 → 1350 candidates
[PerplexityIS] Noise instances: 1350, removing 270 with theta=0.2
[PerplexityIS] Removed 1080 redundant + 270 noisy = 1350 total instances
[PerplexityIS] Kept 3150 / 4500 (reduction = 30.00%)
[7.5549280643463135, 4.804532289505005, 4.464287996292114, 4.743982791900635, 4.524856328964233, 4.313536882400513, 4.423314332962036, 4.012018918991089]
Fold 8
[PerplexityIS] Fitting LDA with 10 topics on 4500 instances …
[PerplexityIS] Perplexity stats — min: 1.3341, median: 2.2643, max: 5.9267
[PerplexityIS] Redundancy threshold (p40): 2.1615 → 1800 candidates
[PerplexityIS] Redundant instances: 1800, removing 1080 with beta=0.6
[PerplexityIS] Noise threshold (p70): 2.5250 → 1350 candidates
[PerplexityIS] Noise instances: 1350, removing 270 with theta=0.2
[PerplexityIS] Removed 1080 redundant + 270 noisy = 1350 total instances
[PerplexityIS] Kept 3150 / 4500 (reduction = 30.00%)
[7.5549280643463135, 4.804532289505005, 4.464287996292114, 4.743982791900635, 4.524856328964233, 4.313536882400513, 4.423314332962036, 4.012018918991089, 4.171008110046387]
Fold 9
[PerplexityIS] Fitting LDA with 10 topics on 4500 instances …
[PerplexityIS] Perplexity stats — min: 1.3319, median: 2.3469, max: 5.9324
[PerplexityIS] Redundancy threshold (p40): 2.2378 → 1800 candidates
[PerplexityIS] Redundant instances: 1800, removing 1080 with beta=0.6
[PerplexityIS] Noise threshold (p70): 2.6027 → 1350 candidates
[PerplexityIS] Noise instances: 1350, removing 270 with theta=0.2
[PerplexityIS] Removed 1080 redundant + 270 noisy = 1350 total instances
[PerplexityIS] Kept 3150 / 4500 (reduction = 30.00%)
[7.5549280643463135, 4.804532289505005, 4.464287996292114, 4.743982791900635, 4.524856328964233, 4.313536882400513, 4.423314332962036, 4.012018918991089, 4.171008110046387, 4.3040900230407715]
END
  Method: autoencoder-is
Namespace(dataset='yelp_reviews', method='autoencoder-is', folds=10, save=True, inputrep='tfidf', out='/app/unsupervised-is/resources/outsel', datain='/app/unsupervised-is/resources/datasets', overwrite=1, inputdir='/app/unsupervised-is/resources/datasets/yelp_reviews/tfidf/', splitdir='/app/unsupervised-is/resources/datasets/yelp_reviews/splits/', outputdir='/app/unsupervised-is/resources/outsel/selection/yelp_reviews/', filename='/app/unsupervised-is/resources/outsel/selection/yelp_reviews//saida_autoencoder-is', start_time='05-06-2026 04:30:12')
/app/unsupervised-is/resources/datasets/yelp_reviews/splits//split_10.pkl
Fold 0
[AE-IS] Using GPU: NVIDIA A100-SXM4-80GB
[AE-IS] Architecture: 23631 → 20 → 10 → 20 → 23631
[AE-IS] Training autoencoder on 4500 instances (23631 features) for up to 20 epochs …
  Epoch   1/20 — loss: 1.186206 (best: 1.186206)
  Epoch  10/20 — loss: 1.011336 (best: 1.008760)
  Epoch  20/20 — loss: 1.001478 (best: 1.001255)
[AE-IS] Training finished — best loss: 1.001255
[AE-IS] Reconstruction error stats — min: 0.020898, median: 0.730814, max: 14.297175
[AE-IS] Redundant instances: 1800, removing 1080 with beta=0.6
[AE-IS] Noise instances: 1350, removing 270 with theta=0.2
[AE-IS] Removed 1080 redundant + 270 noisy = 1350 total instances
[AE-IS] Kept 3150 / 4500 (reduction = 30.00%)
[8.77662181854248]
Fold 1
[AE-IS] Using GPU: NVIDIA A100-SXM4-80GB
[AE-IS] Architecture: 23629 → 20 → 10 → 20 → 23629
[AE-IS] Training autoencoder on 4500 instances (23629 features) for up to 20 epochs …
  Epoch   1/20 — loss: 1.180212 (best: 1.180212)
  Epoch  10/20 — loss: 1.012997 (best: 1.009637)
  Epoch  20/20 — loss: 1.002471 (best: 1.002471)
[AE-IS] Training finished — best loss: 1.002471
[AE-IS] Reconstruction error stats — min: 0.019535, median: 0.729576, max: 13.569134
[AE-IS] Redundant instances: 1800, removing 1080 with beta=0.6
[AE-IS] Noise instances: 1350, removing 270 with theta=0.2
[AE-IS] Removed 1080 redundant + 270 noisy = 1350 total instances
[AE-IS] Kept 3150 / 4500 (reduction = 30.00%)
[8.77662181854248, 5.521061658859253]
Fold 2
[AE-IS] Using GPU: NVIDIA A100-SXM4-80GB
[AE-IS] Architecture: 23417 → 20 → 10 → 20 → 23417
[AE-IS] Training autoencoder on 4500 instances (23417 features) for up to 20 epochs …
  Epoch   1/20 — loss: 1.171676 (best: 1.171676)
  Epoch  10/20 — loss: 1.007841 (best: 1.007404)
  Epoch  20/20 — loss: 1.005834 (best: 0.999545)
[AE-IS] Training finished — best loss: 0.999545
[AE-IS] Reconstruction error stats — min: 0.020301, median: 0.739999, max: 14.078872
[AE-IS] Redundant instances: 1800, removing 1080 with beta=0.6
[AE-IS] Noise instances: 1350, removing 270 with theta=0.2
[AE-IS] Removed 1080 redundant + 270 noisy = 1350 total instances
[AE-IS] Kept 3150 / 4500 (reduction = 30.00%)
[8.77662181854248, 5.521061658859253, 5.614381313323975]
Fold 3
[AE-IS] Using GPU: NVIDIA A100-SXM4-80GB
[AE-IS] Architecture: 23642 → 20 → 10 → 20 → 23642
[AE-IS] Training autoencoder on 4500 instances (23642 features) for up to 20 epochs …
  Epoch   1/20 — loss: 1.171916 (best: 1.171916)
  Epoch  10/20 — loss: 1.009007 (best: 1.009007)
  Epoch  20/20 — loss: 1.005095 (best: 1.003399)
[AE-IS] Training finished — best loss: 1.003399
[AE-IS] Reconstruction error stats — min: 0.020715, median: 0.731381, max: 14.332581
[AE-IS] Redundant instances: 1800, removing 1080 with beta=0.6
[AE-IS] Noise instances: 1350, removing 270 with theta=0.2
[AE-IS] Removed 1080 redundant + 270 noisy = 1350 total instances
[AE-IS] Kept 3150 / 4500 (reduction = 30.00%)
[8.77662181854248, 5.521061658859253, 5.614381313323975, 5.631424188613892]
Fold 4
[AE-IS] Using GPU: NVIDIA A100-SXM4-80GB
[AE-IS] Architecture: 23469 → 20 → 10 → 20 → 23469
[AE-IS] Training autoencoder on 4500 instances (23469 features) for up to 20 epochs …
  Epoch   1/20 — loss: 1.166270 (best: 1.166270)
  Epoch  10/20 — loss: 1.008379 (best: 1.008379)
  Epoch  20/20 — loss: 1.000191 (best: 1.000191)
[AE-IS] Training finished — best loss: 1.000191
[AE-IS] Reconstruction error stats — min: 0.020099, median: 0.735071, max: 14.172951
[AE-IS] Redundant instances: 1800, removing 1080 with beta=0.6
[AE-IS] Noise instances: 1350, removing 270 with theta=0.2
[AE-IS] Removed 1080 redundant + 270 noisy = 1350 total instances
[AE-IS] Kept 3150 / 4500 (reduction = 30.00%)
[8.77662181854248, 5.521061658859253, 5.614381313323975, 5.631424188613892, 5.45133900642395]
Fold 5
[AE-IS] Using GPU: NVIDIA A100-SXM4-80GB
[AE-IS] Architecture: 23632 → 20 → 10 → 20 → 23632
[AE-IS] Training autoencoder on 4500 instances (23632 features) for up to 20 epochs …
  Epoch   1/20 — loss: 1.183536 (best: 1.183536)
  Epoch  10/20 — loss: 1.007507 (best: 1.007507)
  Epoch  20/20 — loss: 1.001864 (best: 1.001864)
[AE-IS] Training finished — best loss: 1.001864
[AE-IS] Reconstruction error stats — min: 0.019852, median: 0.729639, max: 14.448108
[AE-IS] Redundant instances: 1800, removing 1080 with beta=0.6
[AE-IS] Noise instances: 1350, removing 270 with theta=0.2
[AE-IS] Removed 1080 redundant + 270 noisy = 1350 total instances
[AE-IS] Kept 3150 / 4500 (reduction = 30.00%)
[8.77662181854248, 5.521061658859253, 5.614381313323975, 5.631424188613892, 5.45133900642395, 5.618016719818115]
Fold 6
[AE-IS] Using GPU: NVIDIA A100-SXM4-80GB
[AE-IS] Architecture: 23377 → 20 → 10 → 20 → 23377
[AE-IS] Training autoencoder on 4500 instances (23377 features) for up to 20 epochs …
  Epoch   1/20 — loss: 1.174147 (best: 1.174147)
  Epoch  10/20 — loss: 1.007946 (best: 1.007946)
  Epoch  20/20 — loss: 1.004042 (best: 1.000641)
[AE-IS] Training finished — best loss: 1.000641
[AE-IS] Reconstruction error stats — min: 0.020602, median: 0.737494, max: 8.689137
[AE-IS] Redundant instances: 1800, removing 1080 with beta=0.6
[AE-IS] Noise instances: 1350, removing 270 with theta=0.2
[AE-IS] Removed 1080 redundant + 270 noisy = 1350 total instances
[AE-IS] Kept 3150 / 4500 (reduction = 30.00%)
[8.77662181854248, 5.521061658859253, 5.614381313323975, 5.631424188613892, 5.45133900642395, 5.618016719818115, 5.406212091445923]
Fold 7
[AE-IS] Using GPU: NVIDIA A100-SXM4-80GB
[AE-IS] Architecture: 23562 → 20 → 10 → 20 → 23562
[AE-IS] Training autoencoder on 4500 instances (23562 features) for up to 20 epochs …
  Epoch   1/20 — loss: 1.177419 (best: 1.177419)
  Epoch  10/20 — loss: 1.010324 (best: 1.010324)
  Epoch  20/20 — loss: 1.002675 (best: 1.000023)
[AE-IS] Training finished — best loss: 1.000023
[AE-IS] Reconstruction error stats — min: 0.019642, median: 0.740096, max: 13.388750
[AE-IS] Redundant instances: 1800, removing 1080 with beta=0.6
[AE-IS] Noise instances: 1350, removing 270 with theta=0.2
[AE-IS] Removed 1080 redundant + 270 noisy = 1350 total instances
[AE-IS] Kept 3150 / 4500 (reduction = 30.00%)
[8.77662181854248, 5.521061658859253, 5.614381313323975, 5.631424188613892, 5.45133900642395, 5.618016719818115, 5.406212091445923, 5.563162088394165]
Fold 8
[AE-IS] Using GPU: NVIDIA A100-SXM4-80GB
[AE-IS] Architecture: 23563 → 20 → 10 → 20 → 23563
[AE-IS] Training autoencoder on 4500 instances (23563 features) for up to 20 epochs …
  Epoch   1/20 — loss: 1.176598 (best: 1.176598)
  Epoch  10/20 — loss: 1.008163 (best: 1.008163)
  Epoch  20/20 — loss: 1.004796 (best: 1.001531)
[AE-IS] Training finished — best loss: 1.001531
[AE-IS] Reconstruction error stats — min: 0.023778, median: 0.734079, max: 14.136306
[AE-IS] Redundant instances: 1800, removing 1080 with beta=0.6
[AE-IS] Noise instances: 1350, removing 270 with theta=0.2
[AE-IS] Removed 1080 redundant + 270 noisy = 1350 total instances
[AE-IS] Kept 3150 / 4500 (reduction = 30.00%)
[8.77662181854248, 5.521061658859253, 5.614381313323975, 5.631424188613892, 5.45133900642395, 5.618016719818115, 5.406212091445923, 5.563162088394165, 5.288195848464966]
Fold 9
[AE-IS] Using GPU: NVIDIA A100-SXM4-80GB
[AE-IS] Architecture: 23667 → 20 → 10 → 20 → 23667
[AE-IS] Training autoencoder on 4500 instances (23667 features) for up to 20 epochs …
  Epoch   1/20 — loss: 1.187686 (best: 1.187686)
  Epoch  10/20 — loss: 1.007420 (best: 1.007420)
  Epoch  20/20 — loss: 1.005069 (best: 1.002551)
[AE-IS] Training finished — best loss: 1.002551
[AE-IS] Reconstruction error stats — min: 0.020018, median: 0.739661, max: 14.589966
[AE-IS] Redundant instances: 1800, removing 1080 with beta=0.6
[AE-IS] Noise instances: 1350, removing 270 with theta=0.2
[AE-IS] Removed 1080 redundant + 270 noisy = 1350 total instances
[AE-IS] Kept 3150 / 4500 (reduction = 30.00%)
[8.77662181854248, 5.521061658859253, 5.614381313323975, 5.631424188613892, 5.45133900642395, 5.618016719818115, 5.406212091445923, 5.563162088394165, 5.288195848464966, 6.603851795196533]
END
  Method: gmm-is
Namespace(dataset='yelp_reviews', method='gmm-is', folds=10, save=True, inputrep='tfidf', out='/app/unsupervised-is/resources/outsel', datain='/app/unsupervised-is/resources/datasets', overwrite=1, inputdir='/app/unsupervised-is/resources/datasets/yelp_reviews/tfidf/', splitdir='/app/unsupervised-is/resources/datasets/yelp_reviews/splits/', outputdir='/app/unsupervised-is/resources/outsel/selection/yelp_reviews/', filename='/app/unsupervised-is/resources/outsel/selection/yelp_reviews//saida_gmm-is', start_time='05-06-2026 04:31:19')
/app/unsupervised-is/resources/datasets/yelp_reviews/splits//split_10.pkl
Fold 0
[GMM] Redundant instances: 1800, removing 1080 with beta=0.6
[GMM] Noise instances: 1350, removing 270 with theta=0.2
[GMM] Removed 1080 redundant + 270 noisy = 1350 total instances
[GMM] Kept 3150 / 4500 (reduction = 30.00%)
[8.218010902404785]
Fold 1
[GMM] Redundant instances: 1800, removing 1080 with beta=0.6
[GMM] Noise instances: 1350, removing 270 with theta=0.2
[GMM] Removed 1080 redundant + 270 noisy = 1350 total instances
[GMM] Kept 3150 / 4500 (reduction = 30.00%)
[8.218010902404785, 8.613702774047852]
Fold 2
[GMM] Redundant instances: 1800, removing 1080 with beta=0.6
[GMM] Noise instances: 1350, removing 270 with theta=0.2
[GMM] Removed 1080 redundant + 270 noisy = 1350 total instances
[GMM] Kept 3150 / 4500 (reduction = 30.00%)
[8.218010902404785, 8.613702774047852, 39.60736036300659]
Fold 3
[GMM] Redundant instances: 1800, removing 1080 with beta=0.6
[GMM] Noise instances: 1350, removing 270 with theta=0.2
[GMM] Removed 1080 redundant + 270 noisy = 1350 total instances
[GMM] Kept 3150 / 4500 (reduction = 30.00%)
[8.218010902404785, 8.613702774047852, 39.60736036300659, 47.10848045349121]
Fold 4
[GMM] Redundant instances: 1800, removing 1080 with beta=0.6
[GMM] Noise instances: 1350, removing 270 with theta=0.2
[GMM] Removed 1080 redundant + 270 noisy = 1350 total instances
[GMM] Kept 3150 / 4500 (reduction = 30.00%)
[8.218010902404785, 8.613702774047852, 39.60736036300659, 47.10848045349121, 41.13216233253479]
Fold 5
[GMM] Redundant instances: 1800, removing 1080 with beta=0.6
[GMM] Noise instances: 1350, removing 270 with theta=0.2
[GMM] Removed 1080 redundant + 270 noisy = 1350 total instances
[GMM] Kept 3150 / 4500 (reduction = 30.00%)
[8.218010902404785, 8.613702774047852, 39.60736036300659, 47.10848045349121, 41.13216233253479, 45.92969727516174]
Fold 6
[GMM] Redundant instances: 1800, removing 1080 with beta=0.6
[GMM] Noise instances: 1350, removing 270 with theta=0.2
[GMM] Removed 1080 redundant + 270 noisy = 1350 total instances
[GMM] Kept 3150 / 4500 (reduction = 30.00%)
[8.218010902404785, 8.613702774047852, 39.60736036300659, 47.10848045349121, 41.13216233253479, 45.92969727516174, 30.14012622833252]
Fold 7
[GMM] Redundant instances: 1800, removing 1080 with beta=0.6
[GMM] Noise instances: 1350, removing 270 with theta=0.2
[GMM] Removed 1080 redundant + 270 noisy = 1350 total instances
[GMM] Kept 3150 / 4500 (reduction = 30.00%)
[8.218010902404785, 8.613702774047852, 39.60736036300659, 47.10848045349121, 41.13216233253479, 45.92969727516174, 30.14012622833252, 39.84551787376404]
Fold 8
[GMM] Redundant instances: 1800, removing 1080 with beta=0.6
[GMM] Noise instances: 1350, removing 270 with theta=0.2
[GMM] Removed 1080 redundant + 270 noisy = 1350 total instances
[GMM] Kept 3150 / 4500 (reduction = 30.00%)
[8.218010902404785, 8.613702774047852, 39.60736036300659, 47.10848045349121, 41.13216233253479, 45.92969727516174, 30.14012622833252, 39.84551787376404, 33.12074303627014]
Fold 9
[GMM] Redundant instances: 1800, removing 1080 with beta=0.6
[GMM] Noise instances: 1350, removing 270 with theta=0.2
[GMM] Removed 1080 redundant + 270 noisy = 1350 total instances
[GMM] Kept 3150 / 4500 (reduction = 30.00%)
[8.218010902404785, 8.613702774047852, 39.60736036300659, 47.10848045349121, 41.13216233253479, 45.92969727516174, 30.14012622833252, 39.84551787376404, 33.12074303627014, 32.541248083114624]
END
  Method: adaptive-perplexity
Namespace(dataset='yelp_reviews', method='adaptive-perplexity', folds=10, save=True, inputrep='tfidf', out='/app/unsupervised-is/resources/outsel', datain='/app/unsupervised-is/resources/datasets', overwrite=1, inputdir='/app/unsupervised-is/resources/datasets/yelp_reviews/tfidf/', splitdir='/app/unsupervised-is/resources/datasets/yelp_reviews/splits/', outputdir='/app/unsupervised-is/resources/outsel/selection/yelp_reviews/', filename='/app/unsupervised-is/resources/outsel/selection/yelp_reviews//saida_adaptive-perplexity', start_time='05-06-2026 04:36:52')
/app/unsupervised-is/resources/datasets/yelp_reviews/splits//split_10.pkl
Fold 0
[Adaptive-IS] Step 1 — computing scores via 'perplexity' …
[PerplexityIS] Fitting LDA with 10 topics on 4500 instances …
[PerplexityIS] Perplexity stats — min: 1.3549, median: 2.3695, max: 6.3281
[PerplexityIS] Redundancy threshold (p0.0): 1.3549 → 0 candidates
[PerplexityIS] Noise threshold (p100.0): 6.3281 → 0 candidates
[PerplexityIS] Removed 0 redundant + 0 noisy = 0 total instances
[PerplexityIS] Kept 4500 / 4500 (reduction = 0.00%)
[Adaptive-IS] Score stats — min: 1.3549, median: 2.3695, max: 6.3281
[Adaptive-IS] Step 2 — estimating thresholds via 'gmm_boundary' …
[Adaptive-IS] Estimated params — low_percentile=70.0, high_percentile=93.0, beta=0.600, theta=0.116, imbalance_proxy=0.205
[Adaptive-IS] GMM component means: [2.1134336722264866, 2.627436582374938, 3.4741538033786603]
[Adaptive-IS] Step 3 — applying selection …
[Adaptive-IS] Redundant candidates: 3150, removing 1890 (beta=0.600)
[Adaptive-IS] Noise candidates: 313, removing 36 (theta=0.116)
[Adaptive-IS] Removed 1926 instances — kept 2574 / 4500 (reduction = 42.80%)
[7.48056960105896]
Fold 1
[Adaptive-IS] Step 1 — computing scores via 'perplexity' …
[PerplexityIS] Fitting LDA with 10 topics on 4500 instances …
[PerplexityIS] Perplexity stats — min: 1.3579, median: 2.3312, max: 6.3275
[PerplexityIS] Redundancy threshold (p0.0): 1.3579 → 0 candidates
[PerplexityIS] Noise threshold (p100.0): 6.3275 → 0 candidates
[PerplexityIS] Removed 0 redundant + 0 noisy = 0 total instances
[PerplexityIS] Kept 4500 / 4500 (reduction = 0.00%)
[Adaptive-IS] Score stats — min: 1.3579, median: 2.3312, max: 6.3275
[Adaptive-IS] Step 2 — estimating thresholds via 'gmm_boundary' …
[Adaptive-IS] Estimated params — low_percentile=70.0, high_percentile=93.1, beta=0.600, theta=0.115, imbalance_proxy=0.207
[Adaptive-IS] GMM component means: [2.077577638094196, 2.591955488294788, 3.451542225876691]
[Adaptive-IS] Step 3 — applying selection …
[Adaptive-IS] Redundant candidates: 3150, removing 1890 (beta=0.600)
[Adaptive-IS] Noise candidates: 312, removing 35 (theta=0.115)
[Adaptive-IS] Removed 1925 instances — kept 2575 / 4500 (reduction = 42.78%)
[7.48056960105896, 4.732693433761597]
Fold 2
[Adaptive-IS] Step 1 — computing scores via 'perplexity' …
[PerplexityIS] Fitting LDA with 10 topics on 4500 instances …
[PerplexityIS] Perplexity stats — min: 1.3579, median: 2.4093, max: 6.3361
[PerplexityIS] Redundancy threshold (p0.0): 1.3579 → 0 candidates
[PerplexityIS] Noise threshold (p100.0): 6.3361 → 0 candidates
[PerplexityIS] Removed 0 redundant + 0 noisy = 0 total instances
[PerplexityIS] Kept 4500 / 4500 (reduction = 0.00%)
[Adaptive-IS] Score stats — min: 1.3579, median: 2.4093, max: 6.3361
[Adaptive-IS] Step 2 — estimating thresholds via 'gmm_boundary' …
[Adaptive-IS] Estimated params — low_percentile=70.0, high_percentile=92.2, beta=0.600, theta=0.135, imbalance_proxy=0.202
[Adaptive-IS] GMM component means: [2.1226791517684744, 2.615126781145499, 3.4003980406435903]
[Adaptive-IS] Step 3 — applying selection …
[Adaptive-IS] Redundant candidates: 3150, removing 1890 (beta=0.600)
[Adaptive-IS] Noise candidates: 351, removing 47 (theta=0.135)
[Adaptive-IS] Removed 1937 instances — kept 2563 / 4500 (reduction = 43.04%)
[7.48056960105896, 4.732693433761597, 4.859878063201904]
Fold 3
[Adaptive-IS] Step 1 — computing scores via 'perplexity' …
[PerplexityIS] Fitting LDA with 10 topics on 4500 instances …
[PerplexityIS] Perplexity stats — min: 1.3879, median: 2.4711, max: 6.4495
[PerplexityIS] Redundancy threshold (p0.0): 1.3879 → 0 candidates
[PerplexityIS] Noise threshold (p100.0): 6.4495 → 0 candidates
[PerplexityIS] Removed 0 redundant + 0 noisy = 0 total instances
[PerplexityIS] Kept 4500 / 4500 (reduction = 0.00%)
[Adaptive-IS] Score stats — min: 1.3879, median: 2.4711, max: 6.4495
[Adaptive-IS] Step 2 — estimating thresholds via 'gmm_boundary' …
[Adaptive-IS] Estimated params — low_percentile=70.0, high_percentile=92.3, beta=0.600, theta=0.126, imbalance_proxy=0.207
[Adaptive-IS] GMM component means: [2.1147103954934185, 2.6689600393353046, 3.5181335428175786]
[Adaptive-IS] Step 3 — applying selection …
[Adaptive-IS] Redundant candidates: 3150, removing 1890 (beta=0.600)
[Adaptive-IS] Noise candidates: 347, removing 43 (theta=0.126)
[Adaptive-IS] Removed 1933 instances — kept 2567 / 4500 (reduction = 42.96%)
[7.48056960105896, 4.732693433761597, 4.859878063201904, 4.88890266418457]
Fold 4
[Adaptive-IS] Step 1 — computing scores via 'perplexity' …
[PerplexityIS] Fitting LDA with 10 topics on 4500 instances …
[PerplexityIS] Perplexity stats — min: 1.3799, median: 2.4941, max: 6.3338
[PerplexityIS] Redundancy threshold (p0.0): 1.3799 → 0 candidates
[PerplexityIS] Noise threshold (p100.0): 6.3338 → 0 candidates
[PerplexityIS] Removed 0 redundant + 0 noisy = 0 total instances
[PerplexityIS] Kept 4500 / 4500 (reduction = 0.00%)
[Adaptive-IS] Score stats — min: 1.3799, median: 2.4941, max: 6.3338
[Adaptive-IS] Step 2 — estimating thresholds via 'gmm_boundary' …
[Adaptive-IS] Estimated params — low_percentile=70.0, high_percentile=92.2, beta=0.600, theta=0.130, imbalance_proxy=0.206
[Adaptive-IS] GMM component means: [2.1717257830753716, 2.6985777469822554, 3.5159735978837166]
[Adaptive-IS] Step 3 — applying selection …
[Adaptive-IS] Redundant candidates: 3150, removing 1890 (beta=0.600)
[Adaptive-IS] Noise candidates: 350, removing 45 (theta=0.130)
[Adaptive-IS] Removed 1935 instances — kept 2565 / 4500 (reduction = 43.00%)
[7.48056960105896, 4.732693433761597, 4.859878063201904, 4.88890266418457, 4.918468713760376]
Fold 5
[Adaptive-IS] Step 1 — computing scores via 'perplexity' …
[PerplexityIS] Fitting LDA with 10 topics on 4500 instances …
[PerplexityIS] Perplexity stats — min: 1.3548, median: 2.4142, max: 5.9788
[PerplexityIS] Redundancy threshold (p0.0): 1.3548 → 0 candidates
[PerplexityIS] Noise threshold (p100.0): 5.9788 → 0 candidates
[PerplexityIS] Removed 0 redundant + 0 noisy = 0 total instances
[PerplexityIS] Kept 4500 / 4500 (reduction = 0.00%)
[Adaptive-IS] Score stats — min: 1.3548, median: 2.4142, max: 5.9788
[Adaptive-IS] Step 2 — estimating thresholds via 'gmm_boundary' …
[Adaptive-IS] Estimated params — low_percentile=70.0, high_percentile=92.3, beta=0.600, theta=0.135, imbalance_proxy=0.205
[Adaptive-IS] GMM component means: [2.093675091841957, 2.6187757961184626, 3.403059702153137]
[Adaptive-IS] Step 3 — applying selection …
[Adaptive-IS] Redundant candidates: 3150, removing 1890 (beta=0.600)
[Adaptive-IS] Noise candidates: 345, removing 46 (theta=0.135)
[Adaptive-IS] Removed 1936 instances — kept 2564 / 4500 (reduction = 43.02%)
[7.48056960105896, 4.732693433761597, 4.859878063201904, 4.88890266418457, 4.918468713760376, 4.56431770324707]
Fold 6
[Adaptive-IS] Step 1 — computing scores via 'perplexity' …
[PerplexityIS] Fitting LDA with 10 topics on 4500 instances …
[PerplexityIS] Perplexity stats — min: 1.3579, median: 2.4379, max: 6.3319
[PerplexityIS] Redundancy threshold (p0.0): 1.3579 → 0 candidates
[PerplexityIS] Noise threshold (p100.0): 6.3319 → 0 candidates
[PerplexityIS] Removed 0 redundant + 0 noisy = 0 total instances
[PerplexityIS] Kept 4500 / 4500 (reduction = 0.00%)
[Adaptive-IS] Score stats — min: 1.3579, median: 2.4379, max: 6.3319
[Adaptive-IS] Step 2 — estimating thresholds via 'gmm_boundary' …
[Adaptive-IS] Estimated params — low_percentile=70.0, high_percentile=91.9, beta=0.600, theta=0.140, imbalance_proxy=0.207
[Adaptive-IS] GMM component means: [2.119233259362599, 2.650468007654133, 3.4657353676090974]
[Adaptive-IS] Step 3 — applying selection …
[Adaptive-IS] Redundant candidates: 3150, removing 1890 (beta=0.600)
[Adaptive-IS] Noise candidates: 363, removing 50 (theta=0.140)
[Adaptive-IS] Removed 1940 instances — kept 2560 / 4500 (reduction = 43.11%)
[7.48056960105896, 4.732693433761597, 4.859878063201904, 4.88890266418457, 4.918468713760376, 4.56431770324707, 4.772734880447388]
Fold 7
[Adaptive-IS] Step 1 — computing scores via 'perplexity' …
[PerplexityIS] Fitting LDA with 10 topics on 4500 instances …
[PerplexityIS] Perplexity stats — min: 1.3340, median: 2.2648, max: 6.3426
[PerplexityIS] Redundancy threshold (p0.0): 1.3340 → 0 candidates
[PerplexityIS] Noise threshold (p100.0): 6.3426 → 0 candidates
[PerplexityIS] Removed 0 redundant + 0 noisy = 0 total instances
[PerplexityIS] Kept 4500 / 4500 (reduction = 0.00%)
[Adaptive-IS] Score stats — min: 1.3340, median: 2.2648, max: 6.3426
[Adaptive-IS] Step 2 — estimating thresholds via 'gmm_boundary' …
[Adaptive-IS] Estimated params — low_percentile=70.0, high_percentile=93.6, beta=0.600, theta=0.100, imbalance_proxy=0.210
[Adaptive-IS] GMM component means: [2.0167918359489883, 2.5603593866668413, 3.509130370346809]
[Adaptive-IS] Step 3 — applying selection …
[Adaptive-IS] Redundant candidates: 3150, removing 1890 (beta=0.600)
[Adaptive-IS] Noise candidates: 286, removing 28 (theta=0.100)
[Adaptive-IS] Removed 1918 instances — kept 2582 / 4500 (reduction = 42.62%)
[7.48056960105896, 4.732693433761597, 4.859878063201904, 4.88890266418457, 4.918468713760376, 4.56431770324707, 4.772734880447388, 4.594905376434326]
Fold 8
[Adaptive-IS] Step 1 — computing scores via 'perplexity' …
[PerplexityIS] Fitting LDA with 10 topics on 4500 instances …
[PerplexityIS] Perplexity stats — min: 1.3341, median: 2.2643, max: 5.9267
[PerplexityIS] Redundancy threshold (p0.0): 1.3341 → 0 candidates
[PerplexityIS] Noise threshold (p100.0): 5.9267 → 0 candidates
[PerplexityIS] Removed 0 redundant + 0 noisy = 0 total instances
[PerplexityIS] Kept 4500 / 4500 (reduction = 0.00%)
[Adaptive-IS] Score stats — min: 1.3341, median: 2.2643, max: 5.9267
[Adaptive-IS] Step 2 — estimating thresholds via 'gmm_boundary' …
[Adaptive-IS] Estimated params — low_percentile=70.0, high_percentile=94.2, beta=0.600, theta=0.089, imbalance_proxy=0.207
[Adaptive-IS] GMM component means: [2.033463774393426, 2.586505244799114, 3.5362442380546693]
[Adaptive-IS] Step 3 — applying selection …
[Adaptive-IS] Redundant candidates: 3150, removing 1890 (beta=0.600)
[Adaptive-IS] Noise candidates: 260, removing 23 (theta=0.089)
[Adaptive-IS] Removed 1913 instances — kept 2587 / 4500 (reduction = 42.51%)
[7.48056960105896, 4.732693433761597, 4.859878063201904, 4.88890266418457, 4.918468713760376, 4.56431770324707, 4.772734880447388, 4.594905376434326, 4.5129714012146]
Fold 9
[Adaptive-IS] Step 1 — computing scores via 'perplexity' …
[PerplexityIS] Fitting LDA with 10 topics on 4500 instances …
[PerplexityIS] Perplexity stats — min: 1.3319, median: 2.3469, max: 5.9324
[PerplexityIS] Redundancy threshold (p0.0): 1.3319 → 0 candidates
[PerplexityIS] Noise threshold (p100.0): 5.9324 → 0 candidates
[PerplexityIS] Removed 0 redundant + 0 noisy = 0 total instances
[PerplexityIS] Kept 4500 / 4500 (reduction = 0.00%)
[Adaptive-IS] Score stats — min: 1.3319, median: 2.3469, max: 5.9324
[Adaptive-IS] Step 2 — estimating thresholds via 'gmm_boundary' …
[Adaptive-IS] Estimated params — low_percentile=70.0, high_percentile=92.8, beta=0.600, theta=0.119, imbalance_proxy=0.208
[Adaptive-IS] GMM component means: [2.090971055447749, 2.6018194755199877, 3.4593317917131556]
[Adaptive-IS] Step 3 — applying selection …
[Adaptive-IS] Redundant candidates: 3150, removing 1890 (beta=0.600)
[Adaptive-IS] Noise candidates: 325, removing 38 (theta=0.119)
[Adaptive-IS] Removed 1928 instances — kept 2572 / 4500 (reduction = 42.84%)
[7.48056960105896, 4.732693433761597, 4.859878063201904, 4.88890266418457, 4.918468713760376, 4.56431770324707, 4.772734880447388, 4.594905376434326, 4.5129714012146, 4.498441934585571]
END
  Method: adaptive-v2-perplexity
Namespace(dataset='yelp_reviews', method='adaptive-v2-perplexity', folds=10, save=True, inputrep='tfidf', out='/app/unsupervised-is/resources/outsel', datain='/app/unsupervised-is/resources/datasets', overwrite=1, inputdir='/app/unsupervised-is/resources/datasets/yelp_reviews/tfidf/', splitdir='/app/unsupervised-is/resources/datasets/yelp_reviews/splits/', outputdir='/app/unsupervised-is/resources/outsel/selection/yelp_reviews/', filename='/app/unsupervised-is/resources/outsel/selection/yelp_reviews//saida_adaptive-v2-perplexity', start_time='05-06-2026 04:37:50')
/app/unsupervised-is/resources/datasets/yelp_reviews/splits//split_10.pkl
Fold 0
[AdaptiveV2-IS] Step 1 — scoring via 'perplexity' …
[PerplexityIS] Fitting LDA with 10 topics on 4500 instances …
[PerplexityIS] Perplexity stats — min: 1.3549, median: 2.3695, max: 6.3281
[PerplexityIS] Redundancy threshold (p0.0): 1.3549 → 0 candidates
[PerplexityIS] Noise threshold (p100.0): 6.3281 → 0 candidates
[PerplexityIS] Removed 0 redundant + 0 noisy = 0 total instances
[PerplexityIS] Kept 4500 / 4500 (reduction = 0.00%)
[AdaptiveV2-IS] Score stats — min: 1.3549, p25: 2.0928, median: 2.3695, p75: 2.6999, max: 6.3281
[AdaptiveV2-IS] Step 2 — estimating params via quartile density …
[AdaptiveV2-IS] Quartile widths: Q1_frac=0.148, Q2_frac=0.056, total_range=4.9732
[AdaptiveV2-IS] Params: beta_q1=0.700, beta_q2=0.600, theta=0.238, imbalance_proxy=0.205
[AdaptiveV2-IS] Step 3 — applying quartile selection …
[AdaptiveV2-IS] Q1 (1125 instances): removing 787 (beta_q1=0.700, uniform)
[AdaptiveV2-IS] Q2 (1125 instances): removing 675 (beta_q2=0.600, uniform)
[AdaptiveV2-IS] Q4 (1125 instances): removing 268 (theta=0.238, weighted)
[AdaptiveV2-IS] Done — removed 1730 / 4500 (reduction = 38.44%)
[7.775089979171753]
Fold 1
[AdaptiveV2-IS] Step 1 — scoring via 'perplexity' …
[PerplexityIS] Fitting LDA with 10 topics on 4500 instances …
[PerplexityIS] Perplexity stats — min: 1.3579, median: 2.3312, max: 6.3275
[PerplexityIS] Redundancy threshold (p0.0): 1.3579 → 0 candidates
[PerplexityIS] Noise threshold (p100.0): 6.3275 → 0 candidates
[PerplexityIS] Removed 0 redundant + 0 noisy = 0 total instances
[PerplexityIS] Kept 4500 / 4500 (reduction = 0.00%)
[AdaptiveV2-IS] Score stats — min: 1.3579, p25: 2.0582, median: 2.3312, p75: 2.6660, max: 6.3275
[AdaptiveV2-IS] Step 2 — estimating params via quartile density …
[AdaptiveV2-IS] Quartile widths: Q1_frac=0.141, Q2_frac=0.055, total_range=4.9697
[AdaptiveV2-IS] Params: beta_q1=0.700, beta_q2=0.600, theta=0.238, imbalance_proxy=0.207
[AdaptiveV2-IS] Step 3 — applying quartile selection …
[AdaptiveV2-IS] Q1 (1125 instances): removing 787 (beta_q1=0.700, uniform)
[AdaptiveV2-IS] Q2 (1125 instances): removing 675 (beta_q2=0.600, uniform)
[AdaptiveV2-IS] Q4 (1125 instances): removing 267 (theta=0.238, weighted)
[AdaptiveV2-IS] Done — removed 1729 / 4500 (reduction = 38.42%)
[7.775089979171753, 4.55079197883606]
Fold 2
[AdaptiveV2-IS] Step 1 — scoring via 'perplexity' …
[PerplexityIS] Fitting LDA with 10 topics on 4500 instances …
[PerplexityIS] Perplexity stats — min: 1.3579, median: 2.4093, max: 6.3361
[PerplexityIS] Redundancy threshold (p0.0): 1.3579 → 0 candidates
[PerplexityIS] Noise threshold (p100.0): 6.3361 → 0 candidates
[PerplexityIS] Removed 0 redundant + 0 noisy = 0 total instances
[PerplexityIS] Kept 4500 / 4500 (reduction = 0.00%)
[AdaptiveV2-IS] Score stats — min: 1.3579, p25: 2.1356, median: 2.4093, p75: 2.7360, max: 6.3361
[AdaptiveV2-IS] Step 2 — estimating params via quartile density …
[AdaptiveV2-IS] Quartile widths: Q1_frac=0.156, Q2_frac=0.055, total_range=4.9782
[AdaptiveV2-IS] Params: beta_q1=0.700, beta_q2=0.600, theta=0.239, imbalance_proxy=0.202
[AdaptiveV2-IS] Step 3 — applying quartile selection …
[AdaptiveV2-IS] Q1 (1125 instances): removing 787 (beta_q1=0.700, uniform)
[AdaptiveV2-IS] Q2 (1125 instances): removing 675 (beta_q2=0.600, uniform)
[AdaptiveV2-IS] Q4 (1125 instances): removing 269 (theta=0.239, weighted)
[AdaptiveV2-IS] Done — removed 1731 / 4500 (reduction = 38.47%)
[7.775089979171753, 4.55079197883606, 4.5557403564453125]
Fold 3
[AdaptiveV2-IS] Step 1 — scoring via 'perplexity' …
[PerplexityIS] Fitting LDA with 10 topics on 4500 instances …
[PerplexityIS] Perplexity stats — min: 1.3879, median: 2.4711, max: 6.4495
[PerplexityIS] Redundancy threshold (p0.0): 1.3879 → 0 candidates
[PerplexityIS] Noise threshold (p100.0): 6.4495 → 0 candidates
[PerplexityIS] Removed 0 redundant + 0 noisy = 0 total instances
[PerplexityIS] Kept 4500 / 4500 (reduction = 0.00%)
[AdaptiveV2-IS] Score stats — min: 1.3879, p25: 2.1682, median: 2.4711, p75: 2.8050, max: 6.4495
[AdaptiveV2-IS] Step 2 — estimating params via quartile density …
[AdaptiveV2-IS] Quartile widths: Q1_frac=0.154, Q2_frac=0.060, total_range=5.0616
[AdaptiveV2-IS] Params: beta_q1=0.700, beta_q2=0.600, theta=0.238, imbalance_proxy=0.207
[AdaptiveV2-IS] Step 3 — applying quartile selection …
[AdaptiveV2-IS] Q1 (1125 instances): removing 787 (beta_q1=0.700, uniform)
[AdaptiveV2-IS] Q2 (1125 instances): removing 675 (beta_q2=0.600, uniform)
[AdaptiveV2-IS] Q4 (1125 instances): removing 267 (theta=0.238, weighted)
[AdaptiveV2-IS] Done — removed 1729 / 4500 (reduction = 38.42%)
[7.775089979171753, 4.55079197883606, 4.5557403564453125, 4.55747652053833]
Fold 4
[AdaptiveV2-IS] Step 1 — scoring via 'perplexity' …
[PerplexityIS] Fitting LDA with 10 topics on 4500 instances …
[PerplexityIS] Perplexity stats — min: 1.3799, median: 2.4941, max: 6.3338
[PerplexityIS] Redundancy threshold (p0.0): 1.3799 → 0 candidates
[PerplexityIS] Noise threshold (p100.0): 6.3338 → 0 candidates
[PerplexityIS] Removed 0 redundant + 0 noisy = 0 total instances
[PerplexityIS] Kept 4500 / 4500 (reduction = 0.00%)
[AdaptiveV2-IS] Score stats — min: 1.3799, p25: 2.1992, median: 2.4941, p75: 2.8305, max: 6.3338
[AdaptiveV2-IS] Step 2 — estimating params via quartile density …
[AdaptiveV2-IS] Quartile widths: Q1_frac=0.165, Q2_frac=0.060, total_range=4.9539
[AdaptiveV2-IS] Params: beta_q1=0.700, beta_q2=0.600, theta=0.238, imbalance_proxy=0.206
[AdaptiveV2-IS] Step 3 — applying quartile selection …
[AdaptiveV2-IS] Q1 (1125 instances): removing 787 (beta_q1=0.700, uniform)
[AdaptiveV2-IS] Q2 (1125 instances): removing 675 (beta_q2=0.600, uniform)
[AdaptiveV2-IS] Q4 (1125 instances): removing 267 (theta=0.238, weighted)
[AdaptiveV2-IS] Done — removed 1729 / 4500 (reduction = 38.42%)
[7.775089979171753, 4.55079197883606, 4.5557403564453125, 4.55747652053833, 4.45194411277771]
Fold 5
[AdaptiveV2-IS] Step 1 — scoring via 'perplexity' …
[PerplexityIS] Fitting LDA with 10 topics on 4500 instances …
[PerplexityIS] Perplexity stats — min: 1.3548, median: 2.4142, max: 5.9788
[PerplexityIS] Redundancy threshold (p0.0): 1.3548 → 0 candidates
[PerplexityIS] Noise threshold (p100.0): 5.9788 → 0 candidates
[PerplexityIS] Removed 0 redundant + 0 noisy = 0 total instances
[PerplexityIS] Kept 4500 / 4500 (reduction = 0.00%)
[AdaptiveV2-IS] Score stats — min: 1.3548, p25: 2.1180, median: 2.4142, p75: 2.7565, max: 5.9788
[AdaptiveV2-IS] Step 2 — estimating params via quartile density …
[AdaptiveV2-IS] Quartile widths: Q1_frac=0.165, Q2_frac=0.064, total_range=4.6241
[AdaptiveV2-IS] Params: beta_q1=0.700, beta_q2=0.600, theta=0.238, imbalance_proxy=0.205
[AdaptiveV2-IS] Step 3 — applying quartile selection …
[AdaptiveV2-IS] Q1 (1125 instances): removing 787 (beta_q1=0.700, uniform)
[AdaptiveV2-IS] Q2 (1125 instances): removing 675 (beta_q2=0.600, uniform)
[AdaptiveV2-IS] Q4 (1125 instances): removing 268 (theta=0.238, weighted)
[AdaptiveV2-IS] Done — removed 1730 / 4500 (reduction = 38.44%)
[7.775089979171753, 4.55079197883606, 4.5557403564453125, 4.55747652053833, 4.45194411277771, 4.364595174789429]
Fold 6
[AdaptiveV2-IS] Step 1 — scoring via 'perplexity' …
[PerplexityIS] Fitting LDA with 10 topics on 4500 instances …
[PerplexityIS] Perplexity stats — min: 1.3579, median: 2.4379, max: 6.3319
[PerplexityIS] Redundancy threshold (p0.0): 1.3579 → 0 candidates
[PerplexityIS] Noise threshold (p100.0): 6.3319 → 0 candidates
[PerplexityIS] Removed 0 redundant + 0 noisy = 0 total instances
[PerplexityIS] Kept 4500 / 4500 (reduction = 0.00%)
[AdaptiveV2-IS] Score stats — min: 1.3579, p25: 2.1307, median: 2.4379, p75: 2.7773, max: 6.3319
[AdaptiveV2-IS] Step 2 — estimating params via quartile density …
[AdaptiveV2-IS] Quartile widths: Q1_frac=0.155, Q2_frac=0.062, total_range=4.9740
[AdaptiveV2-IS] Params: beta_q1=0.700, beta_q2=0.600, theta=0.238, imbalance_proxy=0.207
[AdaptiveV2-IS] Step 3 — applying quartile selection …
[AdaptiveV2-IS] Q1 (1125 instances): removing 787 (beta_q1=0.700, uniform)
[AdaptiveV2-IS] Q2 (1125 instances): removing 675 (beta_q2=0.600, uniform)
[AdaptiveV2-IS] Q4 (1125 instances): removing 267 (theta=0.238, weighted)
[AdaptiveV2-IS] Done — removed 1729 / 4500 (reduction = 38.42%)
[7.775089979171753, 4.55079197883606, 4.5557403564453125, 4.55747652053833, 4.45194411277771, 4.364595174789429, 4.294727325439453]
Fold 7
[AdaptiveV2-IS] Step 1 — scoring via 'perplexity' …
[PerplexityIS] Fitting LDA with 10 topics on 4500 instances …
[PerplexityIS] Perplexity stats — min: 1.3340, median: 2.2648, max: 6.3426
[PerplexityIS] Redundancy threshold (p0.0): 1.3340 → 0 candidates
[PerplexityIS] Noise threshold (p100.0): 6.3426 → 0 candidates
[PerplexityIS] Removed 0 redundant + 0 noisy = 0 total instances
[PerplexityIS] Kept 4500 / 4500 (reduction = 0.00%)
[AdaptiveV2-IS] Score stats — min: 1.3340, p25: 1.9864, median: 2.2648, p75: 2.6000, max: 6.3426
[AdaptiveV2-IS] Step 2 — estimating params via quartile density …
[AdaptiveV2-IS] Quartile widths: Q1_frac=0.130, Q2_frac=0.056, total_range=5.0085
[AdaptiveV2-IS] Params: beta_q1=0.700, beta_q2=0.600, theta=0.237, imbalance_proxy=0.210
[AdaptiveV2-IS] Step 3 — applying quartile selection …
[AdaptiveV2-IS] Q1 (1125 instances): removing 787 (beta_q1=0.700, uniform)
[AdaptiveV2-IS] Q2 (1125 instances): removing 675 (beta_q2=0.600, uniform)
[AdaptiveV2-IS] Q4 (1125 instances): removing 266 (theta=0.237, weighted)
[AdaptiveV2-IS] Done — removed 1728 / 4500 (reduction = 38.40%)
[7.775089979171753, 4.55079197883606, 4.5557403564453125, 4.55747652053833, 4.45194411277771, 4.364595174789429, 4.294727325439453, 4.1854307651519775]
Fold 8
[AdaptiveV2-IS] Step 1 — scoring via 'perplexity' …
[PerplexityIS] Fitting LDA with 10 topics on 4500 instances …
[PerplexityIS] Perplexity stats — min: 1.3341, median: 2.2643, max: 5.9267
[PerplexityIS] Redundancy threshold (p0.0): 1.3341 → 0 candidates
[PerplexityIS] Noise threshold (p100.0): 5.9267 → 0 candidates
[PerplexityIS] Removed 0 redundant + 0 noisy = 0 total instances
[PerplexityIS] Kept 4500 / 4500 (reduction = 0.00%)
[AdaptiveV2-IS] Score stats — min: 1.3341, p25: 1.9954, median: 2.2643, p75: 2.6053, max: 5.9267
[AdaptiveV2-IS] Step 2 — estimating params via quartile density …
[AdaptiveV2-IS] Quartile widths: Q1_frac=0.144, Q2_frac=0.059, total_range=4.5925
[AdaptiveV2-IS] Params: beta_q1=0.700, beta_q2=0.600, theta=0.238, imbalance_proxy=0.207
[AdaptiveV2-IS] Step 3 — applying quartile selection …
[AdaptiveV2-IS] Q1 (1125 instances): removing 787 (beta_q1=0.700, uniform)
[AdaptiveV2-IS] Q2 (1125 instances): removing 675 (beta_q2=0.600, uniform)
[AdaptiveV2-IS] Q4 (1125 instances): removing 267 (theta=0.238, weighted)
[AdaptiveV2-IS] Done — removed 1729 / 4500 (reduction = 38.42%)
[7.775089979171753, 4.55079197883606, 4.5557403564453125, 4.55747652053833, 4.45194411277771, 4.364595174789429, 4.294727325439453, 4.1854307651519775, 4.2783215045928955]
Fold 9
[AdaptiveV2-IS] Step 1 — scoring via 'perplexity' …
[PerplexityIS] Fitting LDA with 10 topics on 4500 instances …
[PerplexityIS] Perplexity stats — min: 1.3319, median: 2.3469, max: 5.9324
[PerplexityIS] Redundancy threshold (p0.0): 1.3319 → 0 candidates
[PerplexityIS] Noise threshold (p100.0): 5.9324 → 0 candidates
[PerplexityIS] Removed 0 redundant + 0 noisy = 0 total instances
[PerplexityIS] Kept 4500 / 4500 (reduction = 0.00%)
[AdaptiveV2-IS] Score stats — min: 1.3319, p25: 2.0706, median: 2.3469, p75: 2.6846, max: 5.9324
[AdaptiveV2-IS] Step 2 — estimating params via quartile density …
[AdaptiveV2-IS] Quartile widths: Q1_frac=0.161, Q2_frac=0.060, total_range=4.6005
[AdaptiveV2-IS] Params: beta_q1=0.700, beta_q2=0.600, theta=0.238, imbalance_proxy=0.208
[AdaptiveV2-IS] Step 3 — applying quartile selection …
[AdaptiveV2-IS] Q1 (1125 instances): removing 787 (beta_q1=0.700, uniform)
[AdaptiveV2-IS] Q2 (1125 instances): removing 675 (beta_q2=0.600, uniform)
[AdaptiveV2-IS] Q4 (1125 instances): removing 267 (theta=0.238, weighted)
[AdaptiveV2-IS] Done — removed 1729 / 4500 (reduction = 38.42%)
[7.775089979171753, 4.55079197883606, 4.5557403564453125, 4.55747652053833, 4.45194411277771, 4.364595174789429, 4.294727325439453, 4.1854307651519775, 4.2783215045928955, 4.315437316894531]
END
Dataset: wos5736
  Method: no-is
Namespace(dataset='wos5736', method='no-is', folds=10, save=True, inputrep='tfidf', out='/app/unsupervised-is/resources/outsel', datain='/app/unsupervised-is/resources/datasets', overwrite=1, inputdir='/app/unsupervised-is/resources/datasets/wos5736/tfidf/', splitdir='/app/unsupervised-is/resources/datasets/wos5736/splits/', outputdir='/app/unsupervised-is/resources/outsel/selection/wos5736/', filename='/app/unsupervised-is/resources/outsel/selection/wos5736//saida_no-is', start_time='05-06-2026 04:38:45')
/app/unsupervised-is/resources/datasets/wos5736/splits//split_10.pkl
Fold 0
[0.004588603973388672]
Fold 1
[0.004588603973388672, 0.004899263381958008]
Fold 2
[0.004588603973388672, 0.004899263381958008, 0.0030121803283691406]
Fold 3
[0.004588603973388672, 0.004899263381958008, 0.0030121803283691406, 0.0030291080474853516]
Fold 4
[0.004588603973388672, 0.004899263381958008, 0.0030121803283691406, 0.0030291080474853516, 0.004518270492553711]
Fold 5
[0.004588603973388672, 0.004899263381958008, 0.0030121803283691406, 0.0030291080474853516, 0.004518270492553711, 0.0037250518798828125]
Fold 6
[0.004588603973388672, 0.004899263381958008, 0.0030121803283691406, 0.0030291080474853516, 0.004518270492553711, 0.0037250518798828125, 0.0029954910278320312]
Fold 7
[0.004588603973388672, 0.004899263381958008, 0.0030121803283691406, 0.0030291080474853516, 0.004518270492553711, 0.0037250518798828125, 0.0029954910278320312, 0.003511190414428711]
Fold 8
[0.004588603973388672, 0.004899263381958008, 0.0030121803283691406, 0.0030291080474853516, 0.004518270492553711, 0.0037250518798828125, 0.0029954910278320312, 0.003511190414428711, 0.0031299591064453125]
Fold 9
[0.004588603973388672, 0.004899263381958008, 0.0030121803283691406, 0.0030291080474853516, 0.004518270492553711, 0.0037250518798828125, 0.0029954910278320312, 0.003511190414428711, 0.0031299591064453125, 0.002962827682495117]
END
  Method: biois
Namespace(dataset='wos5736', method='biois', folds=10, save=True, inputrep='tfidf', out='/app/unsupervised-is/resources/outsel', datain='/app/unsupervised-is/resources/datasets', overwrite=1, inputdir='/app/unsupervised-is/resources/datasets/wos5736/tfidf/', splitdir='/app/unsupervised-is/resources/datasets/wos5736/splits/', outputdir='/app/unsupervised-is/resources/outsel/selection/wos5736/', filename='/app/unsupervised-is/resources/outsel/selection/wos5736//saida_biois', start_time='05-06-2026 04:38:53')
/app/unsupervised-is/resources/datasets/wos5736/splits//split_10.pkl
Fold 0
fitting_alpha_by_lr_default
LogisticRegression()
LogisticRegression()
LogisticRegression()
LogisticRegression()
LogisticRegression()
Micro: 0.8864781092599767
Macro: 0.8882824175757531
identifyNoiseByLowerNNEntropy
[83.22667503356934]
Fold 1
fitting_alpha_by_lr_default
LogisticRegression()
LogisticRegression()
LogisticRegression()
LogisticRegression()
LogisticRegression()
Micro: 0.8870592793490895
Macro: 0.8883367677206088
identifyNoiseByLowerNNEntropy
[83.22667503356934, 120.79375338554382]
Fold 2
fitting_alpha_by_lr_default
LogisticRegression()
LogisticRegression()
LogisticRegression()
LogisticRegression()
LogisticRegression()
Micro: 0.8857032158078264
Macro: 0.8883883907861079
identifyNoiseByLowerNNEntropy
[83.22667503356934, 120.79375338554382, 129.95893812179565]
Fold 3
fitting_alpha_by_lr_default
LogisticRegression()
LogisticRegression()
LogisticRegression()
LogisticRegression()
LogisticRegression()
Micro: 0.8862843858969391
Macro: 0.8882608527149182
identifyNoiseByLowerNNEntropy
[83.22667503356934, 120.79375338554382, 129.95893812179565, 138.4205038547516]
Fold 4
fitting_alpha_by_lr_default
LogisticRegression()
LogisticRegression()
LogisticRegression()
LogisticRegression()
LogisticRegression()
Micro: 0.8837659821774506
Macro: 0.885617801601713
identifyNoiseByLowerNNEntropy
[83.22667503356934, 120.79375338554382, 129.95893812179565, 138.4205038547516, 134.06064581871033]
Fold 5
fitting_alpha_by_lr_default
LogisticRegression()
LogisticRegression()
LogisticRegression()
LogisticRegression()
LogisticRegression()
Micro: 0.8843471522665634
Macro: 0.8854291740377014
identifyNoiseByLowerNNEntropy
[83.22667503356934, 120.79375338554382, 129.95893812179565, 138.4205038547516, 134.06064581871033, 135.43970727920532]
Fold 6
fitting_alpha_by_lr_default
LogisticRegression()
LogisticRegression()
LogisticRegression()
LogisticRegression()
LogisticRegression()
Micro: 0.8882432694170056
Macro: 0.8902101620706383
identifyNoiseByLowerNNEntropy
[83.22667503356934, 120.79375338554382, 129.95893812179565, 138.4205038547516, 134.06064581871033, 135.43970727920532, 125.0421690940857]
Fold 7
fitting_alpha_by_lr_default
LogisticRegression()
LogisticRegression()
LogisticRegression()
LogisticRegression()
LogisticRegression()
Micro: 0.8851442959519659
Macro: 0.8876215139739326
identifyNoiseByLowerNNEntropy
[83.22667503356934, 120.79375338554382, 129.95893812179565, 138.4205038547516, 134.06064581871033, 135.43970727920532, 125.0421690940857, 119.49569654464722]
Fold 8
fitting_alpha_by_lr_default
LogisticRegression()
LogisticRegression()
LogisticRegression()
LogisticRegression()
LogisticRegression()
Micro: 0.8835948092194461
Macro: 0.884947151618703
identifyNoiseByLowerNNEntropy
[83.22667503356934, 120.79375338554382, 129.95893812179565, 138.4205038547516, 134.06064581871033, 135.43970727920532, 125.0421690940857, 119.49569654464722, 132.7177381515503]
Fold 9
fitting_alpha_by_lr_default
LogisticRegression()
LogisticRegression()
LogisticRegression()
LogisticRegression()
LogisticRegression()
Micro: 0.8861127251597908
Macro: 0.8884066665209006
identifyNoiseByLowerNNEntropy
[83.22667503356934, 120.79375338554382, 129.95893812179565, 138.4205038547516, 134.06064581871033, 135.43970727920532, 125.0421690940857, 119.49569654464722, 132.7177381515503, 128.13334894180298]
END
  Method: perplexity-is
Namespace(dataset='wos5736', method='perplexity-is', folds=10, save=True, inputrep='tfidf', out='/app/unsupervised-is/resources/outsel', datain='/app/unsupervised-is/resources/datasets', overwrite=1, inputdir='/app/unsupervised-is/resources/datasets/wos5736/tfidf/', splitdir='/app/unsupervised-is/resources/datasets/wos5736/splits/', outputdir='/app/unsupervised-is/resources/outsel/selection/wos5736/', filename='/app/unsupervised-is/resources/outsel/selection/wos5736//saida_perplexity-is', start_time='05-06-2026 04:59:48')
/app/unsupervised-is/resources/datasets/wos5736/splits//split_10.pkl
Fold 0
[PerplexityIS] Fitting LDA with 10 topics on 5162 instances …
[PerplexityIS] Perplexity stats — min: 1.5529, median: 2.8893, max: 5.7546
[PerplexityIS] Redundancy threshold (p40): 2.7004 → 2065 candidates
[PerplexityIS] Redundant instances: 2065, removing 1239 with beta=0.6
[PerplexityIS] Noise threshold (p70): 3.2881 → 1549 candidates
[PerplexityIS] Noise instances: 1549, removing 309 with theta=0.2
[PerplexityIS] Removed 1239 redundant + 309 noisy = 1548 total instances
[PerplexityIS] Kept 3614 / 5162 (reduction = 29.99%)
[7.773750066757202]
Fold 1
[PerplexityIS] Fitting LDA with 10 topics on 5162 instances …
[PerplexityIS] Perplexity stats — min: 1.5246, median: 2.4220, max: 5.1200
[PerplexityIS] Redundancy threshold (p40): 2.3122 → 2065 candidates
[PerplexityIS] Redundant instances: 2065, removing 1239 with beta=0.6
[PerplexityIS] Noise threshold (p70): 2.6974 → 1549 candidates
[PerplexityIS] Noise instances: 1549, removing 309 with theta=0.2
[PerplexityIS] Removed 1239 redundant + 309 noisy = 1548 total instances
[PerplexityIS] Kept 3614 / 5162 (reduction = 29.99%)
[7.773750066757202, 4.611853361129761]
Fold 2
[PerplexityIS] Fitting LDA with 10 topics on 5162 instances …
[PerplexityIS] Perplexity stats — min: 1.5451, median: 2.6424, max: 5.2481
[PerplexityIS] Redundancy threshold (p40): 2.4747 → 2065 candidates
[PerplexityIS] Redundant instances: 2065, removing 1239 with beta=0.6
[PerplexityIS] Noise threshold (p70): 2.9964 → 1549 candidates
[PerplexityIS] Noise instances: 1549, removing 309 with theta=0.2
[PerplexityIS] Removed 1239 redundant + 309 noisy = 1548 total instances
[PerplexityIS] Kept 3614 / 5162 (reduction = 29.99%)
[7.773750066757202, 4.611853361129761, 4.746894121170044]
Fold 3
[PerplexityIS] Fitting LDA with 10 topics on 5162 instances …
[PerplexityIS] Perplexity stats — min: 1.5619, median: 2.9354, max: 6.0416
[PerplexityIS] Redundancy threshold (p40): 2.7282 → 2065 candidates
[PerplexityIS] Redundant instances: 2065, removing 1239 with beta=0.6
[PerplexityIS] Noise threshold (p70): 3.3409 → 1549 candidates
[PerplexityIS] Noise instances: 1549, removing 309 with theta=0.2
[PerplexityIS] Removed 1239 redundant + 309 noisy = 1548 total instances
[PerplexityIS] Kept 3614 / 5162 (reduction = 29.99%)
[7.773750066757202, 4.611853361129761, 4.746894121170044, 4.6773717403411865]
Fold 4
[PerplexityIS] Fitting LDA with 10 topics on 5162 instances …
[PerplexityIS] Perplexity stats — min: 1.4915, median: 2.3547, max: 4.8272
[PerplexityIS] Redundancy threshold (p40): 2.2358 → 2065 candidates
[PerplexityIS] Redundant instances: 2065, removing 1239 with beta=0.6
[PerplexityIS] Noise threshold (p70): 2.6510 → 1549 candidates
[PerplexityIS] Noise instances: 1549, removing 309 with theta=0.2
[PerplexityIS] Removed 1239 redundant + 309 noisy = 1548 total instances
[PerplexityIS] Kept 3614 / 5162 (reduction = 29.99%)
[7.773750066757202, 4.611853361129761, 4.746894121170044, 4.6773717403411865, 4.454442024230957]
Fold 5
[PerplexityIS] Fitting LDA with 10 topics on 5162 instances …
[PerplexityIS] Perplexity stats — min: 1.5077, median: 3.0033, max: 4.8877
[PerplexityIS] Redundancy threshold (p40): 2.8788 → 2065 candidates
[PerplexityIS] Redundant instances: 2065, removing 1239 with beta=0.6
[PerplexityIS] Noise threshold (p70): 3.2907 → 1549 candidates
[PerplexityIS] Noise instances: 1549, removing 309 with theta=0.2
[PerplexityIS] Removed 1239 redundant + 309 noisy = 1548 total instances
[PerplexityIS] Kept 3614 / 5162 (reduction = 29.99%)
[7.773750066757202, 4.611853361129761, 4.746894121170044, 4.6773717403411865, 4.454442024230957, 4.477931499481201]
Fold 6
[PerplexityIS] Fitting LDA with 10 topics on 5163 instances …
[PerplexityIS] Perplexity stats — min: 1.5177, median: 2.5112, max: 4.9031
[PerplexityIS] Redundancy threshold (p40): 2.3779 → 2065 candidates
[PerplexityIS] Redundant instances: 2065, removing 1239 with beta=0.6
[PerplexityIS] Noise threshold (p70): 2.8213 → 1549 candidates
[PerplexityIS] Noise instances: 1549, removing 309 with theta=0.2
[PerplexityIS] Removed 1239 redundant + 309 noisy = 1548 total instances
[PerplexityIS] Kept 3615 / 5163 (reduction = 29.98%)
[7.773750066757202, 4.611853361129761, 4.746894121170044, 4.6773717403411865, 4.454442024230957, 4.477931499481201, 4.383871555328369]
Fold 7
[PerplexityIS] Fitting LDA with 10 topics on 5163 instances …
[PerplexityIS] Perplexity stats — min: 1.5466, median: 2.8452, max: 5.3651
[PerplexityIS] Redundancy threshold (p40): 2.6614 → 2065 candidates
[PerplexityIS] Redundant instances: 2065, removing 1239 with beta=0.6
[PerplexityIS] Noise threshold (p70): 3.1759 → 1549 candidates
[PerplexityIS] Noise instances: 1549, removing 309 with theta=0.2
[PerplexityIS] Removed 1239 redundant + 309 noisy = 1548 total instances
[PerplexityIS] Kept 3615 / 5163 (reduction = 29.98%)
[7.773750066757202, 4.611853361129761, 4.746894121170044, 4.6773717403411865, 4.454442024230957, 4.477931499481201, 4.383871555328369, 4.400965452194214]
Fold 8
[PerplexityIS] Fitting LDA with 10 topics on 5163 instances …
[PerplexityIS] Perplexity stats — min: 1.4714, median: 2.8378, max: 4.8471
[PerplexityIS] Redundancy threshold (p40): 2.6568 → 2065 candidates
[PerplexityIS] Redundant instances: 2065, removing 1239 with beta=0.6
[PerplexityIS] Noise threshold (p70): 3.1547 → 1549 candidates
[PerplexityIS] Noise instances: 1549, removing 309 with theta=0.2
[PerplexityIS] Removed 1239 redundant + 309 noisy = 1548 total instances
[PerplexityIS] Kept 3615 / 5163 (reduction = 29.98%)
[7.773750066757202, 4.611853361129761, 4.746894121170044, 4.6773717403411865, 4.454442024230957, 4.477931499481201, 4.383871555328369, 4.400965452194214, 4.383924245834351]
Fold 9
[PerplexityIS] Fitting LDA with 10 topics on 5163 instances …
[PerplexityIS] Perplexity stats — min: 1.4667, median: 2.4076, max: 4.9225
[PerplexityIS] Redundancy threshold (p40): 2.2845 → 2065 candidates
[PerplexityIS] Redundant instances: 2065, removing 1239 with beta=0.6
[PerplexityIS] Noise threshold (p70): 2.6687 → 1549 candidates
[PerplexityIS] Noise instances: 1549, removing 309 with theta=0.2
[PerplexityIS] Removed 1239 redundant + 309 noisy = 1548 total instances
[PerplexityIS] Kept 3615 / 5163 (reduction = 29.98%)
[7.773750066757202, 4.611853361129761, 4.746894121170044, 4.6773717403411865, 4.454442024230957, 4.477931499481201, 4.383871555328369, 4.400965452194214, 4.383924245834351, 4.426700592041016]
END
  Method: autoencoder-is
Namespace(dataset='wos5736', method='autoencoder-is', folds=10, save=True, inputrep='tfidf', out='/app/unsupervised-is/resources/outsel', datain='/app/unsupervised-is/resources/datasets', overwrite=1, inputdir='/app/unsupervised-is/resources/datasets/wos5736/tfidf/', splitdir='/app/unsupervised-is/resources/datasets/wos5736/splits/', outputdir='/app/unsupervised-is/resources/outsel/selection/wos5736/', filename='/app/unsupervised-is/resources/outsel/selection/wos5736//saida_autoencoder-is', start_time='05-06-2026 05:00:44')
/app/unsupervised-is/resources/datasets/wos5736/splits//split_10.pkl
Fold 0
[AE-IS] Using GPU: NVIDIA A100-SXM4-80GB
[AE-IS] Architecture: 18031 → 20 → 10 → 20 → 18031
[AE-IS] Training autoencoder on 5162 instances (18031 features) for up to 20 epochs …
  Epoch   1/20 — loss: 1.151833 (best: 1.151833)
  Epoch  10/20 — loss: 1.005970 (best: 1.005970)
  Epoch  20/20 — loss: 0.999687 (best: 0.999687)
[AE-IS] Training finished — best loss: 0.999687
[AE-IS] Reconstruction error stats — min: 0.226136, median: 0.969396, max: 2.623849
[AE-IS] Redundant instances: 2065, removing 1239 with beta=0.6
[AE-IS] Noise instances: 1549, removing 309 with theta=0.2
[AE-IS] Removed 1239 redundant + 309 noisy = 1548 total instances
[AE-IS] Kept 3614 / 5162 (reduction = 29.99%)
[11.087100505828857]
Fold 1
[AE-IS] Using GPU: NVIDIA A100-SXM4-80GB
[AE-IS] Architecture: 18112 → 20 → 10 → 20 → 18112
[AE-IS] Training autoencoder on 5162 instances (18112 features) for up to 20 epochs …
  Epoch   1/20 — loss: 1.149255 (best: 1.149255)
  Epoch  10/20 — loss: 1.005827 (best: 1.005827)
  Epoch  20/20 — loss: 0.999560 (best: 0.999560)
[AE-IS] Training finished — best loss: 0.999560
[AE-IS] Reconstruction error stats — min: 0.230991, median: 0.961929, max: 2.586668
[AE-IS] Redundant instances: 2065, removing 1239 with beta=0.6
[AE-IS] Noise instances: 1549, removing 309 with theta=0.2
[AE-IS] Removed 1239 redundant + 309 noisy = 1548 total instances
[AE-IS] Kept 3614 / 5162 (reduction = 29.99%)
[11.087100505828857, 6.201645135879517]
Fold 2
[AE-IS] Using GPU: NVIDIA A100-SXM4-80GB
[AE-IS] Architecture: 18068 → 20 → 10 → 20 → 18068
[AE-IS] Training autoencoder on 5162 instances (18068 features) for up to 20 epochs …
  Epoch   1/20 — loss: 1.165557 (best: 1.165557)
  Epoch  10/20 — loss: 1.005477 (best: 1.005477)
  Epoch  20/20 — loss: 0.998811 (best: 0.998811)
[AE-IS] Training finished — best loss: 0.998811
[AE-IS] Reconstruction error stats — min: 0.233972, median: 0.961237, max: 2.646148
[AE-IS] Redundant instances: 2065, removing 1239 with beta=0.6
[AE-IS] Noise instances: 1549, removing 309 with theta=0.2
[AE-IS] Removed 1239 redundant + 309 noisy = 1548 total instances
[AE-IS] Kept 3614 / 5162 (reduction = 29.99%)
[11.087100505828857, 6.201645135879517, 5.5258049964904785]
Fold 3
[AE-IS] Using GPU: NVIDIA A100-SXM4-80GB
[AE-IS] Architecture: 18100 → 20 → 10 → 20 → 18100
[AE-IS] Training autoencoder on 5162 instances (18100 features) for up to 20 epochs …
  Epoch   1/20 — loss: 1.161777 (best: 1.161777)
  Epoch  10/20 — loss: 1.005570 (best: 1.005570)
  Epoch  20/20 — loss: 0.998961 (best: 0.998961)
[AE-IS] Training finished — best loss: 0.998961
[AE-IS] Reconstruction error stats — min: 0.228393, median: 0.965451, max: 2.741322
[AE-IS] Redundant instances: 2065, removing 1239 with beta=0.6
[AE-IS] Noise instances: 1549, removing 309 with theta=0.2
[AE-IS] Removed 1239 redundant + 309 noisy = 1548 total instances
[AE-IS] Kept 3614 / 5162 (reduction = 29.99%)
[11.087100505828857, 6.201645135879517, 5.5258049964904785, 7.250217437744141]
Fold 4
[AE-IS] Using GPU: NVIDIA A100-SXM4-80GB
[AE-IS] Architecture: 18143 → 20 → 10 → 20 → 18143
[AE-IS] Training autoencoder on 5162 instances (18143 features) for up to 20 epochs …
  Epoch   1/20 — loss: 1.152283 (best: 1.152283)
  Epoch  10/20 — loss: 1.006088 (best: 1.006088)
  Epoch  20/20 — loss: 0.999438 (best: 0.999438)
[AE-IS] Training finished — best loss: 0.999438
[AE-IS] Reconstruction error stats — min: 0.230768, median: 0.964279, max: 2.599414
[AE-IS] Redundant instances: 2065, removing 1239 with beta=0.6
[AE-IS] Noise instances: 1549, removing 309 with theta=0.2
[AE-IS] Removed 1239 redundant + 309 noisy = 1548 total instances
[AE-IS] Kept 3614 / 5162 (reduction = 29.99%)
[11.087100505828857, 6.201645135879517, 5.5258049964904785, 7.250217437744141, 7.105690002441406]
Fold 5
[AE-IS] Using GPU: NVIDIA A100-SXM4-80GB
[AE-IS] Architecture: 18100 → 20 → 10 → 20 → 18100
[AE-IS] Training autoencoder on 5162 instances (18100 features) for up to 20 epochs …
  Epoch   1/20 — loss: 1.160344 (best: 1.160344)
  Epoch  10/20 — loss: 1.004957 (best: 1.004957)
  Epoch  20/20 — loss: 0.999473 (best: 0.999473)
[AE-IS] Training finished — best loss: 0.999473
[AE-IS] Reconstruction error stats — min: 0.228723, median: 0.963030, max: 2.521644
[AE-IS] Redundant instances: 2065, removing 1239 with beta=0.6
[AE-IS] Noise instances: 1549, removing 309 with theta=0.2
[AE-IS] Removed 1239 redundant + 309 noisy = 1548 total instances
[AE-IS] Kept 3614 / 5162 (reduction = 29.99%)
[11.087100505828857, 6.201645135879517, 5.5258049964904785, 7.250217437744141, 7.105690002441406, 7.331701040267944]
Fold 6
[AE-IS] Using GPU: NVIDIA A100-SXM4-80GB
[AE-IS] Architecture: 18154 → 20 → 10 → 20 → 18154
[AE-IS] Training autoencoder on 5163 instances (18154 features) for up to 20 epochs …
  Epoch   1/20 — loss: 1.149852 (best: 1.149852)
  Epoch  10/20 — loss: 1.005256 (best: 1.005256)
  Epoch  20/20 — loss: 0.999823 (best: 0.999823)
[AE-IS] Training finished — best loss: 0.999823
[AE-IS] Reconstruction error stats — min: 0.227222, median: 0.964603, max: 2.669222
[AE-IS] Redundant instances: 2065, removing 1239 with beta=0.6
[AE-IS] Noise instances: 1549, removing 309 with theta=0.2
[AE-IS] Removed 1239 redundant + 309 noisy = 1548 total instances
[AE-IS] Kept 3615 / 5163 (reduction = 29.98%)
[11.087100505828857, 6.201645135879517, 5.5258049964904785, 7.250217437744141, 7.105690002441406, 7.331701040267944, 7.35227632522583]
Fold 7
[AE-IS] Using GPU: NVIDIA A100-SXM4-80GB
[AE-IS] Architecture: 18077 → 20 → 10 → 20 → 18077
[AE-IS] Training autoencoder on 5163 instances (18077 features) for up to 20 epochs …
  Epoch   1/20 — loss: 1.153211 (best: 1.153211)
  Epoch  10/20 — loss: 1.005676 (best: 1.005676)
  Epoch  20/20 — loss: 0.999490 (best: 0.999490)
[AE-IS] Training finished — best loss: 0.999490
[AE-IS] Reconstruction error stats — min: 0.225213, median: 0.961015, max: 2.825409
[AE-IS] Redundant instances: 2065, removing 1239 with beta=0.6
[AE-IS] Noise instances: 1549, removing 309 with theta=0.2
[AE-IS] Removed 1239 redundant + 309 noisy = 1548 total instances
[AE-IS] Kept 3615 / 5163 (reduction = 29.98%)
[11.087100505828857, 6.201645135879517, 5.5258049964904785, 7.250217437744141, 7.105690002441406, 7.331701040267944, 7.35227632522583, 7.260466814041138]
Fold 8
[AE-IS] Using GPU: NVIDIA A100-SXM4-80GB
[AE-IS] Architecture: 18066 → 20 → 10 → 20 → 18066
[AE-IS] Training autoencoder on 5163 instances (18066 features) for up to 20 epochs …
  Epoch   1/20 — loss: 1.145814 (best: 1.145814)
  Epoch  10/20 — loss: 1.006755 (best: 1.006755)
  Epoch  20/20 — loss: 0.999499 (best: 0.999499)
[AE-IS] Training finished — best loss: 0.999499
[AE-IS] Reconstruction error stats — min: 0.228227, median: 0.960068, max: 2.787647
[AE-IS] Redundant instances: 2065, removing 1239 with beta=0.6
[AE-IS] Noise instances: 1549, removing 309 with theta=0.2
[AE-IS] Removed 1239 redundant + 309 noisy = 1548 total instances
[AE-IS] Kept 3615 / 5163 (reduction = 29.98%)
[11.087100505828857, 6.201645135879517, 5.5258049964904785, 7.250217437744141, 7.105690002441406, 7.331701040267944, 7.35227632522583, 7.260466814041138, 5.440768718719482]
Fold 9
[AE-IS] Using GPU: NVIDIA A100-SXM4-80GB
[AE-IS] Architecture: 18065 → 20 → 10 → 20 → 18065
[AE-IS] Training autoencoder on 5163 instances (18065 features) for up to 20 epochs …
  Epoch   1/20 — loss: 1.156562 (best: 1.156562)
  Epoch  10/20 — loss: 1.005756 (best: 1.005756)
  Epoch  20/20 — loss: 0.999603 (best: 0.999603)
[AE-IS] Training finished — best loss: 0.999603
[AE-IS] Reconstruction error stats — min: 0.231065, median: 0.959418, max: 2.753839
[AE-IS] Redundant instances: 2065, removing 1239 with beta=0.6
[AE-IS] Noise instances: 1549, removing 309 with theta=0.2
[AE-IS] Removed 1239 redundant + 309 noisy = 1548 total instances
[AE-IS] Kept 3615 / 5163 (reduction = 29.98%)
[11.087100505828857, 6.201645135879517, 5.5258049964904785, 7.250217437744141, 7.105690002441406, 7.331701040267944, 7.35227632522583, 7.260466814041138, 5.440768718719482, 6.399199485778809]
END
  Method: gmm-is
Namespace(dataset='wos5736', method='gmm-is', folds=10, save=True, inputrep='tfidf', out='/app/unsupervised-is/resources/outsel', datain='/app/unsupervised-is/resources/datasets', overwrite=1, inputdir='/app/unsupervised-is/resources/datasets/wos5736/tfidf/', splitdir='/app/unsupervised-is/resources/datasets/wos5736/splits/', outputdir='/app/unsupervised-is/resources/outsel/selection/wos5736/', filename='/app/unsupervised-is/resources/outsel/selection/wos5736//saida_gmm-is', start_time='05-06-2026 05:02:03')
/app/unsupervised-is/resources/datasets/wos5736/splits//split_10.pkl
Fold 0
[GMM] Redundant instances: 2065, removing 1239 with beta=0.6
[GMM] Noise instances: 1549, removing 309 with theta=0.2
[GMM] Removed 1239 redundant + 309 noisy = 1548 total instances
[GMM] Kept 3614 / 5162 (reduction = 29.99%)
[8.23576283454895]
Fold 1
[GMM] Redundant instances: 2065, removing 1239 with beta=0.6
[GMM] Noise instances: 1549, removing 309 with theta=0.2
[GMM] Removed 1239 redundant + 309 noisy = 1548 total instances
[GMM] Kept 3614 / 5162 (reduction = 29.99%)
[8.23576283454895, 7.051805257797241]
Fold 2
[GMM] Redundant instances: 2065, removing 1239 with beta=0.6
[GMM] Noise instances: 1549, removing 309 with theta=0.2
[GMM] Removed 1239 redundant + 309 noisy = 1548 total instances
[GMM] Kept 3614 / 5162 (reduction = 29.99%)
[8.23576283454895, 7.051805257797241, 7.248351097106934]
Fold 3
[GMM] Redundant instances: 2065, removing 1239 with beta=0.6
[GMM] Noise instances: 1549, removing 309 with theta=0.2
[GMM] Removed 1239 redundant + 309 noisy = 1548 total instances
[GMM] Kept 3614 / 5162 (reduction = 29.99%)
[8.23576283454895, 7.051805257797241, 7.248351097106934, 31.370190620422363]
Fold 4
[GMM] Redundant instances: 2065, removing 1239 with beta=0.6
[GMM] Noise instances: 1549, removing 309 with theta=0.2
[GMM] Removed 1239 redundant + 309 noisy = 1548 total instances
[GMM] Kept 3614 / 5162 (reduction = 29.99%)
[8.23576283454895, 7.051805257797241, 7.248351097106934, 31.370190620422363, 32.47013545036316]
Fold 5
[GMM] Redundant instances: 2065, removing 1239 with beta=0.6
[GMM] Noise instances: 1549, removing 309 with theta=0.2
[GMM] Removed 1239 redundant + 309 noisy = 1548 total instances
[GMM] Kept 3614 / 5162 (reduction = 29.99%)
[8.23576283454895, 7.051805257797241, 7.248351097106934, 31.370190620422363, 32.47013545036316, 25.47357177734375]
Fold 6
[GMM] Redundant instances: 2065, removing 1239 with beta=0.6
[GMM] Noise instances: 1549, removing 309 with theta=0.2
[GMM] Removed 1239 redundant + 309 noisy = 1548 total instances
[GMM] Kept 3615 / 5163 (reduction = 29.98%)
[8.23576283454895, 7.051805257797241, 7.248351097106934, 31.370190620422363, 32.47013545036316, 25.47357177734375, 33.63241481781006]
Fold 7
[GMM] Redundant instances: 2065, removing 1239 with beta=0.6
[GMM] Noise instances: 1549, removing 309 with theta=0.2
[GMM] Removed 1239 redundant + 309 noisy = 1548 total instances
[GMM] Kept 3615 / 5163 (reduction = 29.98%)
[8.23576283454895, 7.051805257797241, 7.248351097106934, 31.370190620422363, 32.47013545036316, 25.47357177734375, 33.63241481781006, 23.802453756332397]
Fold 8
[GMM] Redundant instances: 2065, removing 1239 with beta=0.6
[GMM] Noise instances: 1549, removing 309 with theta=0.2
[GMM] Removed 1239 redundant + 309 noisy = 1548 total instances
[GMM] Kept 3615 / 5163 (reduction = 29.98%)
[8.23576283454895, 7.051805257797241, 7.248351097106934, 31.370190620422363, 32.47013545036316, 25.47357177734375, 33.63241481781006, 23.802453756332397, 46.24930691719055]
Fold 9
[GMM] Redundant instances: 2065, removing 1239 with beta=0.6
[GMM] Noise instances: 1549, removing 309 with theta=0.2
[GMM] Removed 1239 redundant + 309 noisy = 1548 total instances
[GMM] Kept 3615 / 5163 (reduction = 29.98%)
[8.23576283454895, 7.051805257797241, 7.248351097106934, 31.370190620422363, 32.47013545036316, 25.47357177734375, 33.63241481781006, 23.802453756332397, 46.24930691719055, 26.25160264968872]
END
  Method: adaptive-perplexity
Namespace(dataset='wos5736', method='adaptive-perplexity', folds=10, save=True, inputrep='tfidf', out='/app/unsupervised-is/resources/outsel', datain='/app/unsupervised-is/resources/datasets', overwrite=1, inputdir='/app/unsupervised-is/resources/datasets/wos5736/tfidf/', splitdir='/app/unsupervised-is/resources/datasets/wos5736/splits/', outputdir='/app/unsupervised-is/resources/outsel/selection/wos5736/', filename='/app/unsupervised-is/resources/outsel/selection/wos5736//saida_adaptive-perplexity', start_time='05-06-2026 05:06:14')
/app/unsupervised-is/resources/datasets/wos5736/splits//split_10.pkl
Fold 0
[Adaptive-IS] Step 1 — computing scores via 'perplexity' …
[PerplexityIS] Fitting LDA with 10 topics on 5162 instances …
[PerplexityIS] Perplexity stats — min: 1.5529, median: 2.8893, max: 5.7546
[PerplexityIS] Redundancy threshold (p0.0): 1.5529 → 0 candidates
[PerplexityIS] Noise threshold (p100.0): 5.7546 → 0 candidates
[PerplexityIS] Removed 0 redundant + 0 noisy = 0 total instances
[PerplexityIS] Kept 5162 / 5162 (reduction = 0.00%)
[Adaptive-IS] Score stats — min: 1.5529, median: 2.8893, max: 5.7546
[Adaptive-IS] Step 2 — estimating thresholds via 'gmm_boundary' …
[Adaptive-IS] Estimated params — low_percentile=45.3, high_percentile=79.2, beta=0.454, theta=0.307, imbalance_proxy=0.231
[Adaptive-IS] GMM component means: [2.152520701066581, 2.9123554207616325, 3.755020738864332]
[Adaptive-IS] Step 3 — applying selection …
[Adaptive-IS] Redundant candidates: 2339, removing 1061 (beta=0.454)
[Adaptive-IS] Noise candidates: 1076, removing 330 (theta=0.307)
[Adaptive-IS] Removed 1391 instances — kept 3771 / 5162 (reduction = 26.95%)
[7.935112953186035]
Fold 1
[Adaptive-IS] Step 1 — computing scores via 'perplexity' …
[PerplexityIS] Fitting LDA with 10 topics on 5162 instances …
[PerplexityIS] Perplexity stats — min: 1.5246, median: 2.4220, max: 5.1200
[PerplexityIS] Redundancy threshold (p0.0): 1.5246 → 0 candidates
[PerplexityIS] Noise threshold (p100.0): 5.1200 → 0 candidates
[PerplexityIS] Removed 0 redundant + 0 noisy = 0 total instances
[PerplexityIS] Kept 5162 / 5162 (reduction = 0.00%)
[Adaptive-IS] Score stats — min: 1.5246, median: 2.4220, max: 5.1200
[Adaptive-IS] Step 2 — estimating thresholds via 'gmm_boundary' …
[Adaptive-IS] Estimated params — low_percentile=64.4, high_percentile=89.7, beta=0.579, theta=0.161, imbalance_proxy=0.212
[Adaptive-IS] GMM component means: [2.042908882236422, 2.596335422876826, 3.458370403471319]
[Adaptive-IS] Step 3 — applying selection …
[Adaptive-IS] Redundant candidates: 3323, removing 1923 (beta=0.579)
[Adaptive-IS] Noise candidates: 534, removing 85 (theta=0.161)
[Adaptive-IS] Removed 2008 instances — kept 3154 / 5162 (reduction = 38.90%)
[7.935112953186035, 4.727402925491333]
Fold 2
[Adaptive-IS] Step 1 — computing scores via 'perplexity' …
[PerplexityIS] Fitting LDA with 10 topics on 5162 instances …
[PerplexityIS] Perplexity stats — min: 1.5451, median: 2.6424, max: 5.2481
[PerplexityIS] Redundancy threshold (p0.0): 1.5451 → 0 candidates
[PerplexityIS] Noise threshold (p100.0): 5.2481 → 0 candidates
[PerplexityIS] Removed 0 redundant + 0 noisy = 0 total instances
[PerplexityIS] Kept 5162 / 5162 (reduction = 0.00%)
[Adaptive-IS] Score stats — min: 1.5451, median: 2.6424, max: 5.2481
[Adaptive-IS] Step 2 — estimating thresholds via 'gmm_boundary' …
[Adaptive-IS] Estimated params — low_percentile=44.4, high_percentile=83.8, beta=0.475, theta=0.263, imbalance_proxy=0.225
[Adaptive-IS] GMM component means: [1.9993421393994697, 2.740755335849096, 3.5608207577898314]
[Adaptive-IS] Step 3 — applying selection …
[Adaptive-IS] Redundant candidates: 2291, removing 1087 (beta=0.475)
[Adaptive-IS] Noise candidates: 838, removing 220 (theta=0.263)
[Adaptive-IS] Removed 1307 instances — kept 3855 / 5162 (reduction = 25.32%)
[7.935112953186035, 4.727402925491333, 4.882042646408081]
Fold 3
[Adaptive-IS] Step 1 — computing scores via 'perplexity' …
[PerplexityIS] Fitting LDA with 10 topics on 5162 instances …
[PerplexityIS] Perplexity stats — min: 1.5619, median: 2.9354, max: 6.0416
[PerplexityIS] Redundancy threshold (p0.0): 1.5619 → 0 candidates
[PerplexityIS] Noise threshold (p100.0): 6.0416 → 0 candidates
[PerplexityIS] Removed 0 redundant + 0 noisy = 0 total instances
[PerplexityIS] Kept 5162 / 5162 (reduction = 0.00%)
[Adaptive-IS] Score stats — min: 1.5619, median: 2.9354, max: 6.0416
[Adaptive-IS] Step 2 — estimating thresholds via 'gmm_boundary' …
[Adaptive-IS] Estimated params — low_percentile=47.4, high_percentile=83.8, beta=0.467, theta=0.308, imbalance_proxy=0.229
[Adaptive-IS] GMM component means: [2.204454278755243, 2.981836609444957, 3.7418014895210487]
[Adaptive-IS] Step 3 — applying selection …
[Adaptive-IS] Redundant candidates: 2446, removing 1141 (beta=0.467)
[Adaptive-IS] Noise candidates: 834, removing 257 (theta=0.308)
[Adaptive-IS] Removed 1398 instances — kept 3764 / 5162 (reduction = 27.08%)
[7.935112953186035, 4.727402925491333, 4.882042646408081, 4.59201717376709]
Fold 4
[Adaptive-IS] Step 1 — computing scores via 'perplexity' …
[PerplexityIS] Fitting LDA with 10 topics on 5162 instances …
[PerplexityIS] Perplexity stats — min: 1.4915, median: 2.3547, max: 4.8272
[PerplexityIS] Redundancy threshold (p0.0): 1.4915 → 0 candidates
[PerplexityIS] Noise threshold (p100.0): 4.8272 → 0 candidates
[PerplexityIS] Removed 0 redundant + 0 noisy = 0 total instances
[PerplexityIS] Kept 5162 / 5162 (reduction = 0.00%)
[Adaptive-IS] Score stats — min: 1.4915, median: 2.3547, max: 4.8272
[Adaptive-IS] Step 2 — estimating thresholds via 'gmm_boundary' …
[Adaptive-IS] Estimated params — low_percentile=44.6, high_percentile=82.6, beta=0.470, theta=0.269, imbalance_proxy=0.205
[Adaptive-IS] GMM component means: [1.8872684235565818, 2.436967799013909, 3.170678635474057]
[Adaptive-IS] Step 3 — applying selection …
[Adaptive-IS] Redundant candidates: 2301, removing 1080 (beta=0.470)
[Adaptive-IS] Noise candidates: 897, removing 241 (theta=0.269)
[Adaptive-IS] Removed 1321 instances — kept 3841 / 5162 (reduction = 25.59%)
[7.935112953186035, 4.727402925491333, 4.882042646408081, 4.59201717376709, 4.4525158405303955]
Fold 5
[Adaptive-IS] Step 1 — computing scores via 'perplexity' …
[PerplexityIS] Fitting LDA with 10 topics on 5162 instances …
[PerplexityIS] Perplexity stats — min: 1.5077, median: 3.0033, max: 4.8877
[PerplexityIS] Redundancy threshold (p0.0): 1.5077 → 0 candidates
[PerplexityIS] Noise threshold (p100.0): 4.8877 → 0 candidates
[PerplexityIS] Removed 0 redundant + 0 noisy = 0 total instances
[PerplexityIS] Kept 5162 / 5162 (reduction = 0.00%)
[Adaptive-IS] Score stats — min: 1.5077, median: 3.0033, max: 4.8877
[Adaptive-IS] Step 2 — estimating thresholds via 'gmm_boundary' …
[Adaptive-IS] Estimated params — low_percentile=41.2, high_percentile=79.8, beta=0.337, theta=0.316, imbalance_proxy=0.209
[Adaptive-IS] GMM component means: [2.1969483090129973, 2.9492646289403157, 3.5588893264867325]
[Adaptive-IS] Step 3 — applying selection …
[Adaptive-IS] Redundant candidates: 2126, removing 716 (beta=0.337)
[Adaptive-IS] Noise candidates: 1041, removing 329 (theta=0.316)
[Adaptive-IS] Removed 1045 instances — kept 4117 / 5162 (reduction = 20.24%)
[7.935112953186035, 4.727402925491333, 4.882042646408081, 4.59201717376709, 4.4525158405303955, 4.47149395942688]
Fold 6
[Adaptive-IS] Step 1 — computing scores via 'perplexity' …
[PerplexityIS] Fitting LDA with 10 topics on 5163 instances …
[PerplexityIS] Perplexity stats — min: 1.5177, median: 2.5112, max: 4.9031
[PerplexityIS] Redundancy threshold (p0.0): 1.5177 → 0 candidates
[PerplexityIS] Noise threshold (p100.0): 4.9031 → 0 candidates
[PerplexityIS] Removed 0 redundant + 0 noisy = 0 total instances
[PerplexityIS] Kept 5163 / 5163 (reduction = 0.00%)
[Adaptive-IS] Score stats — min: 1.5177, median: 2.5112, max: 4.9031
[Adaptive-IS] Step 2 — estimating thresholds via 'gmm_boundary' …
[Adaptive-IS] Estimated params — low_percentile=49.0, high_percentile=85.0, beta=0.476, theta=0.280, imbalance_proxy=0.204
[Adaptive-IS] GMM component means: [2.0012634156242233, 2.5924894905774534, 3.250131163306303]
[Adaptive-IS] Step 3 — applying selection …
[Adaptive-IS] Redundant candidates: 2532, removing 1206 (beta=0.476)
[Adaptive-IS] Noise candidates: 775, removing 217 (theta=0.280)
[Adaptive-IS] Removed 1423 instances — kept 3740 / 5163 (reduction = 27.56%)
[7.935112953186035, 4.727402925491333, 4.882042646408081, 4.59201717376709, 4.4525158405303955, 4.47149395942688, 4.6719279289245605]
Fold 7
[Adaptive-IS] Step 1 — computing scores via 'perplexity' …
[PerplexityIS] Fitting LDA with 10 topics on 5163 instances …
[PerplexityIS] Perplexity stats — min: 1.5466, median: 2.8452, max: 5.3651
[PerplexityIS] Redundancy threshold (p0.0): 1.5466 → 0 candidates
[PerplexityIS] Noise threshold (p100.0): 5.3651 → 0 candidates
[PerplexityIS] Removed 0 redundant + 0 noisy = 0 total instances
[PerplexityIS] Kept 5163 / 5163 (reduction = 0.00%)
[Adaptive-IS] Score stats — min: 1.5466, median: 2.8452, max: 5.3651
[Adaptive-IS] Step 2 — estimating thresholds via 'gmm_boundary' …
[Adaptive-IS] Estimated params — low_percentile=46.9, high_percentile=81.3, beta=0.513, theta=0.316, imbalance_proxy=0.210
[Adaptive-IS] GMM component means: [2.1823708725568896, 2.8938859358891746, 3.5412463341562224]
[Adaptive-IS] Step 3 — applying selection …
[Adaptive-IS] Redundant candidates: 2424, removing 1243 (beta=0.513)
[Adaptive-IS] Noise candidates: 965, removing 304 (theta=0.316)
[Adaptive-IS] Removed 1547 instances — kept 3616 / 5163 (reduction = 29.96%)
[7.935112953186035, 4.727402925491333, 4.882042646408081, 4.59201717376709, 4.4525158405303955, 4.47149395942688, 4.6719279289245605, 4.514664888381958]
Fold 8
[Adaptive-IS] Step 1 — computing scores via 'perplexity' …
[PerplexityIS] Fitting LDA with 10 topics on 5163 instances …
[PerplexityIS] Perplexity stats — min: 1.4714, median: 2.8378, max: 4.8471
[PerplexityIS] Redundancy threshold (p0.0): 1.4714 → 0 candidates
[PerplexityIS] Noise threshold (p100.0): 4.8471 → 0 candidates
[PerplexityIS] Removed 0 redundant + 0 noisy = 0 total instances
[PerplexityIS] Kept 5163 / 5163 (reduction = 0.00%)
[Adaptive-IS] Score stats — min: 1.4714, median: 2.8378, max: 4.8471
[Adaptive-IS] Step 2 — estimating thresholds via 'gmm_boundary' …
[Adaptive-IS] Estimated params — low_percentile=44.7, high_percentile=83.3, beta=0.473, theta=0.313, imbalance_proxy=0.213
[Adaptive-IS] GMM component means: [2.1386289161230194, 2.8783883356029096, 3.5346565301966026]
[Adaptive-IS] Step 3 — applying selection …
[Adaptive-IS] Redundant candidates: 2306, removing 1091 (beta=0.473)
[Adaptive-IS] Noise candidates: 863, removing 270 (theta=0.313)
[Adaptive-IS] Removed 1361 instances — kept 3802 / 5163 (reduction = 26.36%)
[7.935112953186035, 4.727402925491333, 4.882042646408081, 4.59201717376709, 4.4525158405303955, 4.47149395942688, 4.6719279289245605, 4.514664888381958, 4.624135732650757]
Fold 9
[Adaptive-IS] Step 1 — computing scores via 'perplexity' …
[PerplexityIS] Fitting LDA with 10 topics on 5163 instances …
[PerplexityIS] Perplexity stats — min: 1.4667, median: 2.4076, max: 4.9225
[PerplexityIS] Redundancy threshold (p0.0): 1.4667 → 0 candidates
[PerplexityIS] Noise threshold (p100.0): 4.9225 → 0 candidates
[PerplexityIS] Removed 0 redundant + 0 noisy = 0 total instances
[PerplexityIS] Kept 5163 / 5163 (reduction = 0.00%)
[Adaptive-IS] Score stats — min: 1.4667, median: 2.4076, max: 4.9225
[Adaptive-IS] Step 2 — estimating thresholds via 'gmm_boundary' …
[Adaptive-IS] Estimated params — low_percentile=50.8, high_percentile=85.1, beta=0.518, theta=0.211, imbalance_proxy=0.206
[Adaptive-IS] GMM component means: [1.9502971436871888, 2.5198889355369896, 3.30960609906475]
[Adaptive-IS] Step 3 — applying selection …
[Adaptive-IS] Redundant candidates: 2622, removing 1357 (beta=0.518)
[Adaptive-IS] Noise candidates: 771, removing 162 (theta=0.211)
[Adaptive-IS] Removed 1519 instances — kept 3644 / 5163 (reduction = 29.42%)
[7.935112953186035, 4.727402925491333, 4.882042646408081, 4.59201717376709, 4.4525158405303955, 4.47149395942688, 4.6719279289245605, 4.514664888381958, 4.624135732650757, 4.4801976680755615]
END
  Method: adaptive-v2-perplexity
Namespace(dataset='wos5736', method='adaptive-v2-perplexity', folds=10, save=True, inputrep='tfidf', out='/app/unsupervised-is/resources/outsel', datain='/app/unsupervised-is/resources/datasets', overwrite=1, inputdir='/app/unsupervised-is/resources/datasets/wos5736/tfidf/', splitdir='/app/unsupervised-is/resources/datasets/wos5736/splits/', outputdir='/app/unsupervised-is/resources/outsel/selection/wos5736/', filename='/app/unsupervised-is/resources/outsel/selection/wos5736//saida_adaptive-v2-perplexity', start_time='05-06-2026 05:07:11')
/app/unsupervised-is/resources/datasets/wos5736/splits//split_10.pkl
Fold 0
[AdaptiveV2-IS] Step 1 — scoring via 'perplexity' …
[PerplexityIS] Fitting LDA with 10 topics on 5162 instances …
[PerplexityIS] Perplexity stats — min: 1.5529, median: 2.8893, max: 5.7546
[PerplexityIS] Redundancy threshold (p0.0): 1.5529 → 0 candidates
[PerplexityIS] Noise threshold (p100.0): 5.7546 → 0 candidates
[PerplexityIS] Removed 0 redundant + 0 noisy = 0 total instances
[PerplexityIS] Kept 5162 / 5162 (reduction = 0.00%)
[AdaptiveV2-IS] Score stats — min: 1.5529, p25: 2.4043, median: 2.8893, p75: 3.4323, max: 5.7546
[AdaptiveV2-IS] Step 2 — estimating params via quartile density …
[AdaptiveV2-IS] Quartile widths: Q1_frac=0.203, Q2_frac=0.115, total_range=4.2018
[AdaptiveV2-IS] Params: beta_q1=0.700, beta_q2=0.600, theta=0.231, imbalance_proxy=0.231
[AdaptiveV2-IS] Step 3 — applying quartile selection …
[AdaptiveV2-IS] Q1 (1291 instances): removing 903 (beta_q1=0.700, uniform)
[AdaptiveV2-IS] Q2 (1290 instances): removing 774 (beta_q2=0.600, uniform)
[AdaptiveV2-IS] Q4 (1291 instances): removing 297 (theta=0.231, weighted)
[AdaptiveV2-IS] Done — removed 1974 / 5162 (reduction = 38.24%)
[7.83282732963562]
Fold 1
[AdaptiveV2-IS] Step 1 — scoring via 'perplexity' …
[PerplexityIS] Fitting LDA with 10 topics on 5162 instances …
[PerplexityIS] Perplexity stats — min: 1.5246, median: 2.4220, max: 5.1200
[PerplexityIS] Redundancy threshold (p0.0): 1.5246 → 0 candidates
[PerplexityIS] Noise threshold (p100.0): 5.1200 → 0 candidates
[PerplexityIS] Removed 0 redundant + 0 noisy = 0 total instances
[PerplexityIS] Kept 5162 / 5162 (reduction = 0.00%)
[AdaptiveV2-IS] Score stats — min: 1.5246, p25: 2.1356, median: 2.4220, p75: 2.7967, max: 5.1200
[AdaptiveV2-IS] Step 2 — estimating params via quartile density …
[AdaptiveV2-IS] Quartile widths: Q1_frac=0.170, Q2_frac=0.080, total_range=3.5954
[AdaptiveV2-IS] Params: beta_q1=0.700, beta_q2=0.600, theta=0.237, imbalance_proxy=0.212
[AdaptiveV2-IS] Step 3 — applying quartile selection …
[AdaptiveV2-IS] Q1 (1291 instances): removing 903 (beta_q1=0.700, uniform)
[AdaptiveV2-IS] Q2 (1290 instances): removing 774 (beta_q2=0.600, uniform)
[AdaptiveV2-IS] Q4 (1291 instances): removing 305 (theta=0.237, weighted)
[AdaptiveV2-IS] Done — removed 1982 / 5162 (reduction = 38.40%)
[7.83282732963562, 4.574212074279785]
Fold 2
[AdaptiveV2-IS] Step 1 — scoring via 'perplexity' …
[PerplexityIS] Fitting LDA with 10 topics on 5162 instances …
[PerplexityIS] Perplexity stats — min: 1.5451, median: 2.6424, max: 5.2481
[PerplexityIS] Redundancy threshold (p0.0): 1.5451 → 0 candidates
[PerplexityIS] Noise threshold (p100.0): 5.2481 → 0 candidates
[PerplexityIS] Removed 0 redundant + 0 noisy = 0 total instances
[PerplexityIS] Kept 5162 / 5162 (reduction = 0.00%)
[AdaptiveV2-IS] Score stats — min: 1.5451, p25: 2.2066, median: 2.6424, p75: 3.1098, max: 5.2481
[AdaptiveV2-IS] Step 2 — estimating params via quartile density …
[AdaptiveV2-IS] Quartile widths: Q1_frac=0.179, Q2_frac=0.118, total_range=3.7030
[AdaptiveV2-IS] Params: beta_q1=0.700, beta_q2=0.600, theta=0.233, imbalance_proxy=0.225
[AdaptiveV2-IS] Step 3 — applying quartile selection …
[AdaptiveV2-IS] Q1 (1291 instances): removing 903 (beta_q1=0.700, uniform)
[AdaptiveV2-IS] Q2 (1290 instances): removing 774 (beta_q2=0.600, uniform)
[AdaptiveV2-IS] Q4 (1291 instances): removing 300 (theta=0.233, weighted)
[AdaptiveV2-IS] Done — removed 1977 / 5162 (reduction = 38.30%)
[7.83282732963562, 4.574212074279785, 4.745789051055908]
Fold 3
[AdaptiveV2-IS] Step 1 — scoring via 'perplexity' …
[PerplexityIS] Fitting LDA with 10 topics on 5162 instances …
[PerplexityIS] Perplexity stats — min: 1.5619, median: 2.9354, max: 6.0416
[PerplexityIS] Redundancy threshold (p0.0): 1.5619 → 0 candidates
[PerplexityIS] Noise threshold (p100.0): 6.0416 → 0 candidates
[PerplexityIS] Removed 0 redundant + 0 noisy = 0 total instances
[PerplexityIS] Kept 5162 / 5162 (reduction = 0.00%)
[AdaptiveV2-IS] Score stats — min: 1.5619, p25: 2.4288, median: 2.9354, p75: 3.4663, max: 6.0416
[AdaptiveV2-IS] Step 2 — estimating params via quartile density …
[AdaptiveV2-IS] Quartile widths: Q1_frac=0.194, Q2_frac=0.113, total_range=4.4797
[AdaptiveV2-IS] Params: beta_q1=0.700, beta_q2=0.600, theta=0.231, imbalance_proxy=0.229
[AdaptiveV2-IS] Step 3 — applying quartile selection …
[AdaptiveV2-IS] Q1 (1291 instances): removing 903 (beta_q1=0.700, uniform)
[AdaptiveV2-IS] Q2 (1290 instances): removing 774 (beta_q2=0.600, uniform)
[AdaptiveV2-IS] Q4 (1291 instances): removing 298 (theta=0.231, weighted)
[AdaptiveV2-IS] Done — removed 1975 / 5162 (reduction = 38.26%)
[7.83282732963562, 4.574212074279785, 4.745789051055908, 4.793980836868286]
Fold 4
[AdaptiveV2-IS] Step 1 — scoring via 'perplexity' …
[PerplexityIS] Fitting LDA with 10 topics on 5162 instances …
[PerplexityIS] Perplexity stats — min: 1.4915, median: 2.3547, max: 4.8272
[PerplexityIS] Redundancy threshold (p0.0): 1.4915 → 0 candidates
[PerplexityIS] Noise threshold (p100.0): 4.8272 → 0 candidates
[PerplexityIS] Removed 0 redundant + 0 noisy = 0 total instances
[PerplexityIS] Kept 5162 / 5162 (reduction = 0.00%)
[AdaptiveV2-IS] Score stats — min: 1.4915, p25: 2.0337, median: 2.3547, p75: 2.7495, max: 4.8272
[AdaptiveV2-IS] Step 2 — estimating params via quartile density …
[AdaptiveV2-IS] Quartile widths: Q1_frac=0.163, Q2_frac=0.096, total_range=3.3357
[AdaptiveV2-IS] Params: beta_q1=0.700, beta_q2=0.600, theta=0.239, imbalance_proxy=0.205
[AdaptiveV2-IS] Step 3 — applying quartile selection …
[AdaptiveV2-IS] Q1 (1291 instances): removing 903 (beta_q1=0.700, uniform)
[AdaptiveV2-IS] Q2 (1290 instances): removing 774 (beta_q2=0.600, uniform)
[AdaptiveV2-IS] Q4 (1291 instances): removing 308 (theta=0.239, weighted)
[AdaptiveV2-IS] Done — removed 1985 / 5162 (reduction = 38.45%)
[7.83282732963562, 4.574212074279785, 4.745789051055908, 4.793980836868286, 4.5033769607543945]
Fold 5
[AdaptiveV2-IS] Step 1 — scoring via 'perplexity' …
[PerplexityIS] Fitting LDA with 10 topics on 5162 instances …
[PerplexityIS] Perplexity stats — min: 1.5077, median: 3.0033, max: 4.8877
[PerplexityIS] Redundancy threshold (p0.0): 1.5077 → 0 candidates
[PerplexityIS] Noise threshold (p100.0): 4.8877 → 0 candidates
[PerplexityIS] Removed 0 redundant + 0 noisy = 0 total instances
[PerplexityIS] Kept 5162 / 5162 (reduction = 0.00%)
[AdaptiveV2-IS] Score stats — min: 1.5077, p25: 2.6126, median: 3.0033, p75: 3.3794, max: 4.8877
[AdaptiveV2-IS] Step 2 — estimating params via quartile density …
[AdaptiveV2-IS] Quartile widths: Q1_frac=0.327, Q2_frac=0.116, total_range=3.3801
[AdaptiveV2-IS] Params: beta_q1=0.673, beta_q2=0.600, theta=0.237, imbalance_proxy=0.209
[AdaptiveV2-IS] Step 3 — applying quartile selection …
[AdaptiveV2-IS] Q1 (1291 instances): removing 868 (beta_q1=0.673, uniform)
[AdaptiveV2-IS] Q2 (1290 instances): removing 774 (beta_q2=0.600, uniform)
[AdaptiveV2-IS] Q4 (1291 instances): removing 306 (theta=0.237, weighted)
[AdaptiveV2-IS] Done — removed 1948 / 5162 (reduction = 37.74%)
[7.83282732963562, 4.574212074279785, 4.745789051055908, 4.793980836868286, 4.5033769607543945, 4.743076324462891]
Fold 6
[AdaptiveV2-IS] Step 1 — scoring via 'perplexity' …
[PerplexityIS] Fitting LDA with 10 topics on 5163 instances …
[PerplexityIS] Perplexity stats — min: 1.5177, median: 2.5112, max: 4.9031
[PerplexityIS] Redundancy threshold (p0.0): 1.5177 → 0 candidates
[PerplexityIS] Noise threshold (p100.0): 4.9031 → 0 candidates
[PerplexityIS] Removed 0 redundant + 0 noisy = 0 total instances
[PerplexityIS] Kept 5163 / 5163 (reduction = 0.00%)
[AdaptiveV2-IS] Score stats — min: 1.5177, p25: 2.1615, median: 2.5112, p75: 2.9160, max: 4.9031
[AdaptiveV2-IS] Step 2 — estimating params via quartile density …
[AdaptiveV2-IS] Quartile widths: Q1_frac=0.190, Q2_frac=0.103, total_range=3.3853
[AdaptiveV2-IS] Params: beta_q1=0.700, beta_q2=0.600, theta=0.239, imbalance_proxy=0.204
[AdaptiveV2-IS] Step 3 — applying quartile selection …
[AdaptiveV2-IS] Q1 (1291 instances): removing 903 (beta_q1=0.700, uniform)
[AdaptiveV2-IS] Q2 (1291 instances): removing 774 (beta_q2=0.600, uniform)
[AdaptiveV2-IS] Q4 (1291 instances): removing 308 (theta=0.239, weighted)
[AdaptiveV2-IS] Done — removed 1985 / 5163 (reduction = 38.45%)
[7.83282732963562, 4.574212074279785, 4.745789051055908, 4.793980836868286, 4.5033769607543945, 4.743076324462891, 4.733286142349243]
Fold 7
[AdaptiveV2-IS] Step 1 — scoring via 'perplexity' …
[PerplexityIS] Fitting LDA with 10 topics on 5163 instances …
[PerplexityIS] Perplexity stats — min: 1.5466, median: 2.8452, max: 5.3651
[PerplexityIS] Redundancy threshold (p0.0): 1.5466 → 0 candidates
[PerplexityIS] Noise threshold (p100.0): 5.3651 → 0 candidates
[PerplexityIS] Removed 0 redundant + 0 noisy = 0 total instances
[PerplexityIS] Kept 5163 / 5163 (reduction = 0.00%)
[AdaptiveV2-IS] Score stats — min: 1.5466, p25: 2.3613, median: 2.8452, p75: 3.2890, max: 5.3651
[AdaptiveV2-IS] Step 2 — estimating params via quartile density …
[AdaptiveV2-IS] Quartile widths: Q1_frac=0.213, Q2_frac=0.127, total_range=3.8184
[AdaptiveV2-IS] Params: beta_q1=0.700, beta_q2=0.600, theta=0.237, imbalance_proxy=0.210
[AdaptiveV2-IS] Step 3 — applying quartile selection …
[AdaptiveV2-IS] Q1 (1291 instances): removing 903 (beta_q1=0.700, uniform)
[AdaptiveV2-IS] Q2 (1291 instances): removing 774 (beta_q2=0.600, uniform)
[AdaptiveV2-IS] Q4 (1291 instances): removing 305 (theta=0.237, weighted)
[AdaptiveV2-IS] Done — removed 1982 / 5163 (reduction = 38.39%)
[7.83282732963562, 4.574212074279785, 4.745789051055908, 4.793980836868286, 4.5033769607543945, 4.743076324462891, 4.733286142349243, 4.641611099243164]
Fold 8
[AdaptiveV2-IS] Step 1 — scoring via 'perplexity' …
[PerplexityIS] Fitting LDA with 10 topics on 5163 instances …
[PerplexityIS] Perplexity stats — min: 1.4714, median: 2.8378, max: 4.8471
[PerplexityIS] Redundancy threshold (p0.0): 1.4714 → 0 candidates
[PerplexityIS] Noise threshold (p100.0): 4.8471 → 0 candidates
[PerplexityIS] Removed 0 redundant + 0 noisy = 0 total instances
[PerplexityIS] Kept 5163 / 5163 (reduction = 0.00%)
[AdaptiveV2-IS] Score stats — min: 1.4714, p25: 2.3636, median: 2.8378, p75: 3.2531, max: 4.8471
[AdaptiveV2-IS] Step 2 — estimating params via quartile density …
[AdaptiveV2-IS] Quartile widths: Q1_frac=0.264, Q2_frac=0.140, total_range=3.3757
[AdaptiveV2-IS] Params: beta_q1=0.700, beta_q2=0.600, theta=0.236, imbalance_proxy=0.213
[AdaptiveV2-IS] Step 3 — applying quartile selection …
[AdaptiveV2-IS] Q1 (1291 instances): removing 903 (beta_q1=0.700, uniform)
[AdaptiveV2-IS] Q2 (1291 instances): removing 774 (beta_q2=0.600, uniform)
[AdaptiveV2-IS] Q4 (1291 instances): removing 304 (theta=0.236, weighted)
[AdaptiveV2-IS] Done — removed 1981 / 5163 (reduction = 38.37%)
[7.83282732963562, 4.574212074279785, 4.745789051055908, 4.793980836868286, 4.5033769607543945, 4.743076324462891, 4.733286142349243, 4.641611099243164, 4.702979326248169]
Fold 9
[AdaptiveV2-IS] Step 1 — scoring via 'perplexity' …
[PerplexityIS] Fitting LDA with 10 topics on 5163 instances …
[PerplexityIS] Perplexity stats — min: 1.4667, median: 2.4076, max: 4.9225
[PerplexityIS] Redundancy threshold (p0.0): 1.4667 → 0 candidates
[PerplexityIS] Noise threshold (p100.0): 4.9225 → 0 candidates
[PerplexityIS] Removed 0 redundant + 0 noisy = 0 total instances
[PerplexityIS] Kept 5163 / 5163 (reduction = 0.00%)
[AdaptiveV2-IS] Score stats — min: 1.4667, p25: 2.0869, median: 2.4076, p75: 2.7616, max: 4.9225
[AdaptiveV2-IS] Step 2 — estimating params via quartile density …
[AdaptiveV2-IS] Quartile widths: Q1_frac=0.179, Q2_frac=0.093, total_range=3.4558
[AdaptiveV2-IS] Params: beta_q1=0.700, beta_q2=0.600, theta=0.238, imbalance_proxy=0.206
[AdaptiveV2-IS] Step 3 — applying quartile selection …
[AdaptiveV2-IS] Q1 (1291 instances): removing 903 (beta_q1=0.700, uniform)
[AdaptiveV2-IS] Q2 (1291 instances): removing 774 (beta_q2=0.600, uniform)
[AdaptiveV2-IS] Q4 (1291 instances): removing 307 (theta=0.238, weighted)
[AdaptiveV2-IS] Done — removed 1984 / 5163 (reduction = 38.43%)
[7.83282732963562, 4.574212074279785, 4.745789051055908, 4.793980836868286, 4.5033769607543945, 4.743076324462891, 4.733286142349243, 4.641611099243164, 4.702979326248169, 4.513356447219849]
END
Dataset: reuters90
  Method: no-is
Namespace(dataset='reuters90', method='no-is', folds=10, save=True, inputrep='tfidf', out='/app/unsupervised-is/resources/outsel', datain='/app/unsupervised-is/resources/datasets', overwrite=1, inputdir='/app/unsupervised-is/resources/datasets/reuters90/tfidf/', splitdir='/app/unsupervised-is/resources/datasets/reuters90/splits/', outputdir='/app/unsupervised-is/resources/outsel/selection/reuters90/', filename='/app/unsupervised-is/resources/outsel/selection/reuters90//saida_no-is', start_time='05-06-2026 05:08:10')
/app/unsupervised-is/resources/datasets/reuters90/splits//split_10.pkl
Fold 0
[0.0088043212890625]
Fold 1
[0.0088043212890625, 0.007195234298706055]
Fold 2
[0.0088043212890625, 0.007195234298706055, 0.008372068405151367]
Fold 3
[0.0088043212890625, 0.007195234298706055, 0.008372068405151367, 0.007065296173095703]
Fold 4
[0.0088043212890625, 0.007195234298706055, 0.008372068405151367, 0.007065296173095703, 0.007821083068847656]
Fold 5
[0.0088043212890625, 0.007195234298706055, 0.008372068405151367, 0.007065296173095703, 0.007821083068847656, 0.0066640377044677734]
Fold 6
[0.0088043212890625, 0.007195234298706055, 0.008372068405151367, 0.007065296173095703, 0.007821083068847656, 0.0066640377044677734, 0.010171890258789062]
Fold 7
[0.0088043212890625, 0.007195234298706055, 0.008372068405151367, 0.007065296173095703, 0.007821083068847656, 0.0066640377044677734, 0.010171890258789062, 0.0066547393798828125]
Fold 8
[0.0088043212890625, 0.007195234298706055, 0.008372068405151367, 0.007065296173095703, 0.007821083068847656, 0.0066640377044677734, 0.010171890258789062, 0.0066547393798828125, 0.00664520263671875]
Fold 9
[0.0088043212890625, 0.007195234298706055, 0.008372068405151367, 0.007065296173095703, 0.007821083068847656, 0.0066640377044677734, 0.010171890258789062, 0.0066547393798828125, 0.00664520263671875, 0.006304740905761719]
END
  Method: biois
Namespace(dataset='reuters90', method='biois', folds=10, save=True, inputrep='tfidf', out='/app/unsupervised-is/resources/outsel', datain='/app/unsupervised-is/resources/datasets', overwrite=1, inputdir='/app/unsupervised-is/resources/datasets/reuters90/tfidf/', splitdir='/app/unsupervised-is/resources/datasets/reuters90/splits/', outputdir='/app/unsupervised-is/resources/outsel/selection/reuters90/', filename='/app/unsupervised-is/resources/outsel/selection/reuters90//saida_biois', start_time='05-06-2026 05:08:21')
/app/unsupervised-is/resources/datasets/reuters90/splits//split_10.pkl
Fold 0
fitting_alpha_by_lr_default
/app/unsupervised-is/venv/lib/python3.12/site-packages/sklearn/model_selection/_split.py:813: UserWarning: The least populated class in y has only 2 members, which is less than n_splits=5.
  warnings.warn(
LogisticRegression()
LogisticRegression()
LogisticRegression()
LogisticRegression()
LogisticRegression()
Micro: 0.6926609334557903
Macro: 0.20247390130104476
identifyNoiseByLowerNNEntropy
[292.29636430740356]
Fold 1
fitting_alpha_by_lr_default
/app/unsupervised-is/venv/lib/python3.12/site-packages/sklearn/model_selection/_split.py:813: UserWarning: The least populated class in y has only 1 members, which is less than n_splits=5.
  warnings.warn(
LogisticRegression()
LogisticRegression()
LogisticRegression()
coluna meio
coluna meio
LogisticRegression()
coluna meio
coluna meio
LogisticRegression()
coluna meio
Micro: 0.6933757109401137
Macro: 0.20857903022124447
identifyNoiseByLowerNNEntropy
[292.29636430740356, 298.0960030555725]
Fold 2
fitting_alpha_by_lr_default
/app/unsupervised-is/venv/lib/python3.12/site-packages/sklearn/model_selection/_split.py:813: UserWarning: The least populated class in y has only 2 members, which is less than n_splits=5.
  warnings.warn(
LogisticRegression()
LogisticRegression()
LogisticRegression()
LogisticRegression()
LogisticRegression()
Micro: 0.6933288803540119
Macro: 0.20324468347014799
identifyNoiseByLowerNNEntropy
[292.29636430740356, 298.0960030555725, 293.23654532432556]
Fold 3
fitting_alpha_by_lr_default
/app/unsupervised-is/venv/lib/python3.12/site-packages/sklearn/model_selection/_split.py:813: UserWarning: The least populated class in y has only 1 members, which is less than n_splits=5.
  warnings.warn(
LogisticRegression()
coluna meio
LogisticRegression()
coluna meio
LogisticRegression()
coluna meio
LogisticRegression()
coluna meio
LogisticRegression()
coluna meio
Micro: 0.6908422459893048
Macro: 0.19918738464584373
identifyNoiseByLowerNNEntropy
[292.29636430740356, 298.0960030555725, 293.23654532432556, 293.53032398223877]
Fold 4
fitting_alpha_by_lr_default
/app/unsupervised-is/venv/lib/python3.12/site-packages/sklearn/model_selection/_split.py:813: UserWarning: The least populated class in y has only 2 members, which is less than n_splits=5.
  warnings.warn(
LogisticRegression()
LogisticRegression()
LogisticRegression()
LogisticRegression()
LogisticRegression()
Micro: 0.6921410117509792
Macro: 0.2004735277399308
identifyNoiseByLowerNNEntropy
[292.29636430740356, 298.0960030555725, 293.23654532432556, 293.53032398223877, 281.98288774490356]
Fold 5
fitting_alpha_by_lr_default
/app/unsupervised-is/venv/lib/python3.12/site-packages/sklearn/model_selection/_split.py:813: UserWarning: The least populated class in y has only 2 members, which is less than n_splits=5.
  warnings.warn(
LogisticRegression()
LogisticRegression()
LogisticRegression()
LogisticRegression()
LogisticRegression()
Micro: 0.6919676370005838
Macro: 0.20364197183129318
identifyNoiseByLowerNNEntropy
[292.29636430740356, 298.0960030555725, 293.23654532432556, 293.53032398223877, 281.98288774490356, 284.2109615802765]
Fold 6
fitting_alpha_by_lr_default
/app/unsupervised-is/venv/lib/python3.12/site-packages/sklearn/model_selection/_split.py:813: UserWarning: The least populated class in y has only 2 members, which is less than n_splits=5.
  warnings.warn(
LogisticRegression()
LogisticRegression()
LogisticRegression()
LogisticRegression()
LogisticRegression()
Micro: 0.6901888990596655
Macro: 0.20030363149861113
identifyNoiseByLowerNNEntropy
[292.29636430740356, 298.0960030555725, 293.23654532432556, 293.53032398223877, 281.98288774490356, 284.2109615802765, 295.5614733695984]
Fold 7
fitting_alpha_by_lr_default
/app/unsupervised-is/venv/lib/python3.12/site-packages/sklearn/model_selection/_split.py:813: UserWarning: The least populated class in y has only 2 members, which is less than n_splits=5.
  warnings.warn(
LogisticRegression()
LogisticRegression()
LogisticRegression()
LogisticRegression()
LogisticRegression()
Micro: 0.6874791874791875
Macro: 0.2019407482043461
identifyNoiseByLowerNNEntropy
[292.29636430740356, 298.0960030555725, 293.23654532432556, 293.53032398223877, 281.98288774490356, 284.2109615802765, 295.5614733695984, 292.83513164520264]
Fold 8
fitting_alpha_by_lr_default
/app/unsupervised-is/venv/lib/python3.12/site-packages/sklearn/model_selection/_split.py:813: UserWarning: The least populated class in y has only 2 members, which is less than n_splits=5.
  warnings.warn(
LogisticRegression()
LogisticRegression()
LogisticRegression()
LogisticRegression()
LogisticRegression()
Micro: 0.6936906941901115
Macro: 0.19978685631497864
identifyNoiseByLowerNNEntropy
[292.29636430740356, 298.0960030555725, 293.23654532432556, 293.53032398223877, 281.98288774490356, 284.2109615802765, 295.5614733695984, 292.83513164520264, 296.2826974391937]
Fold 9
fitting_alpha_by_lr_default
/app/unsupervised-is/venv/lib/python3.12/site-packages/sklearn/model_selection/_split.py:813: UserWarning: The least populated class in y has only 2 members, which is less than n_splits=5.
  warnings.warn(
LogisticRegression()
LogisticRegression()
LogisticRegression()
LogisticRegression()
LogisticRegression()
Micro: 0.6901279707495429
Macro: 0.20071555194776092
identifyNoiseByLowerNNEntropy
[292.29636430740356, 298.0960030555725, 293.23654532432556, 293.53032398223877, 281.98288774490356, 284.2109615802765, 295.5614733695984, 292.83513164520264, 296.2826974391937, 288.9538598060608]
END
  Method: perplexity-is
Namespace(dataset='reuters90', method='perplexity-is', folds=10, save=True, inputrep='tfidf', out='/app/unsupervised-is/resources/outsel', datain='/app/unsupervised-is/resources/datasets', overwrite=1, inputdir='/app/unsupervised-is/resources/datasets/reuters90/tfidf/', splitdir='/app/unsupervised-is/resources/datasets/reuters90/splits/', outputdir='/app/unsupervised-is/resources/outsel/selection/reuters90/', filename='/app/unsupervised-is/resources/outsel/selection/reuters90//saida_perplexity-is', start_time='05-06-2026 05:57:08')
/app/unsupervised-is/resources/datasets/reuters90/splits//split_10.pkl
Fold 0
[PerplexityIS] Fitting LDA with 10 topics on 11977 instances …
[PerplexityIS] Perplexity stats — min: 1.3814, median: 3.0269, max: 6.0967
[PerplexityIS] Redundancy threshold (p40): 2.8102 → 4791 candidates
[PerplexityIS] Redundant instances: 4791, removing 2874 with beta=0.6
[PerplexityIS] Noise threshold (p70): 3.4784 → 3593 candidates
[PerplexityIS] Noise instances: 3593, removing 718 with theta=0.2
[PerplexityIS] Removed 2874 redundant + 718 noisy = 3592 total instances
[PerplexityIS] Kept 8385 / 11977 (reduction = 29.99%)
[11.484182834625244]
Fold 1
[PerplexityIS] Fitting LDA with 10 topics on 11956 instances …
[PerplexityIS] Perplexity stats — min: 1.3718, median: 2.8985, max: 6.5515
[PerplexityIS] Redundancy threshold (p40): 2.6887 → 4782 candidates
[PerplexityIS] Redundant instances: 4782, removing 2869 with beta=0.6
[PerplexityIS] Noise threshold (p70): 3.4056 → 3587 candidates
[PerplexityIS] Noise instances: 3587, removing 717 with theta=0.2
[PerplexityIS] Removed 2869 redundant + 717 noisy = 3586 total instances
[PerplexityIS] Kept 8370 / 11956 (reduction = 29.99%)
[11.484182834625244, 8.200518369674683]
Fold 2
[PerplexityIS] Fitting LDA with 10 topics on 11977 instances …
[PerplexityIS] Perplexity stats — min: 1.3640, median: 2.7692, max: 6.5368
[PerplexityIS] Redundancy threshold (p40): 2.5048 → 4791 candidates
[PerplexityIS] Redundant instances: 4791, removing 2874 with beta=0.6
[PerplexityIS] Noise threshold (p70): 3.3405 → 3593 candidates
[PerplexityIS] Noise instances: 3593, removing 718 with theta=0.2
[PerplexityIS] Removed 2874 redundant + 718 noisy = 3592 total instances
[PerplexityIS] Kept 8385 / 11977 (reduction = 29.99%)
[11.484182834625244, 8.200518369674683, 7.668437719345093]
Fold 3
[PerplexityIS] Fitting LDA with 10 topics on 11968 instances …
[PerplexityIS] Perplexity stats — min: 1.3973, median: 2.8370, max: 6.1975
[PerplexityIS] Redundancy threshold (p40): 2.6524 → 4787 candidates
[PerplexityIS] Redundant instances: 4787, removing 2872 with beta=0.6
[PerplexityIS] Noise threshold (p70): 3.3321 → 3590 candidates
[PerplexityIS] Noise instances: 3590, removing 718 with theta=0.2
[PerplexityIS] Removed 2872 redundant + 718 noisy = 3590 total instances
[PerplexityIS] Kept 8378 / 11968 (reduction = 30.00%)
[11.484182834625244, 8.200518369674683, 7.668437719345093, 7.8994200229644775]
Fold 4
[PerplexityIS] Fitting LDA with 10 topics on 11999 instances …
[PerplexityIS] Perplexity stats — min: 1.3643, median: 2.8668, max: 6.5190
[PerplexityIS] Redundancy threshold (p40): 2.6752 → 4800 candidates
[PerplexityIS] Redundant instances: 4800, removing 2880 with beta=0.6
[PerplexityIS] Noise threshold (p70): 3.3553 → 3600 candidates
[PerplexityIS] Noise instances: 3600, removing 720 with theta=0.2
[PerplexityIS] Removed 2880 redundant + 720 noisy = 3600 total instances
[PerplexityIS] Kept 8399 / 11999 (reduction = 30.00%)
[11.484182834625244, 8.200518369674683, 7.668437719345093, 7.8994200229644775, 7.714431524276733]
Fold 5
[PerplexityIS] Fitting LDA with 10 topics on 11989 instances …
[PerplexityIS] Perplexity stats — min: 1.3730, median: 3.0350, max: 6.5416
[PerplexityIS] Redundancy threshold (p40): 2.8330 → 4796 candidates
[PerplexityIS] Redundant instances: 4796, removing 2877 with beta=0.6
[PerplexityIS] Noise threshold (p70): 3.4463 → 3596 candidates
[PerplexityIS] Noise instances: 3596, removing 719 with theta=0.2
[PerplexityIS] Removed 2877 redundant + 719 noisy = 3596 total instances
[PerplexityIS] Kept 8393 / 11989 (reduction = 29.99%)
[11.484182834625244, 8.200518369674683, 7.668437719345093, 7.8994200229644775, 7.714431524276733, 8.088498830795288]
Fold 6
[PerplexityIS] Fitting LDA with 10 topics on 12017 instances …
[PerplexityIS] Perplexity stats — min: 1.3175, median: 2.8338, max: 6.7036
[PerplexityIS] Redundancy threshold (p40): 2.5973 → 4807 candidates
[PerplexityIS] Redundant instances: 4807, removing 2884 with beta=0.6
[PerplexityIS] Noise threshold (p70): 3.3756 → 3605 candidates
[PerplexityIS] Noise instances: 3605, removing 721 with theta=0.2
[PerplexityIS] Removed 2884 redundant + 721 noisy = 3605 total instances
[PerplexityIS] Kept 8412 / 12017 (reduction = 30.00%)
[11.484182834625244, 8.200518369674683, 7.668437719345093, 7.8994200229644775, 7.714431524276733, 8.088498830795288, 7.335942506790161]
Fold 7
[PerplexityIS] Fitting LDA with 10 topics on 12012 instances …
[PerplexityIS] Perplexity stats — min: 1.4088, median: 3.0867, max: 6.7480
[PerplexityIS] Redundancy threshold (p40): 2.8567 → 4803 candidates
[PerplexityIS] Redundant instances: 4803, removing 2881 with beta=0.6
[PerplexityIS] Noise threshold (p70): 3.5667 → 3604 candidates
[PerplexityIS] Noise instances: 3604, removing 720 with theta=0.2
[PerplexityIS] Removed 2881 redundant + 720 noisy = 3601 total instances
[PerplexityIS] Kept 8411 / 12012 (reduction = 29.98%)
[11.484182834625244, 8.200518369674683, 7.668437719345093, 7.8994200229644775, 7.714431524276733, 8.088498830795288, 7.335942506790161, 7.699876308441162]
Fold 8
[PerplexityIS] Fitting LDA with 10 topics on 12014 instances …
[PerplexityIS] Perplexity stats — min: 1.4042, median: 2.7789, max: 7.1501
[PerplexityIS] Redundancy threshold (p40): 2.5699 → 4805 candidates
[PerplexityIS] Redundant instances: 4805, removing 2883 with beta=0.6
[PerplexityIS] Noise threshold (p70): 3.3223 → 3603 candidates
[PerplexityIS] Noise instances: 3603, removing 720 with theta=0.2
[PerplexityIS] Removed 2883 redundant + 720 noisy = 3603 total instances
[PerplexityIS] Kept 8411 / 12014 (reduction = 29.99%)
[11.484182834625244, 8.200518369674683, 7.668437719345093, 7.8994200229644775, 7.714431524276733, 8.088498830795288, 7.335942506790161, 7.699876308441162, 7.156284809112549]
Fold 9
[PerplexityIS] Fitting LDA with 10 topics on 12034 instances …
[PerplexityIS] Perplexity stats — min: 1.3746, median: 2.8140, max: 6.3183
[PerplexityIS] Redundancy threshold (p40): 2.5957 → 4814 candidates
[PerplexityIS] Redundant instances: 4814, removing 2888 with beta=0.6
[PerplexityIS] Noise threshold (p70): 3.3237 → 3610 candidates
[PerplexityIS] Noise instances: 3610, removing 722 with theta=0.2
[PerplexityIS] Removed 2888 redundant + 722 noisy = 3610 total instances
[PerplexityIS] Kept 8424 / 12034 (reduction = 30.00%)
[11.484182834625244, 8.200518369674683, 7.668437719345093, 7.8994200229644775, 7.714431524276733, 8.088498830795288, 7.335942506790161, 7.699876308441162, 7.156284809112549, 7.257080554962158]
END
  Method: autoencoder-is
Namespace(dataset='reuters90', method='autoencoder-is', folds=10, save=True, inputrep='tfidf', out='/app/unsupervised-is/resources/outsel', datain='/app/unsupervised-is/resources/datasets', overwrite=1, inputdir='/app/unsupervised-is/resources/datasets/reuters90/tfidf/', splitdir='/app/unsupervised-is/resources/datasets/reuters90/splits/', outputdir='/app/unsupervised-is/resources/outsel/selection/reuters90/', filename='/app/unsupervised-is/resources/outsel/selection/reuters90//saida_autoencoder-is', start_time='05-06-2026 05:58:41')
/app/unsupervised-is/resources/datasets/reuters90/splits//split_10.pkl
Fold 0
[AE-IS] Using GPU: NVIDIA A100-SXM4-80GB
[AE-IS] Architecture: 28593 → 20 → 10 → 20 → 28593
[AE-IS] Training autoencoder on 11977 instances (28593 features) for up to 20 epochs …
  Epoch   1/20 — loss: 1.090994 (best: 1.090994)
  Epoch  10/20 — loss: 0.999895 (best: 0.999895)
  Epoch  20/20 — loss: 0.995587 (best: 0.995587)
[AE-IS] Training finished — best loss: 0.995587
[AE-IS] Reconstruction error stats — min: 0.014246, median: 0.720831, max: 12.336667
[AE-IS] Redundant instances: 4791, removing 2874 with beta=0.6
[AE-IS] Noise instances: 3592, removing 718 with theta=0.2
[AE-IS] Removed 2874 redundant + 718 noisy = 3592 total instances
[AE-IS] Kept 8385 / 11977 (reduction = 29.99%)
[26.68610405921936]
Fold 1
[AE-IS] Using GPU: NVIDIA A100-SXM4-80GB
[AE-IS] Architecture: 28430 → 20 → 10 → 20 → 28430
[AE-IS] Training autoencoder on 11956 instances (28430 features) for up to 20 epochs …
  Epoch   1/20 — loss: 1.084963 (best: 1.084963)
  Epoch  10/20 — loss: 1.001127 (best: 1.001127)
  Epoch  20/20 — loss: 0.996891 (best: 0.996891)
[AE-IS] Training finished — best loss: 0.996891
[AE-IS] Reconstruction error stats — min: 0.013818, median: 0.725991, max: 12.165212
[AE-IS] Redundant instances: 4782, removing 2869 with beta=0.6
[AE-IS] Noise instances: 3587, removing 717 with theta=0.2
[AE-IS] Removed 2869 redundant + 717 noisy = 3586 total instances
[AE-IS] Kept 8370 / 11956 (reduction = 29.99%)
[26.68610405921936, 29.2715322971344]
Fold 2
[AE-IS] Using GPU: NVIDIA A100-SXM4-80GB
[AE-IS] Architecture: 28543 → 20 → 10 → 20 → 28543
[AE-IS] Training autoencoder on 11977 instances (28543 features) for up to 20 epochs …
  Epoch   1/20 — loss: 1.083769 (best: 1.083769)
  Epoch  10/20 — loss: 1.000643 (best: 1.000643)
  Epoch  20/20 — loss: 0.997479 (best: 0.996485)
[AE-IS] Training finished — best loss: 0.996485
[AE-IS] Reconstruction error stats — min: 0.013706, median: 0.722377, max: 16.109758
[AE-IS] Redundant instances: 4791, removing 2874 with beta=0.6
[AE-IS] Noise instances: 3593, removing 718 with theta=0.2
[AE-IS] Removed 2874 redundant + 718 noisy = 3592 total instances
[AE-IS] Kept 8385 / 11977 (reduction = 29.99%)
[26.68610405921936, 29.2715322971344, 32.4235725402832]
Fold 3
[AE-IS] Using GPU: NVIDIA A100-SXM4-80GB
[AE-IS] Architecture: 28528 → 20 → 10 → 20 → 28528
[AE-IS] Training autoencoder on 11968 instances (28528 features) for up to 20 epochs …
  Epoch   1/20 — loss: 1.083365 (best: 1.083365)
  Epoch  10/20 — loss: 1.000962 (best: 1.000962)
  Epoch  20/20 — loss: 0.996830 (best: 0.996830)
[AE-IS] Training finished — best loss: 0.996830
[AE-IS] Reconstruction error stats — min: 0.013829, median: 0.728877, max: 16.429794
[AE-IS] Redundant instances: 4787, removing 2872 with beta=0.6
[AE-IS] Noise instances: 3591, removing 718 with theta=0.2
[AE-IS] Removed 2872 redundant + 718 noisy = 3590 total instances
[AE-IS] Kept 8378 / 11968 (reduction = 30.00%)
[26.68610405921936, 29.2715322971344, 32.4235725402832, 30.02938175201416]
Fold 4
[AE-IS] Using GPU: NVIDIA A100-SXM4-80GB
[AE-IS] Architecture: 28660 → 20 → 10 → 20 → 28660
[AE-IS] Training autoencoder on 11999 instances (28660 features) for up to 20 epochs …
  Epoch   1/20 — loss: 1.079826 (best: 1.079826)
  Epoch  10/20 — loss: 1.001525 (best: 1.001525)
  Epoch  20/20 — loss: 0.997010 (best: 0.997010)
[AE-IS] Training finished — best loss: 0.997010
[AE-IS] Reconstruction error stats — min: 0.013499, median: 0.727033, max: 11.942987
[AE-IS] Redundant instances: 4800, removing 2880 with beta=0.6
[AE-IS] Noise instances: 3600, removing 720 with theta=0.2
[AE-IS] Removed 2880 redundant + 720 noisy = 3600 total instances
[AE-IS] Kept 8399 / 11999 (reduction = 30.00%)
[26.68610405921936, 29.2715322971344, 32.4235725402832, 30.02938175201416, 31.24589490890503]
Fold 5
[AE-IS] Using GPU: NVIDIA A100-SXM4-80GB
[AE-IS] Architecture: 28510 → 20 → 10 → 20 → 28510
[AE-IS] Training autoencoder on 11989 instances (28510 features) for up to 20 epochs …
  Epoch   1/20 — loss: 1.085650 (best: 1.085650)
  Epoch  10/20 — loss: 0.999981 (best: 0.999981)
  Epoch  20/20 — loss: 0.996915 (best: 0.996915)
[AE-IS] Training finished — best loss: 0.996915
[AE-IS] Reconstruction error stats — min: 0.018406, median: 0.726731, max: 12.929735
[AE-IS] Redundant instances: 4796, removing 2877 with beta=0.6
[AE-IS] Noise instances: 3597, removing 719 with theta=0.2
[AE-IS] Removed 2877 redundant + 719 noisy = 3596 total instances
[AE-IS] Kept 8393 / 11989 (reduction = 29.99%)
[26.68610405921936, 29.2715322971344, 32.4235725402832, 30.02938175201416, 31.24589490890503, 30.0264573097229]
Fold 6
[AE-IS] Using GPU: NVIDIA A100-SXM4-80GB
[AE-IS] Architecture: 28459 → 20 → 10 → 20 → 28459
[AE-IS] Training autoencoder on 12017 instances (28459 features) for up to 20 epochs …
  Epoch   1/20 — loss: 1.086954 (best: 1.086954)
  Epoch  10/20 — loss: 1.001036 (best: 1.001036)
  Epoch  20/20 — loss: 0.997368 (best: 0.997368)
[AE-IS] Training finished — best loss: 0.997368
[AE-IS] Reconstruction error stats — min: 0.013988, median: 0.719524, max: 12.838474
[AE-IS] Redundant instances: 4807, removing 2884 with beta=0.6
[AE-IS] Noise instances: 3605, removing 721 with theta=0.2
[AE-IS] Removed 2884 redundant + 721 noisy = 3605 total instances
[AE-IS] Kept 8412 / 12017 (reduction = 30.00%)
[26.68610405921936, 29.2715322971344, 32.4235725402832, 30.02938175201416, 31.24589490890503, 30.0264573097229, 30.762633562088013]
Fold 7
[AE-IS] Using GPU: NVIDIA A100-SXM4-80GB
[AE-IS] Architecture: 28534 → 20 → 10 → 20 → 28534
[AE-IS] Training autoencoder on 12012 instances (28534 features) for up to 20 epochs …
  Epoch   1/20 — loss: 1.084802 (best: 1.084802)
  Epoch  10/20 — loss: 1.001311 (best: 1.001311)
  Epoch  20/20 — loss: 0.996710 (best: 0.996710)
[AE-IS] Training finished — best loss: 0.996710
[AE-IS] Reconstruction error stats — min: 0.013783, median: 0.724190, max: 11.892082
[AE-IS] Redundant instances: 4805, removing 2883 with beta=0.6
[AE-IS] Noise instances: 3604, removing 720 with theta=0.2
[AE-IS] Removed 2883 redundant + 720 noisy = 3603 total instances
[AE-IS] Kept 8409 / 12012 (reduction = 30.00%)
[26.68610405921936, 29.2715322971344, 32.4235725402832, 30.02938175201416, 31.24589490890503, 30.0264573097229, 30.762633562088013, 34.10614085197449]
Fold 8
[AE-IS] Using GPU: NVIDIA A100-SXM4-80GB
[AE-IS] Architecture: 28568 → 20 → 10 → 20 → 28568
[AE-IS] Training autoencoder on 12014 instances (28568 features) for up to 20 epochs …
  Epoch   1/20 — loss: 1.084358 (best: 1.084358)
  Epoch  10/20 — loss: 1.000559 (best: 1.000559)
  Epoch  20/20 — loss: 0.997125 (best: 0.997125)
[AE-IS] Training finished — best loss: 0.997125
[AE-IS] Reconstruction error stats — min: 0.013886, median: 0.720230, max: 12.316149
[AE-IS] Redundant instances: 4806, removing 2883 with beta=0.6
[AE-IS] Noise instances: 3604, removing 720 with theta=0.2
[AE-IS] Removed 2883 redundant + 720 noisy = 3603 total instances
[AE-IS] Kept 8411 / 12014 (reduction = 29.99%)
[26.68610405921936, 29.2715322971344, 32.4235725402832, 30.02938175201416, 31.24589490890503, 30.0264573097229, 30.762633562088013, 34.10614085197449, 29.50249671936035]
Fold 9
[AE-IS] Using GPU: NVIDIA A100-SXM4-80GB
[AE-IS] Architecture: 28501 → 20 → 10 → 20 → 28501
[AE-IS] Training autoencoder on 12034 instances (28501 features) for up to 20 epochs …
  Epoch   1/20 — loss: 1.083549 (best: 1.083549)
  Epoch  10/20 — loss: 0.999383 (best: 0.999383)
  Epoch  20/20 — loss: 1.003963 (best: 0.993260)
[AE-IS] Training finished — best loss: 0.993260
[AE-IS] Reconstruction error stats — min: 0.013882, median: 0.721258, max: 12.245344
[AE-IS] Redundant instances: 4814, removing 2888 with beta=0.6
[AE-IS] Noise instances: 3610, removing 722 with theta=0.2
[AE-IS] Removed 2888 redundant + 722 noisy = 3610 total instances
[AE-IS] Kept 8424 / 12034 (reduction = 30.00%)
[26.68610405921936, 29.2715322971344, 32.4235725402832, 30.02938175201416, 31.24589490890503, 30.0264573097229, 30.762633562088013, 34.10614085197449, 29.50249671936035, 30.91849374771118]
END
  Method: gmm-is
Namespace(dataset='reuters90', method='gmm-is', folds=10, save=True, inputrep='tfidf', out='/app/unsupervised-is/resources/outsel', datain='/app/unsupervised-is/resources/datasets', overwrite=1, inputdir='/app/unsupervised-is/resources/datasets/reuters90/tfidf/', splitdir='/app/unsupervised-is/resources/datasets/reuters90/splits/', outputdir='/app/unsupervised-is/resources/outsel/selection/reuters90/', filename='/app/unsupervised-is/resources/outsel/selection/reuters90//saida_gmm-is', start_time='05-06-2026 06:03:57')
/app/unsupervised-is/resources/datasets/reuters90/splits//split_10.pkl
Fold 0
[GMM] Redundant instances: 4791, removing 2874 with beta=0.6
[GMM] Noise instances: 3593, removing 718 with theta=0.2
[GMM] Removed 2874 redundant + 718 noisy = 3592 total instances
[GMM] Kept 8385 / 11977 (reduction = 29.99%)
[40.5062460899353]
Fold 1
[GMM] Redundant instances: 4782, removing 2869 with beta=0.6
[GMM] Noise instances: 3587, removing 717 with theta=0.2
[GMM] Removed 2869 redundant + 717 noisy = 3586 total instances
[GMM] Kept 8370 / 11956 (reduction = 29.99%)
[40.5062460899353, 58.7768349647522]
Fold 2
[GMM] Redundant instances: 4791, removing 2874 with beta=0.6
[GMM] Noise instances: 3593, removing 718 with theta=0.2
[GMM] Removed 2874 redundant + 718 noisy = 3592 total instances
[GMM] Kept 8385 / 11977 (reduction = 29.99%)
[40.5062460899353, 58.7768349647522, 66.54467391967773]
Fold 3
[GMM] Redundant instances: 4787, removing 2872 with beta=0.6
[GMM] Noise instances: 3591, removing 718 with theta=0.2
[GMM] Removed 2872 redundant + 718 noisy = 3590 total instances
[GMM] Kept 8378 / 11968 (reduction = 30.00%)
[40.5062460899353, 58.7768349647522, 66.54467391967773, 77.22098875045776]
Fold 4
[GMM] Redundant instances: 4800, removing 2880 with beta=0.6
[GMM] Noise instances: 3600, removing 720 with theta=0.2
[GMM] Removed 2880 redundant + 720 noisy = 3600 total instances
[GMM] Kept 8399 / 11999 (reduction = 30.00%)
[40.5062460899353, 58.7768349647522, 66.54467391967773, 77.22098875045776, 67.98584151268005]
Fold 5
[GMM] Redundant instances: 4796, removing 2877 with beta=0.6
[GMM] Noise instances: 3597, removing 719 with theta=0.2
[GMM] Removed 2877 redundant + 719 noisy = 3596 total instances
[GMM] Kept 8393 / 11989 (reduction = 29.99%)
[40.5062460899353, 58.7768349647522, 66.54467391967773, 77.22098875045776, 67.98584151268005, 59.52309465408325]
Fold 6
[GMM] Redundant instances: 4807, removing 2884 with beta=0.6
[GMM] Noise instances: 3605, removing 721 with theta=0.2
[GMM] Removed 2884 redundant + 721 noisy = 3605 total instances
[GMM] Kept 8412 / 12017 (reduction = 30.00%)
[40.5062460899353, 58.7768349647522, 66.54467391967773, 77.22098875045776, 67.98584151268005, 59.52309465408325, 58.91111516952515]
Fold 7
[GMM] Redundant instances: 4805, removing 2883 with beta=0.6
[GMM] Noise instances: 3604, removing 720 with theta=0.2
[GMM] Removed 2883 redundant + 720 noisy = 3603 total instances
[GMM] Kept 8409 / 12012 (reduction = 30.00%)
[40.5062460899353, 58.7768349647522, 66.54467391967773, 77.22098875045776, 67.98584151268005, 59.52309465408325, 58.91111516952515, 56.424869537353516]
Fold 8
[GMM] Redundant instances: 4806, removing 2883 with beta=0.6
[GMM] Noise instances: 3604, removing 720 with theta=0.2
[GMM] Removed 2883 redundant + 720 noisy = 3603 total instances
[GMM] Kept 8411 / 12014 (reduction = 29.99%)
[40.5062460899353, 58.7768349647522, 66.54467391967773, 77.22098875045776, 67.98584151268005, 59.52309465408325, 58.91111516952515, 56.424869537353516, 44.54430437088013]
Fold 9
[GMM] Redundant instances: 4814, removing 2888 with beta=0.6
[GMM] Noise instances: 3610, removing 722 with theta=0.2
[GMM] Removed 2888 redundant + 722 noisy = 3610 total instances
[GMM] Kept 8424 / 12034 (reduction = 30.00%)
[40.5062460899353, 58.7768349647522, 66.54467391967773, 77.22098875045776, 67.98584151268005, 59.52309465408325, 58.91111516952515, 56.424869537353516, 44.54430437088013, 42.45159959793091]
END
  Method: adaptive-perplexity
Namespace(dataset='reuters90', method='adaptive-perplexity', folds=10, save=True, inputrep='tfidf', out='/app/unsupervised-is/resources/outsel', datain='/app/unsupervised-is/resources/datasets', overwrite=1, inputdir='/app/unsupervised-is/resources/datasets/reuters90/tfidf/', splitdir='/app/unsupervised-is/resources/datasets/reuters90/splits/', outputdir='/app/unsupervised-is/resources/outsel/selection/reuters90/', filename='/app/unsupervised-is/resources/outsel/selection/reuters90//saida_adaptive-perplexity', start_time='05-06-2026 06:13:41')
/app/unsupervised-is/resources/datasets/reuters90/splits//split_10.pkl
Fold 0
[Adaptive-IS] Step 1 — computing scores via 'perplexity' …
[PerplexityIS] Fitting LDA with 10 topics on 11977 instances …
[PerplexityIS] Perplexity stats — min: 1.3814, median: 3.0269, max: 6.0967
[PerplexityIS] Redundancy threshold (p0.0): 1.3814 → 0 candidates
[PerplexityIS] Noise threshold (p100.0): 6.0967 → 0 candidates
[PerplexityIS] Removed 0 redundant + 0 noisy = 0 total instances
[PerplexityIS] Kept 11977 / 11977 (reduction = 0.00%)
[Adaptive-IS] Score stats — min: 1.3814, median: 3.0269, max: 6.0967
[Adaptive-IS] Step 2 — estimating thresholds via 'gmm_boundary' …
[Adaptive-IS] Estimated params — low_percentile=42.0, high_percentile=83.6, beta=0.450, theta=0.287, imbalance_proxy=0.239
[Adaptive-IS] GMM component means: [2.172969947808803, 3.1097750847389687, 4.06224960661723]
[Adaptive-IS] Step 3 — applying selection …
[Adaptive-IS] Redundant candidates: 5031, removing 2264 (beta=0.450)
[Adaptive-IS] Noise candidates: 1960, removing 561 (theta=0.287)
[Adaptive-IS] Removed 2825 instances — kept 9152 / 11977 (reduction = 23.59%)
[11.936167240142822]
Fold 1
[Adaptive-IS] Step 1 — computing scores via 'perplexity' …
[PerplexityIS] Fitting LDA with 10 topics on 11956 instances …
[PerplexityIS] Perplexity stats — min: 1.3718, median: 2.8985, max: 6.5515
[PerplexityIS] Redundancy threshold (p0.0): 1.3718 → 0 candidates
[PerplexityIS] Noise threshold (p100.0): 6.5515 → 0 candidates
[PerplexityIS] Removed 0 redundant + 0 noisy = 0 total instances
[PerplexityIS] Kept 11956 / 11956 (reduction = 0.00%)
[Adaptive-IS] Score stats — min: 1.3718, median: 2.8985, max: 6.5515
[Adaptive-IS] Step 2 — estimating thresholds via 'gmm_boundary' …
[Adaptive-IS] Estimated params — low_percentile=46.9, high_percentile=85.2, beta=0.560, theta=0.245, imbalance_proxy=0.241
[Adaptive-IS] GMM component means: [2.188052878610975, 3.128482005362274, 4.161928530805101]
[Adaptive-IS] Step 3 — applying selection …
[Adaptive-IS] Redundant candidates: 5605, removing 3140 (beta=0.560)
[Adaptive-IS] Noise candidates: 1771, removing 433 (theta=0.245)
[Adaptive-IS] Removed 3573 instances — kept 8383 / 11956 (reduction = 29.88%)
[11.936167240142822, 10.184125900268555]
Fold 2
[Adaptive-IS] Step 1 — computing scores via 'perplexity' …
[PerplexityIS] Fitting LDA with 10 topics on 11977 instances …
[PerplexityIS] Perplexity stats — min: 1.3640, median: 2.7692, max: 6.5368
[PerplexityIS] Redundancy threshold (p0.0): 1.3640 → 0 candidates
[PerplexityIS] Noise threshold (p100.0): 6.5368 → 0 candidates
[PerplexityIS] Removed 0 redundant + 0 noisy = 0 total instances
[PerplexityIS] Kept 11977 / 11977 (reduction = 0.00%)
[Adaptive-IS] Score stats — min: 1.3640, median: 2.7692, max: 6.5368
[Adaptive-IS] Step 2 — estimating thresholds via 'gmm_boundary' …
[Adaptive-IS] Estimated params — low_percentile=50.1, high_percentile=86.0, beta=0.600, theta=0.250, imbalance_proxy=0.253
[Adaptive-IS] GMM component means: [2.1326229688856877, 3.0885005748861314, 4.084613562707922]
[Adaptive-IS] Step 3 — applying selection …
[Adaptive-IS] Redundant candidates: 5997, removing 3598 (beta=0.600)
[Adaptive-IS] Noise candidates: 1680, removing 419 (theta=0.250)
[Adaptive-IS] Removed 4017 instances — kept 7960 / 11977 (reduction = 33.54%)
[11.936167240142822, 10.184125900268555, 10.409090757369995]
Fold 3
[Adaptive-IS] Step 1 — computing scores via 'perplexity' …
[PerplexityIS] Fitting LDA with 10 topics on 11968 instances …
[PerplexityIS] Perplexity stats — min: 1.3973, median: 2.8370, max: 6.1975
[PerplexityIS] Redundancy threshold (p0.0): 1.3973 → 0 candidates
[PerplexityIS] Noise threshold (p100.0): 6.1975 → 0 candidates
[PerplexityIS] Removed 0 redundant + 0 noisy = 0 total instances
[PerplexityIS] Kept 11968 / 11968 (reduction = 0.00%)
[Adaptive-IS] Score stats — min: 1.3973, median: 2.8370, max: 6.1975
[Adaptive-IS] Step 2 — estimating thresholds via 'gmm_boundary' …
[Adaptive-IS] Estimated params — low_percentile=50.1, high_percentile=83.7, beta=0.572, theta=0.258, imbalance_proxy=0.234
[Adaptive-IS] GMM component means: [2.203513891301794, 3.046263138573202, 4.061505823168625]
[Adaptive-IS] Step 3 — applying selection …
[Adaptive-IS] Redundant candidates: 5999, removing 3429 (beta=0.572)
[Adaptive-IS] Noise candidates: 1955, removing 504 (theta=0.258)
[Adaptive-IS] Removed 3933 instances — kept 8035 / 11968 (reduction = 32.86%)
[11.936167240142822, 10.184125900268555, 10.409090757369995, 10.166003465652466]
Fold 4
[Adaptive-IS] Step 1 — computing scores via 'perplexity' …
[PerplexityIS] Fitting LDA with 10 topics on 11999 instances …
[PerplexityIS] Perplexity stats — min: 1.3643, median: 2.8668, max: 6.5190
[PerplexityIS] Redundancy threshold (p0.0): 1.3643 → 0 candidates
[PerplexityIS] Noise threshold (p100.0): 6.5190 → 0 candidates
[PerplexityIS] Removed 0 redundant + 0 noisy = 0 total instances
[PerplexityIS] Kept 11999 / 11999 (reduction = 0.00%)
[Adaptive-IS] Score stats — min: 1.3643, median: 2.8668, max: 6.5190
[Adaptive-IS] Step 2 — estimating thresholds via 'gmm_boundary' …
[Adaptive-IS] Estimated params — low_percentile=54.0, high_percentile=85.1, beta=0.600, theta=0.228, imbalance_proxy=0.242
[Adaptive-IS] GMM component means: [2.269385282242943, 3.1267226945557898, 4.2588509378155965]
[Adaptive-IS] Step 3 — applying selection …
[Adaptive-IS] Redundant candidates: 6476, removing 3885 (beta=0.600)
[Adaptive-IS] Noise candidates: 1786, removing 407 (theta=0.228)
[Adaptive-IS] Removed 4292 instances — kept 7707 / 11999 (reduction = 35.77%)
[11.936167240142822, 10.184125900268555, 10.409090757369995, 10.166003465652466, 10.447057008743286]
Fold 5
[Adaptive-IS] Step 1 — computing scores via 'perplexity' …
[PerplexityIS] Fitting LDA with 10 topics on 11989 instances …
[PerplexityIS] Perplexity stats — min: 1.3730, median: 3.0350, max: 6.5416
[PerplexityIS] Redundancy threshold (p0.0): 1.3730 → 0 candidates
[PerplexityIS] Noise threshold (p100.0): 6.5416 → 0 candidates
[PerplexityIS] Removed 0 redundant + 0 noisy = 0 total instances
[PerplexityIS] Kept 11989 / 11989 (reduction = 0.00%)
[Adaptive-IS] Score stats — min: 1.3730, median: 3.0350, max: 6.5416
[Adaptive-IS] Step 2 — estimating thresholds via 'gmm_boundary' …
[Adaptive-IS] Estimated params — low_percentile=40.3, high_percentile=83.7, beta=0.431, theta=0.308, imbalance_proxy=0.224
[Adaptive-IS] GMM component means: [2.1856999154674384, 3.089052889780732, 3.923818445800167]
[Adaptive-IS] Step 3 — applying selection …
[Adaptive-IS] Redundant candidates: 4837, removing 2083 (beta=0.431)
[Adaptive-IS] Noise candidates: 1956, removing 602 (theta=0.308)
[Adaptive-IS] Removed 2685 instances — kept 9304 / 11989 (reduction = 22.40%)
[11.936167240142822, 10.184125900268555, 10.409090757369995, 10.166003465652466, 10.447057008743286, 10.209651708602905]
Fold 6
[Adaptive-IS] Step 1 — computing scores via 'perplexity' …
[PerplexityIS] Fitting LDA with 10 topics on 12017 instances …
[PerplexityIS] Perplexity stats — min: 1.3175, median: 2.8338, max: 6.7036
[PerplexityIS] Redundancy threshold (p0.0): 1.3175 → 0 candidates
[PerplexityIS] Noise threshold (p100.0): 6.7036 → 0 candidates
[PerplexityIS] Removed 0 redundant + 0 noisy = 0 total instances
[PerplexityIS] Kept 12017 / 12017 (reduction = 0.00%)
[Adaptive-IS] Score stats — min: 1.3175, median: 2.8338, max: 6.7036
[Adaptive-IS] Step 2 — estimating thresholds via 'gmm_boundary' …
[Adaptive-IS] Estimated params — low_percentile=49.2, high_percentile=87.5, beta=0.600, theta=0.245, imbalance_proxy=0.249
[Adaptive-IS] GMM component means: [2.150244181606443, 3.1308119148984512, 4.067964108127294]
[Adaptive-IS] Step 3 — applying selection …
[Adaptive-IS] Redundant candidates: 5911, removing 3546 (beta=0.600)
[Adaptive-IS] Noise candidates: 1507, removing 369 (theta=0.245)
[Adaptive-IS] Removed 3915 instances — kept 8102 / 12017 (reduction = 32.58%)
[11.936167240142822, 10.184125900268555, 10.409090757369995, 10.166003465652466, 10.447057008743286, 10.209651708602905, 10.13865065574646]
Fold 7
[Adaptive-IS] Step 1 — computing scores via 'perplexity' …
[PerplexityIS] Fitting LDA with 10 topics on 12012 instances …
[PerplexityIS] Perplexity stats — min: 1.4088, median: 3.0867, max: 6.7480
[PerplexityIS] Redundancy threshold (p0.0): 1.4088 → 0 candidates
[PerplexityIS] Noise threshold (p100.0): 6.7480 → 0 candidates
[PerplexityIS] Removed 0 redundant + 0 noisy = 0 total instances
[PerplexityIS] Kept 12012 / 12012 (reduction = 0.00%)
[Adaptive-IS] Score stats — min: 1.4088, median: 3.0867, max: 6.7480
[Adaptive-IS] Step 2 — estimating thresholds via 'gmm_boundary' …
[Adaptive-IS] Estimated params — low_percentile=39.5, high_percentile=83.1, beta=0.434, theta=0.306, imbalance_proxy=0.234
[Adaptive-IS] GMM component means: [2.19713645685759, 3.145066447030807, 4.077319674072333]
[Adaptive-IS] Step 3 — applying selection …
[Adaptive-IS] Redundant candidates: 4750, removing 2060 (beta=0.434)
[Adaptive-IS] Noise candidates: 2031, removing 622 (theta=0.306)
[Adaptive-IS] Removed 2682 instances — kept 9330 / 12012 (reduction = 22.33%)
[11.936167240142822, 10.184125900268555, 10.409090757369995, 10.166003465652466, 10.447057008743286, 10.209651708602905, 10.13865065574646, 10.804621934890747]
Fold 8
[Adaptive-IS] Step 1 — computing scores via 'perplexity' …
[PerplexityIS] Fitting LDA with 10 topics on 12014 instances …
[PerplexityIS] Perplexity stats — min: 1.4042, median: 2.7789, max: 7.1501
[PerplexityIS] Redundancy threshold (p0.0): 1.4042 → 0 candidates
[PerplexityIS] Noise threshold (p100.0): 7.1501 → 0 candidates
[PerplexityIS] Removed 0 redundant + 0 noisy = 0 total instances
[PerplexityIS] Kept 12014 / 12014 (reduction = 0.00%)
[Adaptive-IS] Score stats — min: 1.4042, median: 2.7789, max: 7.1501
[Adaptive-IS] Step 2 — estimating thresholds via 'gmm_boundary' …
[Adaptive-IS] Estimated params — low_percentile=51.1, high_percentile=84.6, beta=0.600, theta=0.256, imbalance_proxy=0.238
[Adaptive-IS] GMM component means: [2.199367096412626, 3.0428122115502183, 4.09815410631664]
[Adaptive-IS] Step 3 — applying selection …
[Adaptive-IS] Redundant candidates: 6144, removing 3686 (beta=0.600)
[Adaptive-IS] Noise candidates: 1848, removing 472 (theta=0.256)
[Adaptive-IS] Removed 4158 instances — kept 7856 / 12014 (reduction = 34.61%)
[11.936167240142822, 10.184125900268555, 10.409090757369995, 10.166003465652466, 10.447057008743286, 10.209651708602905, 10.13865065574646, 10.804621934890747, 10.165910959243774]
Fold 9
[Adaptive-IS] Step 1 — computing scores via 'perplexity' …
[PerplexityIS] Fitting LDA with 10 topics on 12034 instances …
[PerplexityIS] Perplexity stats — min: 1.3746, median: 2.8140, max: 6.3183
[PerplexityIS] Redundancy threshold (p0.0): 1.3746 → 0 candidates
[PerplexityIS] Noise threshold (p100.0): 6.3183 → 0 candidates
[PerplexityIS] Removed 0 redundant + 0 noisy = 0 total instances
[PerplexityIS] Kept 12034 / 12034 (reduction = 0.00%)
[Adaptive-IS] Score stats — min: 1.3746, median: 2.8140, max: 6.3183
[Adaptive-IS] Step 2 — estimating thresholds via 'gmm_boundary' …
[Adaptive-IS] Estimated params — low_percentile=47.0, high_percentile=83.4, beta=0.583, theta=0.253, imbalance_proxy=0.247
[Adaptive-IS] GMM component means: [2.136418736733828, 3.0433935593984054, 4.0946731010307165]
[Adaptive-IS] Step 3 — applying selection …
[Adaptive-IS] Redundant candidates: 5656, removing 3295 (beta=0.583)
[Adaptive-IS] Noise candidates: 1995, removing 504 (theta=0.253)
[Adaptive-IS] Removed 3799 instances — kept 8235 / 12034 (reduction = 31.57%)
[11.936167240142822, 10.184125900268555, 10.409090757369995, 10.166003465652466, 10.447057008743286, 10.209651708602905, 10.13865065574646, 10.804621934890747, 10.165910959243774, 9.971321105957031]
END
  Method: adaptive-v2-perplexity
Namespace(dataset='reuters90', method='adaptive-v2-perplexity', folds=10, save=True, inputrep='tfidf', out='/app/unsupervised-is/resources/outsel', datain='/app/unsupervised-is/resources/datasets', overwrite=1, inputdir='/app/unsupervised-is/resources/datasets/reuters90/tfidf/', splitdir='/app/unsupervised-is/resources/datasets/reuters90/splits/', outputdir='/app/unsupervised-is/resources/outsel/selection/reuters90/', filename='/app/unsupervised-is/resources/outsel/selection/reuters90//saida_adaptive-v2-perplexity', start_time='05-06-2026 06:15:37')
/app/unsupervised-is/resources/datasets/reuters90/splits//split_10.pkl
Fold 0
[AdaptiveV2-IS] Step 1 — scoring via 'perplexity' …
[PerplexityIS] Fitting LDA with 10 topics on 11977 instances …
[PerplexityIS] Perplexity stats — min: 1.3814, median: 3.0269, max: 6.0967
[PerplexityIS] Redundancy threshold (p0.0): 1.3814 → 0 candidates
[PerplexityIS] Noise threshold (p100.0): 6.0967 → 0 candidates
[PerplexityIS] Removed 0 redundant + 0 noisy = 0 total instances
[PerplexityIS] Kept 11977 / 11977 (reduction = 0.00%)
[AdaptiveV2-IS] Score stats — min: 1.3814, p25: 2.4438, median: 3.0269, p75: 3.6141, max: 6.0967
[AdaptiveV2-IS] Step 2 — estimating params via quartile density …
[AdaptiveV2-IS] Quartile widths: Q1_frac=0.225, Q2_frac=0.124, total_range=4.7152
[AdaptiveV2-IS] Params: beta_q1=0.700, beta_q2=0.600, theta=0.228, imbalance_proxy=0.239
[AdaptiveV2-IS] Step 3 — applying quartile selection …
[AdaptiveV2-IS] Q1 (2995 instances): removing 2096 (beta_q1=0.700, uniform)
[AdaptiveV2-IS] Q2 (2994 instances): removing 1796 (beta_q2=0.600, uniform)
[AdaptiveV2-IS] Q4 (2994 instances): removing 683 (theta=0.228, weighted)
[AdaptiveV2-IS] Done — removed 4575 / 11977 (reduction = 38.20%)
[11.34265422821045]
Fold 1
[AdaptiveV2-IS] Step 1 — scoring via 'perplexity' …
[PerplexityIS] Fitting LDA with 10 topics on 11956 instances …
[PerplexityIS] Perplexity stats — min: 1.3718, median: 2.8985, max: 6.5515
[PerplexityIS] Redundancy threshold (p0.0): 1.3718 → 0 candidates
[PerplexityIS] Noise threshold (p100.0): 6.5515 → 0 candidates
[PerplexityIS] Removed 0 redundant + 0 noisy = 0 total instances
[PerplexityIS] Kept 11956 / 11956 (reduction = 0.00%)
[AdaptiveV2-IS] Score stats — min: 1.3718, p25: 2.2993, median: 2.8985, p75: 3.5467, max: 6.5515
[AdaptiveV2-IS] Step 2 — estimating params via quartile density …
[AdaptiveV2-IS] Quartile widths: Q1_frac=0.179, Q2_frac=0.116, total_range=5.1797
[AdaptiveV2-IS] Params: beta_q1=0.700, beta_q2=0.600, theta=0.228, imbalance_proxy=0.241
[AdaptiveV2-IS] Step 3 — applying quartile selection …
[AdaptiveV2-IS] Q1 (2991 instances): removing 2093 (beta_q1=0.700, uniform)
[AdaptiveV2-IS] Q2 (2987 instances): removing 1792 (beta_q2=0.600, uniform)
[AdaptiveV2-IS] Q4 (2989 instances): removing 680 (theta=0.228, weighted)
[AdaptiveV2-IS] Done — removed 4565 / 11956 (reduction = 38.18%)
[11.34265422821045, 7.922783374786377]
Fold 2
[AdaptiveV2-IS] Step 1 — scoring via 'perplexity' …
[PerplexityIS] Fitting LDA with 10 topics on 11977 instances …
[PerplexityIS] Perplexity stats — min: 1.3640, median: 2.7692, max: 6.5368
[PerplexityIS] Redundancy threshold (p0.0): 1.3640 → 0 candidates
[PerplexityIS] Noise threshold (p100.0): 6.5368 → 0 candidates
[PerplexityIS] Removed 0 redundant + 0 noisy = 0 total instances
[PerplexityIS] Kept 11977 / 11977 (reduction = 0.00%)
[AdaptiveV2-IS] Score stats — min: 1.3640, p25: 2.1723, median: 2.7692, p75: 3.4935, max: 6.5368
[AdaptiveV2-IS] Step 2 — estimating params via quartile density …
[AdaptiveV2-IS] Quartile widths: Q1_frac=0.156, Q2_frac=0.115, total_range=5.1729
[AdaptiveV2-IS] Params: beta_q1=0.700, beta_q2=0.600, theta=0.224, imbalance_proxy=0.253
[AdaptiveV2-IS] Step 3 — applying quartile selection …
[AdaptiveV2-IS] Q1 (2996 instances): removing 2097 (beta_q1=0.700, uniform)
[AdaptiveV2-IS] Q2 (2994 instances): removing 1796 (beta_q2=0.600, uniform)
[AdaptiveV2-IS] Q4 (2994 instances): removing 670 (theta=0.224, weighted)
[AdaptiveV2-IS] Done — removed 4563 / 11977 (reduction = 38.10%)
[11.34265422821045, 7.922783374786377, 7.596863269805908]
Fold 3
[AdaptiveV2-IS] Step 1 — scoring via 'perplexity' …
[PerplexityIS] Fitting LDA with 10 topics on 11968 instances …
[PerplexityIS] Perplexity stats — min: 1.3973, median: 2.8370, max: 6.1975
[PerplexityIS] Redundancy threshold (p0.0): 1.3973 → 0 candidates
[PerplexityIS] Noise threshold (p100.0): 6.1975 → 0 candidates
[PerplexityIS] Removed 0 redundant + 0 noisy = 0 total instances
[PerplexityIS] Kept 11968 / 11968 (reduction = 0.00%)
[AdaptiveV2-IS] Score stats — min: 1.3973, p25: 2.3031, median: 2.8370, p75: 3.4747, max: 6.1975
[AdaptiveV2-IS] Step 2 — estimating params via quartile density …
[AdaptiveV2-IS] Quartile widths: Q1_frac=0.189, Q2_frac=0.111, total_range=4.8002
[AdaptiveV2-IS] Params: beta_q1=0.700, beta_q2=0.600, theta=0.230, imbalance_proxy=0.234
[AdaptiveV2-IS] Step 3 — applying quartile selection …
[AdaptiveV2-IS] Q1 (2992 instances): removing 2094 (beta_q1=0.700, uniform)
[AdaptiveV2-IS] Q2 (2993 instances): removing 1795 (beta_q2=0.600, uniform)
[AdaptiveV2-IS] Q4 (2992 instances): removing 687 (theta=0.230, weighted)
[AdaptiveV2-IS] Done — removed 4576 / 11968 (reduction = 38.24%)
[11.34265422821045, 7.922783374786377, 7.596863269805908, 7.922236919403076]
Fold 4
[AdaptiveV2-IS] Step 1 — scoring via 'perplexity' …
[PerplexityIS] Fitting LDA with 10 topics on 11999 instances …
[PerplexityIS] Perplexity stats — min: 1.3643, median: 2.8668, max: 6.5190
[PerplexityIS] Redundancy threshold (p0.0): 1.3643 → 0 candidates
[PerplexityIS] Noise threshold (p100.0): 6.5190 → 0 candidates
[PerplexityIS] Removed 0 redundant + 0 noisy = 0 total instances
[PerplexityIS] Kept 11999 / 11999 (reduction = 0.00%)
[AdaptiveV2-IS] Score stats — min: 1.3643, p25: 2.3375, median: 2.8668, p75: 3.5024, max: 6.5190
[AdaptiveV2-IS] Step 2 — estimating params via quartile density …
[AdaptiveV2-IS] Quartile widths: Q1_frac=0.189, Q2_frac=0.103, total_range=5.1548
[AdaptiveV2-IS] Params: beta_q1=0.700, beta_q2=0.600, theta=0.227, imbalance_proxy=0.242
[AdaptiveV2-IS] Step 3 — applying quartile selection …
[AdaptiveV2-IS] Q1 (3000 instances): removing 2100 (beta_q1=0.700, uniform)
[AdaptiveV2-IS] Q2 (3000 instances): removing 1800 (beta_q2=0.600, uniform)
[AdaptiveV2-IS] Q4 (3000 instances): removing 682 (theta=0.227, weighted)
[AdaptiveV2-IS] Done — removed 4582 / 11999 (reduction = 38.19%)
[11.34265422821045, 7.922783374786377, 7.596863269805908, 7.922236919403076, 7.606475830078125]
Fold 5
[AdaptiveV2-IS] Step 1 — scoring via 'perplexity' …
[PerplexityIS] Fitting LDA with 10 topics on 11989 instances …
[PerplexityIS] Perplexity stats — min: 1.3730, median: 3.0350, max: 6.5416
[PerplexityIS] Redundancy threshold (p0.0): 1.3730 → 0 candidates
[PerplexityIS] Noise threshold (p100.0): 6.5416 → 0 candidates
[PerplexityIS] Removed 0 redundant + 0 noisy = 0 total instances
[PerplexityIS] Kept 11989 / 11989 (reduction = 0.00%)
[AdaptiveV2-IS] Score stats — min: 1.3730, p25: 2.4762, median: 3.0350, p75: 3.5574, max: 6.5416
[AdaptiveV2-IS] Step 2 — estimating params via quartile density …
[AdaptiveV2-IS] Quartile widths: Q1_frac=0.213, Q2_frac=0.108, total_range=5.1686
[AdaptiveV2-IS] Params: beta_q1=0.700, beta_q2=0.600, theta=0.233, imbalance_proxy=0.224
[AdaptiveV2-IS] Step 3 — applying quartile selection …
[AdaptiveV2-IS] Q1 (2999 instances): removing 2099 (beta_q1=0.700, uniform)
[AdaptiveV2-IS] Q2 (2996 instances): removing 1797 (beta_q2=0.600, uniform)
[AdaptiveV2-IS] Q4 (2997 instances): removing 697 (theta=0.233, weighted)
[AdaptiveV2-IS] Done — removed 4593 / 11989 (reduction = 38.31%)
[11.34265422821045, 7.922783374786377, 7.596863269805908, 7.922236919403076, 7.606475830078125, 7.940321445465088]
Fold 6
[AdaptiveV2-IS] Step 1 — scoring via 'perplexity' …
[PerplexityIS] Fitting LDA with 10 topics on 12017 instances …
[PerplexityIS] Perplexity stats — min: 1.3175, median: 2.8338, max: 6.7036
[PerplexityIS] Redundancy threshold (p0.0): 1.3175 → 0 candidates
[PerplexityIS] Noise threshold (p100.0): 6.7036 → 0 candidates
[PerplexityIS] Removed 0 redundant + 0 noisy = 0 total instances
[PerplexityIS] Kept 12017 / 12017 (reduction = 0.00%)
[AdaptiveV2-IS] Score stats — min: 1.3175, p25: 2.2281, median: 2.8338, p75: 3.5163, max: 6.7036
[AdaptiveV2-IS] Step 2 — estimating params via quartile density …
[AdaptiveV2-IS] Quartile widths: Q1_frac=0.169, Q2_frac=0.112, total_range=5.3861
[AdaptiveV2-IS] Params: beta_q1=0.700, beta_q2=0.600, theta=0.225, imbalance_proxy=0.249
[AdaptiveV2-IS] Step 3 — applying quartile selection …
[AdaptiveV2-IS] Q1 (3005 instances): removing 2103 (beta_q1=0.700, uniform)
[AdaptiveV2-IS] Q2 (3004 instances): removing 1802 (beta_q2=0.600, uniform)
[AdaptiveV2-IS] Q4 (3003 instances): removing 676 (theta=0.225, weighted)
[AdaptiveV2-IS] Done — removed 4581 / 12017 (reduction = 38.12%)
[11.34265422821045, 7.922783374786377, 7.596863269805908, 7.922236919403076, 7.606475830078125, 7.940321445465088, 7.207176446914673]
Fold 7
[AdaptiveV2-IS] Step 1 — scoring via 'perplexity' …
[PerplexityIS] Fitting LDA with 10 topics on 12012 instances …
[PerplexityIS] Perplexity stats — min: 1.4088, median: 3.0867, max: 6.7480
[PerplexityIS] Redundancy threshold (p0.0): 1.4088 → 0 candidates
[PerplexityIS] Noise threshold (p100.0): 6.7480 → 0 candidates
[PerplexityIS] Removed 0 redundant + 0 noisy = 0 total instances
[PerplexityIS] Kept 12012 / 12012 (reduction = 0.00%)
[AdaptiveV2-IS] Score stats — min: 1.4088, p25: 2.4851, median: 3.0867, p75: 3.7030, max: 6.7480
[AdaptiveV2-IS] Step 2 — estimating params via quartile density …
[AdaptiveV2-IS] Quartile widths: Q1_frac=0.202, Q2_frac=0.113, total_range=5.3392
[AdaptiveV2-IS] Params: beta_q1=0.700, beta_q2=0.600, theta=0.230, imbalance_proxy=0.234
[AdaptiveV2-IS] Step 3 — applying quartile selection …
[AdaptiveV2-IS] Q1 (3003 instances): removing 2102 (beta_q1=0.700, uniform)
[AdaptiveV2-IS] Q2 (3003 instances): removing 1801 (beta_q2=0.600, uniform)
[AdaptiveV2-IS] Q4 (3003 instances): removing 689 (theta=0.230, weighted)
[AdaptiveV2-IS] Done — removed 4592 / 12012 (reduction = 38.23%)
[11.34265422821045, 7.922783374786377, 7.596863269805908, 7.922236919403076, 7.606475830078125, 7.940321445465088, 7.207176446914673, 7.710824966430664]
Fold 8
[AdaptiveV2-IS] Step 1 — scoring via 'perplexity' …
[PerplexityIS] Fitting LDA with 10 topics on 12014 instances …
[PerplexityIS] Perplexity stats — min: 1.4042, median: 2.7789, max: 7.1501
[PerplexityIS] Redundancy threshold (p0.0): 1.4042 → 0 candidates
[PerplexityIS] Noise threshold (p100.0): 7.1501 → 0 candidates
[PerplexityIS] Removed 0 redundant + 0 noisy = 0 total instances
[PerplexityIS] Kept 12014 / 12014 (reduction = 0.00%)
[AdaptiveV2-IS] Score stats — min: 1.4042, p25: 2.2616, median: 2.7789, p75: 3.4743, max: 7.1501
[AdaptiveV2-IS] Step 2 — estimating params via quartile density …
[AdaptiveV2-IS] Quartile widths: Q1_frac=0.149, Q2_frac=0.090, total_range=5.7459
[AdaptiveV2-IS] Params: beta_q1=0.700, beta_q2=0.600, theta=0.229, imbalance_proxy=0.238
[AdaptiveV2-IS] Step 3 — applying quartile selection …
[AdaptiveV2-IS] Q1 (3004 instances): removing 2102 (beta_q1=0.700, uniform)
[AdaptiveV2-IS] Q2 (3003 instances): removing 1801 (beta_q2=0.600, uniform)
[AdaptiveV2-IS] Q4 (3004 instances): removing 686 (theta=0.229, weighted)
[AdaptiveV2-IS] Done — removed 4589 / 12014 (reduction = 38.20%)
[11.34265422821045, 7.922783374786377, 7.596863269805908, 7.922236919403076, 7.606475830078125, 7.940321445465088, 7.207176446914673, 7.710824966430664, 7.510298490524292]
Fold 9
[AdaptiveV2-IS] Step 1 — scoring via 'perplexity' …
[PerplexityIS] Fitting LDA with 10 topics on 12034 instances …
[PerplexityIS] Perplexity stats — min: 1.3746, median: 2.8140, max: 6.3183
[PerplexityIS] Redundancy threshold (p0.0): 1.3746 → 0 candidates
[PerplexityIS] Noise threshold (p100.0): 6.3183 → 0 candidates
[PerplexityIS] Removed 0 redundant + 0 noisy = 0 total instances
[PerplexityIS] Kept 12034 / 12034 (reduction = 0.00%)
[AdaptiveV2-IS] Score stats — min: 1.3746, p25: 2.2285, median: 2.8140, p75: 3.4741, max: 6.3183
[AdaptiveV2-IS] Step 2 — estimating params via quartile density …
[AdaptiveV2-IS] Quartile widths: Q1_frac=0.173, Q2_frac=0.118, total_range=4.9436
[AdaptiveV2-IS] Params: beta_q1=0.700, beta_q2=0.600, theta=0.226, imbalance_proxy=0.247
[AdaptiveV2-IS] Step 3 — applying quartile selection …
[AdaptiveV2-IS] Q1 (3009 instances): removing 2106 (beta_q1=0.700, uniform)
[AdaptiveV2-IS] Q2 (3008 instances): removing 1804 (beta_q2=0.600, uniform)
[AdaptiveV2-IS] Q4 (3009 instances): removing 679 (theta=0.226, weighted)
[AdaptiveV2-IS] Done — removed 4589 / 12034 (reduction = 38.13%)
[11.34265422821045, 7.922783374786377, 7.596863269805908, 7.922236919403076, 7.606475830078125, 7.940321445465088, 7.207176446914673, 7.710824966430664, 7.510298490524292, 7.834757089614868]
END
Dataset: webkb
  Method: no-is
Namespace(dataset='webkb', method='no-is', folds=10, save=True, inputrep='tfidf', out='/app/unsupervised-is/resources/outsel', datain='/app/unsupervised-is/resources/datasets', overwrite=1, inputdir='/app/unsupervised-is/resources/datasets/webkb/tfidf/', splitdir='/app/unsupervised-is/resources/datasets/webkb/splits/', outputdir='/app/unsupervised-is/resources/outsel/selection/webkb/', filename='/app/unsupervised-is/resources/outsel/selection/webkb//saida_no-is', start_time='05-06-2026 06:17:09')
/app/unsupervised-is/resources/datasets/webkb/splits//split_10.pkl
Fold 0
[0.005441188812255859]
Fold 1
[0.005441188812255859, 0.004412412643432617]
Fold 2
[0.005441188812255859, 0.004412412643432617, 0.004491329193115234]
Fold 3
[0.005441188812255859, 0.004412412643432617, 0.004491329193115234, 0.004328250885009766]
Fold 4
[0.005441188812255859, 0.004412412643432617, 0.004491329193115234, 0.004328250885009766, 0.004674434661865234]
Fold 5
[0.005441188812255859, 0.004412412643432617, 0.004491329193115234, 0.004328250885009766, 0.004674434661865234, 0.004489898681640625]
Fold 6
[0.005441188812255859, 0.004412412643432617, 0.004491329193115234, 0.004328250885009766, 0.004674434661865234, 0.004489898681640625, 0.005051851272583008]
Fold 7
[0.005441188812255859, 0.004412412643432617, 0.004491329193115234, 0.004328250885009766, 0.004674434661865234, 0.004489898681640625, 0.005051851272583008, 0.004476785659790039]
Fold 8
[0.005441188812255859, 0.004412412643432617, 0.004491329193115234, 0.004328250885009766, 0.004674434661865234, 0.004489898681640625, 0.005051851272583008, 0.004476785659790039, 0.004619598388671875]
Fold 9
[0.005441188812255859, 0.004412412643432617, 0.004491329193115234, 0.004328250885009766, 0.004674434661865234, 0.004489898681640625, 0.005051851272583008, 0.004476785659790039, 0.004619598388671875, 0.004854917526245117]
END
  Method: biois
Namespace(dataset='webkb', method='biois', folds=10, save=True, inputrep='tfidf', out='/app/unsupervised-is/resources/outsel', datain='/app/unsupervised-is/resources/datasets', overwrite=1, inputdir='/app/unsupervised-is/resources/datasets/webkb/tfidf/', splitdir='/app/unsupervised-is/resources/datasets/webkb/splits/', outputdir='/app/unsupervised-is/resources/outsel/selection/webkb/', filename='/app/unsupervised-is/resources/outsel/selection/webkb//saida_biois', start_time='05-06-2026 06:17:20')
/app/unsupervised-is/resources/datasets/webkb/splits//split_10.pkl
Fold 0
fitting_alpha_by_lr_default
LogisticRegression()
LogisticRegression()
LogisticRegression()
LogisticRegression()
LogisticRegression()
Micro: 0.772912147505423
Macro: 0.6166527409148594
identifyNoiseByLowerNNEntropy
[190.85280895233154]
Fold 1
fitting_alpha_by_lr_default
LogisticRegression()
LogisticRegression()
LogisticRegression()
LogisticRegression()
LogisticRegression()
Micro: 0.7710451403009353
Macro: 0.6119981150928983
identifyNoiseByLowerNNEntropy
[190.85280895233154, 254.9260380268097]
Fold 2
fitting_alpha_by_lr_default
LogisticRegression()
LogisticRegression()
LogisticRegression()
LogisticRegression()
LogisticRegression()
Micro: 0.7714827866630524
Macro: 0.618734142548519
identifyNoiseByLowerNNEntropy
[190.85280895233154, 254.9260380268097, 229.59255266189575]
Fold 3
fitting_alpha_by_lr_default
LogisticRegression()
LogisticRegression()
LogisticRegression()
LogisticRegression()
LogisticRegression()
Micro: 0.7667389536459746
Macro: 0.6169456431170749
identifyNoiseByLowerNNEntropy
[190.85280895233154, 254.9260380268097, 229.59255266189575, 246.47067523002625]
Fold 4
fitting_alpha_by_lr_default
LogisticRegression()
LogisticRegression()
LogisticRegression()
LogisticRegression()
LogisticRegression()
Micro: 0.7701274058010301
Macro: 0.61533092456351
identifyNoiseByLowerNNEntropy
[190.85280895233154, 254.9260380268097, 229.59255266189575, 246.47067523002625, 243.17171597480774]
Fold 5
fitting_alpha_by_lr_default
LogisticRegression()
LogisticRegression()
LogisticRegression()
LogisticRegression()
LogisticRegression()
Micro: 0.7677192031440575
Macro: 0.6167326791274077
identifyNoiseByLowerNNEntropy
[190.85280895233154, 254.9260380268097, 229.59255266189575, 246.47067523002625, 243.17171597480774, 228.10807466506958]
Fold 6
fitting_alpha_by_lr_default
LogisticRegression()
LogisticRegression()
LogisticRegression()
LogisticRegression()
LogisticRegression()
Micro: 0.7661246612466125
Macro: 0.6119473284118218
identifyNoiseByLowerNNEntropy
[190.85280895233154, 254.9260380268097, 229.59255266189575, 246.47067523002625, 243.17171597480774, 228.10807466506958, 227.22815489768982]
Fold 7
fitting_alpha_by_lr_default
LogisticRegression()
LogisticRegression()
LogisticRegression()
LogisticRegression()
LogisticRegression()
Micro: 0.769949871291153
Macro: 0.6164838297496663
identifyNoiseByLowerNNEntropy
[190.85280895233154, 254.9260380268097, 229.59255266189575, 246.47067523002625, 243.17171597480774, 228.10807466506958, 227.22815489768982, 218.44722414016724]
Fold 8
fitting_alpha_by_lr_default
LogisticRegression()
LogisticRegression()
LogisticRegression()
LogisticRegression()
LogisticRegression()
Micro: 0.7691682470875102
Macro: 0.6156313929782178
identifyNoiseByLowerNNEntropy
[190.85280895233154, 254.9260380268097, 229.59255266189575, 246.47067523002625, 243.17171597480774, 228.10807466506958, 227.22815489768982, 218.44722414016724, 242.24912643432617]
Fold 9
fitting_alpha_by_lr_default
LogisticRegression()
LogisticRegression()
LogisticRegression()
LogisticRegression()
LogisticRegression()
Micro: 0.7688973178000542
Macro: 0.6094126731690993
identifyNoiseByLowerNNEntropy
[190.85280895233154, 254.9260380268097, 229.59255266189575, 246.47067523002625, 243.17171597480774, 228.10807466506958, 227.22815489768982, 218.44722414016724, 242.24912643432617, 237.62901616096497]
END
  Method: perplexity-is
Namespace(dataset='webkb', method='perplexity-is', folds=10, save=True, inputrep='tfidf', out='/app/unsupervised-is/resources/outsel', datain='/app/unsupervised-is/resources/datasets', overwrite=1, inputdir='/app/unsupervised-is/resources/datasets/webkb/tfidf/', splitdir='/app/unsupervised-is/resources/datasets/webkb/splits/', outputdir='/app/unsupervised-is/resources/outsel/selection/webkb/', filename='/app/unsupervised-is/resources/outsel/selection/webkb//saida_perplexity-is', start_time='05-06-2026 06:56:09')
/app/unsupervised-is/resources/datasets/webkb/splits//split_10.pkl
Fold 0
[PerplexityIS] Fitting LDA with 10 topics on 7376 instances …
[PerplexityIS] Perplexity stats — min: 1.3914, median: 2.6015, max: 5.9693
[PerplexityIS] Redundancy threshold (p40): 2.3995 → 2950 candidates
[PerplexityIS] Redundant instances: 2950, removing 1770 with beta=0.6
[PerplexityIS] Noise threshold (p70): 3.0080 → 2213 candidates
[PerplexityIS] Noise instances: 2213, removing 442 with theta=0.2
[PerplexityIS] Removed 1770 redundant + 442 noisy = 2212 total instances
[PerplexityIS] Kept 5164 / 7376 (reduction = 29.99%)
[9.43646788597107]
Fold 1
[PerplexityIS] Fitting LDA with 10 topics on 7377 instances …
[PerplexityIS] Perplexity stats — min: 1.2715, median: 2.1125, max: 5.7840
[PerplexityIS] Redundancy threshold (p40): 1.9942 → 2951 candidates
[PerplexityIS] Redundant instances: 2951, removing 1770 with beta=0.6
[PerplexityIS] Noise threshold (p70): 2.4244 → 2213 candidates
[PerplexityIS] Noise instances: 2213, removing 442 with theta=0.2
[PerplexityIS] Removed 1770 redundant + 442 noisy = 2212 total instances
[PerplexityIS] Kept 5165 / 7377 (reduction = 29.99%)
[9.43646788597107, 5.943462610244751]
Fold 2
[PerplexityIS] Fitting LDA with 10 topics on 7378 instances …
[PerplexityIS] Perplexity stats — min: 1.2707, median: 2.0493, max: 6.1982
[PerplexityIS] Redundancy threshold (p40): 1.9303 → 2951 candidates
[PerplexityIS] Redundant instances: 2951, removing 1770 with beta=0.6
[PerplexityIS] Noise threshold (p70): 2.3457 → 2214 candidates
[PerplexityIS] Noise instances: 2214, removing 442 with theta=0.2
[PerplexityIS] Removed 1770 redundant + 442 noisy = 2212 total instances
[PerplexityIS] Kept 5166 / 7378 (reduction = 29.98%)
[9.43646788597107, 5.943462610244751, 5.645334243774414]
Fold 3
[PerplexityIS] Fitting LDA with 10 topics on 7378 instances …
[PerplexityIS] Perplexity stats — min: 1.3578, median: 2.4346, max: 6.2035
[PerplexityIS] Redundancy threshold (p40): 2.2576 → 2951 candidates
[PerplexityIS] Redundant instances: 2951, removing 1770 with beta=0.6
[PerplexityIS] Noise threshold (p70): 2.8322 → 2214 candidates
[PerplexityIS] Noise instances: 2214, removing 442 with theta=0.2
[PerplexityIS] Removed 1770 redundant + 442 noisy = 2212 total instances
[PerplexityIS] Kept 5166 / 7378 (reduction = 29.98%)
[9.43646788597107, 5.943462610244751, 5.645334243774414, 6.0585105419158936]
Fold 4
[PerplexityIS] Fitting LDA with 10 topics on 7378 instances …
[PerplexityIS] Perplexity stats — min: 1.2706, median: 2.0295, max: 5.9949
[PerplexityIS] Redundancy threshold (p40): 1.9163 → 2951 candidates
[PerplexityIS] Redundant instances: 2951, removing 1770 with beta=0.6
[PerplexityIS] Noise threshold (p70): 2.3272 → 2214 candidates
[PerplexityIS] Noise instances: 2214, removing 442 with theta=0.2
[PerplexityIS] Removed 1770 redundant + 442 noisy = 2212 total instances
[PerplexityIS] Kept 5166 / 7378 (reduction = 29.98%)
[9.43646788597107, 5.943462610244751, 5.645334243774414, 6.0585105419158936, 5.44897985458374]
Fold 5
[PerplexityIS] Fitting LDA with 10 topics on 7379 instances …
[PerplexityIS] Perplexity stats — min: 1.3724, median: 2.2293, max: 6.2696
[PerplexityIS] Redundancy threshold (p40): 2.1036 → 2952 candidates
[PerplexityIS] Redundant instances: 2952, removing 1771 with beta=0.6
[PerplexityIS] Noise threshold (p70): 2.5649 → 2214 candidates
[PerplexityIS] Noise instances: 2214, removing 442 with theta=0.2
[PerplexityIS] Removed 1771 redundant + 442 noisy = 2213 total instances
[PerplexityIS] Kept 5166 / 7379 (reduction = 29.99%)
[9.43646788597107, 5.943462610244751, 5.645334243774414, 6.0585105419158936, 5.44897985458374, 5.686783790588379]
Fold 6
[PerplexityIS] Fitting LDA with 10 topics on 7380 instances …
[PerplexityIS] Perplexity stats — min: 1.3235, median: 2.0709, max: 6.2094
[PerplexityIS] Redundancy threshold (p40): 1.9557 → 2952 candidates
[PerplexityIS] Redundant instances: 2952, removing 1771 with beta=0.6
[PerplexityIS] Noise threshold (p70): 2.3787 → 2214 candidates
[PerplexityIS] Noise instances: 2214, removing 442 with theta=0.2
[PerplexityIS] Removed 1771 redundant + 442 noisy = 2213 total instances
[PerplexityIS] Kept 5167 / 7380 (reduction = 29.99%)
[9.43646788597107, 5.943462610244751, 5.645334243774414, 6.0585105419158936, 5.44897985458374, 5.686783790588379, 5.619365453720093]
Fold 7
[PerplexityIS] Fitting LDA with 10 topics on 7381 instances …
[PerplexityIS] Perplexity stats — min: 1.3875, median: 2.7593, max: 6.1960
[PerplexityIS] Redundancy threshold (p40): 2.5834 → 2952 candidates
[PerplexityIS] Redundant instances: 2952, removing 1771 with beta=0.6
[PerplexityIS] Noise threshold (p70): 3.0691 → 2214 candidates
[PerplexityIS] Noise instances: 2214, removing 442 with theta=0.2
[PerplexityIS] Removed 1771 redundant + 442 noisy = 2213 total instances
[PerplexityIS] Kept 5168 / 7381 (reduction = 29.98%)
[9.43646788597107, 5.943462610244751, 5.645334243774414, 6.0585105419158936, 5.44897985458374, 5.686783790588379, 5.619365453720093, 6.137328624725342]
Fold 8
[PerplexityIS] Fitting LDA with 10 topics on 7382 instances …
[PerplexityIS] Perplexity stats — min: 1.3566, median: 2.9054, max: 5.9718
[PerplexityIS] Redundancy threshold (p40): 2.7072 → 2953 candidates
[PerplexityIS] Redundant instances: 2953, removing 1771 with beta=0.6
[PerplexityIS] Noise threshold (p70): 3.3000 → 2215 candidates
[PerplexityIS] Noise instances: 2215, removing 443 with theta=0.2
[PerplexityIS] Removed 1771 redundant + 443 noisy = 2214 total instances
[PerplexityIS] Kept 5168 / 7382 (reduction = 29.99%)
[9.43646788597107, 5.943462610244751, 5.645334243774414, 6.0585105419158936, 5.44897985458374, 5.686783790588379, 5.619365453720093, 6.137328624725342, 6.217529535293579]
Fold 9
[PerplexityIS] Fitting LDA with 10 topics on 7382 instances …
[PerplexityIS] Perplexity stats — min: 1.3096, median: 2.0609, max: 6.1999
[PerplexityIS] Redundancy threshold (p40): 1.9420 → 2953 candidates
[PerplexityIS] Redundant instances: 2953, removing 1771 with beta=0.6
[PerplexityIS] Noise threshold (p70): 2.3547 → 2215 candidates
[PerplexityIS] Noise instances: 2215, removing 443 with theta=0.2
[PerplexityIS] Removed 1771 redundant + 443 noisy = 2214 total instances
[PerplexityIS] Kept 5168 / 7382 (reduction = 29.99%)
[9.43646788597107, 5.943462610244751, 5.645334243774414, 6.0585105419158936, 5.44897985458374, 5.686783790588379, 5.619365453720093, 6.137328624725342, 6.217529535293579, 5.313763618469238]
END
  Method: autoencoder-is
Namespace(dataset='webkb', method='autoencoder-is', folds=10, save=True, inputrep='tfidf', out='/app/unsupervised-is/resources/outsel', datain='/app/unsupervised-is/resources/datasets', overwrite=1, inputdir='/app/unsupervised-is/resources/datasets/webkb/tfidf/', splitdir='/app/unsupervised-is/resources/datasets/webkb/splits/', outputdir='/app/unsupervised-is/resources/outsel/selection/webkb/', filename='/app/unsupervised-is/resources/outsel/selection/webkb//saida_autoencoder-is', start_time='05-06-2026 06:57:22')
/app/unsupervised-is/resources/datasets/webkb/splits//split_10.pkl
Fold 0
[AE-IS] Using GPU: NVIDIA A100-SXM4-80GB
[AE-IS] Architecture: 22983 → 20 → 10 → 20 → 22983
[AE-IS] Training autoencoder on 7376 instances (22983 features) for up to 20 epochs …
  Epoch   1/20 — loss: 1.120599 (best: 1.120599)
  Epoch  10/20 — loss: 1.002813 (best: 1.002813)
  Epoch  20/20 — loss: 0.998926 (best: 0.998196)
[AE-IS] Training finished — best loss: 0.998196
[AE-IS] Reconstruction error stats — min: 0.006532, median: 0.855608, max: 9.546415
[AE-IS] Redundant instances: 2950, removing 1770 with beta=0.6
[AE-IS] Noise instances: 2213, removing 442 with theta=0.2
[AE-IS] Removed 1770 redundant + 442 noisy = 2212 total instances
[AE-IS] Kept 5164 / 7376 (reduction = 29.99%)
[14.48448634147644]
Fold 1
[AE-IS] Using GPU: NVIDIA A100-SXM4-80GB
[AE-IS] Architecture: 22960 → 20 → 10 → 20 → 22960
[AE-IS] Training autoencoder on 7377 instances (22960 features) for up to 20 epochs …
  Epoch   1/20 — loss: 1.120503 (best: 1.120503)
  Epoch  10/20 — loss: 1.003146 (best: 1.003146)
  Epoch  20/20 — loss: 1.000662 (best: 0.998140)
[AE-IS] Training finished — best loss: 0.998140
[AE-IS] Reconstruction error stats — min: 0.006314, median: 0.853193, max: 9.300319
[AE-IS] Redundant instances: 2951, removing 1770 with beta=0.6
[AE-IS] Noise instances: 2213, removing 442 with theta=0.2
[AE-IS] Removed 1770 redundant + 442 noisy = 2212 total instances
[AE-IS] Kept 5165 / 7377 (reduction = 29.99%)
[14.48448634147644, 9.112285852432251]
Fold 2
[AE-IS] Using GPU: NVIDIA A100-SXM4-80GB
[AE-IS] Architecture: 22979 → 20 → 10 → 20 → 22979
[AE-IS] Training autoencoder on 7378 instances (22979 features) for up to 20 epochs …
  Epoch   1/20 — loss: 1.112520 (best: 1.112520)
  Epoch  10/20 — loss: 1.005131 (best: 1.003316)
  Epoch  20/20 — loss: 0.997715 (best: 0.997715)
[AE-IS] Training finished — best loss: 0.997715
[AE-IS] Reconstruction error stats — min: 0.006523, median: 0.856258, max: 7.951035
[AE-IS] Redundant instances: 2951, removing 1770 with beta=0.6
[AE-IS] Noise instances: 2214, removing 442 with theta=0.2
[AE-IS] Removed 1770 redundant + 442 noisy = 2212 total instances
[AE-IS] Kept 5166 / 7378 (reduction = 29.98%)
[14.48448634147644, 9.112285852432251, 9.915091037750244]
Fold 3
[AE-IS] Using GPU: NVIDIA A100-SXM4-80GB
[AE-IS] Architecture: 22980 → 20 → 10 → 20 → 22980
[AE-IS] Training autoencoder on 7378 instances (22980 features) for up to 20 epochs …
  Epoch   1/20 — loss: 1.125081 (best: 1.125081)
  Epoch  10/20 — loss: 1.003516 (best: 1.003516)
  Epoch  20/20 — loss: 0.998207 (best: 0.998207)
[AE-IS] Training finished — best loss: 0.998207
[AE-IS] Reconstruction error stats — min: 0.006129, median: 0.851195, max: 9.544488
[AE-IS] Redundant instances: 2951, removing 1770 with beta=0.6
[AE-IS] Noise instances: 2214, removing 442 with theta=0.2
[AE-IS] Removed 1770 redundant + 442 noisy = 2212 total instances
[AE-IS] Kept 5166 / 7378 (reduction = 29.98%)
[14.48448634147644, 9.112285852432251, 9.915091037750244, 10.620692729949951]
Fold 4
[AE-IS] Using GPU: NVIDIA A100-SXM4-80GB
[AE-IS] Architecture: 22970 → 20 → 10 → 20 → 22970
[AE-IS] Training autoencoder on 7378 instances (22970 features) for up to 20 epochs …
  Epoch   1/20 — loss: 1.119749 (best: 1.119749)
  Epoch  10/20 — loss: 1.003667 (best: 1.002428)
  Epoch  20/20 — loss: 0.998565 (best: 0.998565)
[AE-IS] Training finished — best loss: 0.998565
[AE-IS] Reconstruction error stats — min: 0.006551, median: 0.854243, max: 9.420063
[AE-IS] Redundant instances: 2951, removing 1770 with beta=0.6
[AE-IS] Noise instances: 2214, removing 442 with theta=0.2
[AE-IS] Removed 1770 redundant + 442 noisy = 2212 total instances
[AE-IS] Kept 5166 / 7378 (reduction = 29.98%)
[14.48448634147644, 9.112285852432251, 9.915091037750244, 10.620692729949951, 8.805849552154541]
Fold 5
[AE-IS] Using GPU: NVIDIA A100-SXM4-80GB
[AE-IS] Architecture: 22863 → 20 → 10 → 20 → 22863
[AE-IS] Training autoencoder on 7379 instances (22863 features) for up to 20 epochs …
  Epoch   1/20 — loss: 1.124288 (best: 1.124288)
  Epoch  10/20 — loss: 1.004742 (best: 1.004742)
  Epoch  20/20 — loss: 0.999174 (best: 0.998545)
[AE-IS] Training finished — best loss: 0.998545
[AE-IS] Reconstruction error stats — min: 0.006217, median: 0.857786, max: 10.530977
[AE-IS] Redundant instances: 2952, removing 1771 with beta=0.6
[AE-IS] Noise instances: 2214, removing 442 with theta=0.2
[AE-IS] Removed 1771 redundant + 442 noisy = 2213 total instances
[AE-IS] Kept 5166 / 7379 (reduction = 29.99%)
[14.48448634147644, 9.112285852432251, 9.915091037750244, 10.620692729949951, 8.805849552154541, 8.921067476272583]
Fold 6
[AE-IS] Using GPU: NVIDIA A100-SXM4-80GB
[AE-IS] Architecture: 22823 → 20 → 10 → 20 → 22823
[AE-IS] Training autoencoder on 7380 instances (22823 features) for up to 20 epochs …
  Epoch   1/20 — loss: 1.117370 (best: 1.117370)
  Epoch  10/20 — loss: 1.002891 (best: 1.002891)
  Epoch  20/20 — loss: 0.999212 (best: 0.999212)
[AE-IS] Training finished — best loss: 0.999212
[AE-IS] Reconstruction error stats — min: 0.006577, median: 0.858977, max: 8.821002
[AE-IS] Redundant instances: 2952, removing 1771 with beta=0.6
[AE-IS] Noise instances: 2214, removing 442 with theta=0.2
[AE-IS] Removed 1771 redundant + 442 noisy = 2213 total instances
[AE-IS] Kept 5167 / 7380 (reduction = 29.99%)
[14.48448634147644, 9.112285852432251, 9.915091037750244, 10.620692729949951, 8.805849552154541, 8.921067476272583, 8.979769945144653]
Fold 7
[AE-IS] Using GPU: NVIDIA A100-SXM4-80GB
[AE-IS] Architecture: 22960 → 20 → 10 → 20 → 22960
[AE-IS] Training autoencoder on 7381 instances (22960 features) for up to 20 epochs …
  Epoch   1/20 — loss: 1.123618 (best: 1.123618)
  Epoch  10/20 — loss: 1.004212 (best: 1.004212)
  Epoch  20/20 — loss: 1.000130 (best: 0.998572)
[AE-IS] Training finished — best loss: 0.998572
[AE-IS] Reconstruction error stats — min: 0.006043, median: 0.856301, max: 8.668685
[AE-IS] Redundant instances: 2952, removing 1771 with beta=0.6
[AE-IS] Noise instances: 2214, removing 442 with theta=0.2
[AE-IS] Removed 1771 redundant + 442 noisy = 2213 total instances
[AE-IS] Kept 5168 / 7381 (reduction = 29.98%)
[14.48448634147644, 9.112285852432251, 9.915091037750244, 10.620692729949951, 8.805849552154541, 8.921067476272583, 8.979769945144653, 8.489865779876709]
Fold 8
[AE-IS] Using GPU: NVIDIA A100-SXM4-80GB
[AE-IS] Architecture: 22992 → 20 → 10 → 20 → 22992
[AE-IS] Training autoencoder on 7382 instances (22992 features) for up to 20 epochs …
  Epoch   1/20 — loss: 1.124871 (best: 1.124871)
  Epoch  10/20 — loss: 1.004982 (best: 1.004809)
  Epoch  20/20 — loss: 0.999310 (best: 0.998779)
[AE-IS] Training finished — best loss: 0.998779
[AE-IS] Reconstruction error stats — min: 0.006690, median: 0.857065, max: 9.634474
[AE-IS] Redundant instances: 2953, removing 1771 with beta=0.6
[AE-IS] Noise instances: 2215, removing 443 with theta=0.2
[AE-IS] Removed 1771 redundant + 443 noisy = 2214 total instances
[AE-IS] Kept 5168 / 7382 (reduction = 29.99%)
[14.48448634147644, 9.112285852432251, 9.915091037750244, 10.620692729949951, 8.805849552154541, 8.921067476272583, 8.979769945144653, 8.489865779876709, 9.362075567245483]
Fold 9
[AE-IS] Using GPU: NVIDIA A100-SXM4-80GB
[AE-IS] Architecture: 22978 → 20 → 10 → 20 → 22978
[AE-IS] Training autoencoder on 7382 instances (22978 features) for up to 20 epochs …
  Epoch   1/20 — loss: 1.127889 (best: 1.127889)
  Epoch  10/20 — loss: 1.002856 (best: 1.002856)
  Epoch  20/20 — loss: 0.997511 (best: 0.997511)
[AE-IS] Training finished — best loss: 0.997511
[AE-IS] Reconstruction error stats — min: 0.006801, median: 0.853858, max: 9.750596
[AE-IS] Redundant instances: 2953, removing 1771 with beta=0.6
[AE-IS] Noise instances: 2215, removing 443 with theta=0.2
[AE-IS] Removed 1771 redundant + 443 noisy = 2214 total instances
[AE-IS] Kept 5168 / 7382 (reduction = 29.99%)
[14.48448634147644, 9.112285852432251, 9.915091037750244, 10.620692729949951, 8.805849552154541, 8.921067476272583, 8.979769945144653, 8.489865779876709, 9.362075567245483, 9.543933629989624]
END
  Method: gmm-is
Namespace(dataset='webkb', method='gmm-is', folds=10, save=True, inputrep='tfidf', out='/app/unsupervised-is/resources/outsel', datain='/app/unsupervised-is/resources/datasets', overwrite=1, inputdir='/app/unsupervised-is/resources/datasets/webkb/tfidf/', splitdir='/app/unsupervised-is/resources/datasets/webkb/splits/', outputdir='/app/unsupervised-is/resources/outsel/selection/webkb/', filename='/app/unsupervised-is/resources/outsel/selection/webkb//saida_gmm-is', start_time='05-06-2026 06:59:12')
/app/unsupervised-is/resources/datasets/webkb/splits//split_10.pkl
Fold 0
[GMM] Redundant instances: 2950, removing 1770 with beta=0.6
[GMM] Noise instances: 2213, removing 442 with theta=0.2
[GMM] Removed 1770 redundant + 442 noisy = 2212 total instances
[GMM] Kept 5164 / 7376 (reduction = 29.99%)
[14.586172580718994]
Fold 1
[GMM] Redundant instances: 2951, removing 1770 with beta=0.6
[GMM] Noise instances: 2213, removing 442 with theta=0.2
[GMM] Removed 1770 redundant + 442 noisy = 2212 total instances
[GMM] Kept 5165 / 7377 (reduction = 29.99%)
[14.586172580718994, 16.220043420791626]
Fold 2
[GMM] Redundant instances: 2951, removing 1770 with beta=0.6
[GMM] Noise instances: 2214, removing 442 with theta=0.2
[GMM] Removed 1770 redundant + 442 noisy = 2212 total instances
[GMM] Kept 5166 / 7378 (reduction = 29.98%)
[14.586172580718994, 16.220043420791626, 36.07796931266785]
Fold 3
[GMM] Redundant instances: 2951, removing 1770 with beta=0.6
[GMM] Noise instances: 2214, removing 442 with theta=0.2
[GMM] Removed 1770 redundant + 442 noisy = 2212 total instances
[GMM] Kept 5166 / 7378 (reduction = 29.98%)
[14.586172580718994, 16.220043420791626, 36.07796931266785, 54.571507692337036]
Fold 4
[GMM] Redundant instances: 2951, removing 1770 with beta=0.6
[GMM] Noise instances: 2213, removing 442 with theta=0.2
[GMM] Removed 1770 redundant + 442 noisy = 2212 total instances
[GMM] Kept 5166 / 7378 (reduction = 29.98%)
[14.586172580718994, 16.220043420791626, 36.07796931266785, 54.571507692337036, 35.91556119918823]
Fold 5
[GMM] Redundant instances: 2952, removing 1771 with beta=0.6
[GMM] Noise instances: 2214, removing 442 with theta=0.2
[GMM] Removed 1771 redundant + 442 noisy = 2213 total instances
[GMM] Kept 5166 / 7379 (reduction = 29.99%)
[14.586172580718994, 16.220043420791626, 36.07796931266785, 54.571507692337036, 35.91556119918823, 36.75499987602234]
Fold 6
[GMM] Redundant instances: 2952, removing 1771 with beta=0.6
[GMM] Noise instances: 2214, removing 442 with theta=0.2
[GMM] Removed 1771 redundant + 442 noisy = 2213 total instances
[GMM] Kept 5167 / 7380 (reduction = 29.99%)
[14.586172580718994, 16.220043420791626, 36.07796931266785, 54.571507692337036, 35.91556119918823, 36.75499987602234, 38.09144639968872]
Fold 7
[GMM] Redundant instances: 2952, removing 1771 with beta=0.6
[GMM] Noise instances: 2214, removing 442 with theta=0.2
[GMM] Removed 1771 redundant + 442 noisy = 2213 total instances
[GMM] Kept 5168 / 7381 (reduction = 29.98%)
[14.586172580718994, 16.220043420791626, 36.07796931266785, 54.571507692337036, 35.91556119918823, 36.75499987602234, 38.09144639968872, 38.079026222229004]
Fold 8
[GMM] Redundant instances: 2953, removing 1771 with beta=0.6
[GMM] Noise instances: 2215, removing 443 with theta=0.2
[GMM] Removed 1771 redundant + 443 noisy = 2214 total instances
[GMM] Kept 5168 / 7382 (reduction = 29.99%)
[14.586172580718994, 16.220043420791626, 36.07796931266785, 54.571507692337036, 35.91556119918823, 36.75499987602234, 38.09144639968872, 38.079026222229004, 43.29291081428528]
Fold 9
[GMM] Redundant instances: 2953, removing 1771 with beta=0.6
[GMM] Noise instances: 2215, removing 443 with theta=0.2
[GMM] Removed 1771 redundant + 443 noisy = 2214 total instances
[GMM] Kept 5168 / 7382 (reduction = 29.99%)
[14.586172580718994, 16.220043420791626, 36.07796931266785, 54.571507692337036, 35.91556119918823, 36.75499987602234, 38.09144639968872, 38.079026222229004, 43.29291081428528, 29.19195818901062]
END
  Method: adaptive-perplexity
Namespace(dataset='webkb', method='adaptive-perplexity', folds=10, save=True, inputrep='tfidf', out='/app/unsupervised-is/resources/outsel', datain='/app/unsupervised-is/resources/datasets', overwrite=1, inputdir='/app/unsupervised-is/resources/datasets/webkb/tfidf/', splitdir='/app/unsupervised-is/resources/datasets/webkb/splits/', outputdir='/app/unsupervised-is/resources/outsel/selection/webkb/', filename='/app/unsupervised-is/resources/outsel/selection/webkb//saida_adaptive-perplexity', start_time='05-06-2026 07:05:06')
/app/unsupervised-is/resources/datasets/webkb/splits//split_10.pkl
Fold 0
[Adaptive-IS] Step 1 — computing scores via 'perplexity' …
[PerplexityIS] Fitting LDA with 10 topics on 7376 instances …
[PerplexityIS] Perplexity stats — min: 1.3914, median: 2.6015, max: 5.9693
[PerplexityIS] Redundancy threshold (p0.0): 1.3914 → 0 candidates
[PerplexityIS] Noise threshold (p100.0): 5.9693 → 0 candidates
[PerplexityIS] Removed 0 redundant + 0 noisy = 0 total instances
[PerplexityIS] Kept 7376 / 7376 (reduction = 0.00%)
[Adaptive-IS] Score stats — min: 1.3914, median: 2.6015, max: 5.9693
[Adaptive-IS] Step 2 — estimating thresholds via 'gmm_boundary' …
[Adaptive-IS] Estimated params — low_percentile=52.8, high_percentile=91.2, beta=0.600, theta=0.162, imbalance_proxy=0.229
[Adaptive-IS] GMM component means: [2.0791595961920986, 2.9493557688872283, 3.808171438254423]
[Adaptive-IS] Step 3 — applying selection …
[Adaptive-IS] Redundant candidates: 3896, removing 2337 (beta=0.600)
[Adaptive-IS] Noise candidates: 650, removing 104 (theta=0.162)
[Adaptive-IS] Removed 2441 instances — kept 4935 / 7376 (reduction = 33.09%)
[10.025497913360596]
Fold 1
[Adaptive-IS] Step 1 — computing scores via 'perplexity' …
[PerplexityIS] Fitting LDA with 10 topics on 7377 instances …
[PerplexityIS] Perplexity stats — min: 1.2715, median: 2.1125, max: 5.7840
[PerplexityIS] Redundancy threshold (p0.0): 1.2715 → 0 candidates
[PerplexityIS] Noise threshold (p100.0): 5.7840 → 0 candidates
[PerplexityIS] Removed 0 redundant + 0 noisy = 0 total instances
[PerplexityIS] Kept 7377 / 7377 (reduction = 0.00%)
[Adaptive-IS] Score stats — min: 1.2715, median: 2.1125, max: 5.7840
[Adaptive-IS] Step 2 — estimating thresholds via 'gmm_boundary' …
[Adaptive-IS] Estimated params — low_percentile=66.1, high_percentile=91.1, beta=0.600, theta=0.127, imbalance_proxy=0.227
[Adaptive-IS] GMM component means: [1.8837317772281412, 2.5166614675395795, 3.607007631256856]
[Adaptive-IS] Step 3 — applying selection …
[Adaptive-IS] Redundant candidates: 4874, removing 2924 (beta=0.600)
[Adaptive-IS] Noise candidates: 655, removing 83 (theta=0.127)
[Adaptive-IS] Removed 3007 instances — kept 4370 / 7377 (reduction = 40.76%)
[10.025497913360596, 6.226048231124878]
Fold 2
[Adaptive-IS] Step 1 — computing scores via 'perplexity' …
[PerplexityIS] Fitting LDA with 10 topics on 7378 instances …
[PerplexityIS] Perplexity stats — min: 1.2707, median: 2.0493, max: 6.1982
[PerplexityIS] Redundancy threshold (p0.0): 1.2707 → 0 candidates
[PerplexityIS] Noise threshold (p100.0): 6.1982 → 0 candidates
[PerplexityIS] Removed 0 redundant + 0 noisy = 0 total instances
[PerplexityIS] Kept 7378 / 7378 (reduction = 0.00%)
[Adaptive-IS] Score stats — min: 1.2707, median: 2.0493, max: 6.1982
[Adaptive-IS] Step 2 — estimating thresholds via 'gmm_boundary' …
[Adaptive-IS] Estimated params — low_percentile=67.8, high_percentile=92.4, beta=0.600, theta=0.105, imbalance_proxy=0.225
[Adaptive-IS] GMM component means: [1.8555785296214475, 2.506061614973663, 3.6795177096266567]
[Adaptive-IS] Step 3 — applying selection …
[Adaptive-IS] Redundant candidates: 5002, removing 3001 (beta=0.600)
[Adaptive-IS] Noise candidates: 560, removing 58 (theta=0.105)
[Adaptive-IS] Removed 3059 instances — kept 4319 / 7378 (reduction = 41.46%)
[10.025497913360596, 6.226048231124878, 5.632040500640869]
Fold 3
[Adaptive-IS] Step 1 — computing scores via 'perplexity' …
[PerplexityIS] Fitting LDA with 10 topics on 7378 instances …
[PerplexityIS] Perplexity stats — min: 1.3578, median: 2.4346, max: 6.2035
[PerplexityIS] Redundancy threshold (p0.0): 1.3578 → 0 candidates
[PerplexityIS] Noise threshold (p100.0): 6.2035 → 0 candidates
[PerplexityIS] Removed 0 redundant + 0 noisy = 0 total instances
[PerplexityIS] Kept 7378 / 7378 (reduction = 0.00%)
[Adaptive-IS] Score stats — min: 1.3578, median: 2.4346, max: 6.2035
[Adaptive-IS] Step 2 — estimating thresholds via 'gmm_boundary' …
[Adaptive-IS] Estimated params — low_percentile=57.0, high_percentile=91.5, beta=0.600, theta=0.143, imbalance_proxy=0.230
[Adaptive-IS] GMM component means: [2.0111861917096765, 2.8128162537454946, 3.7672460976646134]
[Adaptive-IS] Step 3 — applying selection …
[Adaptive-IS] Redundant candidates: 4202, removing 2521 (beta=0.600)
[Adaptive-IS] Noise candidates: 629, removing 89 (theta=0.143)
[Adaptive-IS] Removed 2610 instances — kept 4768 / 7378 (reduction = 35.38%)
[10.025497913360596, 6.226048231124878, 5.632040500640869, 6.162836074829102]
Fold 4
[Adaptive-IS] Step 1 — computing scores via 'perplexity' …
[PerplexityIS] Fitting LDA with 10 topics on 7378 instances …
[PerplexityIS] Perplexity stats — min: 1.2706, median: 2.0295, max: 5.9949
[PerplexityIS] Redundancy threshold (p0.0): 1.2706 → 0 candidates
[PerplexityIS] Noise threshold (p100.0): 5.9949 → 0 candidates
[PerplexityIS] Removed 0 redundant + 0 noisy = 0 total instances
[PerplexityIS] Kept 7378 / 7378 (reduction = 0.00%)
[Adaptive-IS] Score stats — min: 1.2706, median: 2.0295, max: 5.9949
[Adaptive-IS] Step 2 — estimating thresholds via 'gmm_boundary' …
[Adaptive-IS] Estimated params — low_percentile=68.8, high_percentile=92.7, beta=0.600, theta=0.099, imbalance_proxy=0.224
[Adaptive-IS] GMM component means: [1.8530173008614708, 2.5129260880029936, 3.703156195236747]
[Adaptive-IS] Step 3 — applying selection …
[Adaptive-IS] Redundant candidates: 5078, removing 3046 (beta=0.600)
[Adaptive-IS] Noise candidates: 539, removing 53 (theta=0.099)
[Adaptive-IS] Removed 3099 instances — kept 4279 / 7378 (reduction = 42.00%)
[10.025497913360596, 6.226048231124878, 5.632040500640869, 6.162836074829102, 5.709115982055664]
Fold 5
[Adaptive-IS] Step 1 — computing scores via 'perplexity' …
[PerplexityIS] Fitting LDA with 10 topics on 7379 instances …
[PerplexityIS] Perplexity stats — min: 1.3724, median: 2.2293, max: 6.2696
[PerplexityIS] Redundancy threshold (p0.0): 1.3724 → 0 candidates
[PerplexityIS] Noise threshold (p100.0): 6.2696 → 0 candidates
[PerplexityIS] Removed 0 redundant + 0 noisy = 0 total instances
[PerplexityIS] Kept 7379 / 7379 (reduction = 0.00%)
[Adaptive-IS] Score stats — min: 1.3724, median: 2.2293, max: 6.2696
[Adaptive-IS] Step 2 — estimating thresholds via 'gmm_boundary' …
[Adaptive-IS] Estimated params — low_percentile=65.5, high_percentile=91.6, beta=0.600, theta=0.128, imbalance_proxy=0.221
[Adaptive-IS] GMM component means: [1.9692761821542693, 2.639747241496662, 3.634166940322498]
[Adaptive-IS] Step 3 — applying selection …
[Adaptive-IS] Redundant candidates: 4830, removing 2898 (beta=0.600)
[Adaptive-IS] Noise candidates: 619, removing 79 (theta=0.128)
[Adaptive-IS] Removed 2977 instances — kept 4402 / 7379 (reduction = 40.34%)
[10.025497913360596, 6.226048231124878, 5.632040500640869, 6.162836074829102, 5.709115982055664, 5.963890075683594]
Fold 6
[Adaptive-IS] Step 1 — computing scores via 'perplexity' …
[PerplexityIS] Fitting LDA with 10 topics on 7380 instances …
[PerplexityIS] Perplexity stats — min: 1.3235, median: 2.0709, max: 6.2094
[PerplexityIS] Redundancy threshold (p0.0): 1.3235 → 0 candidates
[PerplexityIS] Noise threshold (p100.0): 6.2094 → 0 candidates
[PerplexityIS] Removed 0 redundant + 0 noisy = 0 total instances
[PerplexityIS] Kept 7380 / 7380 (reduction = 0.00%)
[Adaptive-IS] Score stats — min: 1.3235, median: 2.0709, max: 6.2094
[Adaptive-IS] Step 2 — estimating thresholds via 'gmm_boundary' …
[Adaptive-IS] Estimated params — low_percentile=67.1, high_percentile=92.3, beta=0.600, theta=0.108, imbalance_proxy=0.222
[Adaptive-IS] GMM component means: [1.8625148182357152, 2.5054989637479657, 3.6219643103714354]
[Adaptive-IS] Step 3 — applying selection …
[Adaptive-IS] Redundant candidates: 4953, removing 2971 (beta=0.600)
[Adaptive-IS] Noise candidates: 569, removing 61 (theta=0.108)
[Adaptive-IS] Removed 3032 instances — kept 4348 / 7380 (reduction = 41.08%)
[10.025497913360596, 6.226048231124878, 5.632040500640869, 6.162836074829102, 5.709115982055664, 5.963890075683594, 5.548673391342163]
Fold 7
[Adaptive-IS] Step 1 — computing scores via 'perplexity' …
[PerplexityIS] Fitting LDA with 10 topics on 7381 instances …
[PerplexityIS] Perplexity stats — min: 1.3875, median: 2.7593, max: 6.1960
[PerplexityIS] Redundancy threshold (p0.0): 1.3875 → 0 candidates
[PerplexityIS] Noise threshold (p100.0): 6.1960 → 0 candidates
[PerplexityIS] Removed 0 redundant + 0 noisy = 0 total instances
[PerplexityIS] Kept 7381 / 7381 (reduction = 0.00%)
[Adaptive-IS] Score stats — min: 1.3875, median: 2.7593, max: 6.1960
[Adaptive-IS] Step 2 — estimating thresholds via 'gmm_boundary' …
[Adaptive-IS] Estimated params — low_percentile=51.5, high_percentile=89.1, beta=0.539, theta=0.206, imbalance_proxy=0.217
[Adaptive-IS] GMM component means: [2.1552031711222406, 2.9342702316572415, 3.6752601113129844]
[Adaptive-IS] Step 3 — applying selection …
[Adaptive-IS] Redundant candidates: 3798, removing 2046 (beta=0.539)
[Adaptive-IS] Noise candidates: 804, removing 165 (theta=0.206)
[Adaptive-IS] Removed 2211 instances — kept 5170 / 7381 (reduction = 29.96%)
[10.025497913360596, 6.226048231124878, 5.632040500640869, 6.162836074829102, 5.709115982055664, 5.963890075683594, 5.548673391342163, 6.147325038909912]
Fold 8
[Adaptive-IS] Step 1 — computing scores via 'perplexity' …
[PerplexityIS] Fitting LDA with 10 topics on 7382 instances …
[PerplexityIS] Perplexity stats — min: 1.3566, median: 2.9054, max: 5.9718
[PerplexityIS] Redundancy threshold (p0.0): 1.3566 → 0 candidates
[PerplexityIS] Noise threshold (p100.0): 5.9718 → 0 candidates
[PerplexityIS] Removed 0 redundant + 0 noisy = 0 total instances
[PerplexityIS] Kept 7382 / 7382 (reduction = 0.00%)
[Adaptive-IS] Score stats — min: 1.3566, median: 2.9054, max: 5.9718
[Adaptive-IS] Step 2 — estimating thresholds via 'gmm_boundary' …
[Adaptive-IS] Estimated params — low_percentile=47.0, high_percentile=87.0, beta=0.524, theta=0.226, imbalance_proxy=0.239
[Adaptive-IS] GMM component means: [2.170056919492627, 3.084073686335233, 3.9855512794700374]
[Adaptive-IS] Step 3 — applying selection …
[Adaptive-IS] Redundant candidates: 3470, removing 1818 (beta=0.524)
[Adaptive-IS] Noise candidates: 960, removing 216 (theta=0.226)
[Adaptive-IS] Removed 2034 instances — kept 5348 / 7382 (reduction = 27.55%)
[10.025497913360596, 6.226048231124878, 5.632040500640869, 6.162836074829102, 5.709115982055664, 5.963890075683594, 5.548673391342163, 6.147325038909912, 6.239150762557983]
Fold 9
[Adaptive-IS] Step 1 — computing scores via 'perplexity' …
[PerplexityIS] Fitting LDA with 10 topics on 7382 instances …
[PerplexityIS] Perplexity stats — min: 1.3096, median: 2.0609, max: 6.1999
[PerplexityIS] Redundancy threshold (p0.0): 1.3096 → 0 candidates
[PerplexityIS] Noise threshold (p100.0): 6.1999 → 0 candidates
[PerplexityIS] Removed 0 redundant + 0 noisy = 0 total instances
[PerplexityIS] Kept 7382 / 7382 (reduction = 0.00%)
[Adaptive-IS] Score stats — min: 1.3096, median: 2.0609, max: 6.1999
[Adaptive-IS] Step 2 — estimating thresholds via 'gmm_boundary' …
[Adaptive-IS] Estimated params — low_percentile=68.6, high_percentile=92.4, beta=0.600, theta=0.107, imbalance_proxy=0.222
[Adaptive-IS] GMM component means: [1.865746460613896, 2.50701515243246, 3.624263631098688]
[Adaptive-IS] Step 3 — applying selection …
[Adaptive-IS] Redundant candidates: 5062, removing 3037 (beta=0.600)
[Adaptive-IS] Noise candidates: 562, removing 59 (theta=0.107)
[Adaptive-IS] Removed 3096 instances — kept 4286 / 7382 (reduction = 41.94%)
[10.025497913360596, 6.226048231124878, 5.632040500640869, 6.162836074829102, 5.709115982055664, 5.963890075683594, 5.548673391342163, 6.147325038909912, 6.239150762557983, 5.646149635314941]
END
  Method: adaptive-v2-perplexity
Namespace(dataset='webkb', method='adaptive-v2-perplexity', folds=10, save=True, inputrep='tfidf', out='/app/unsupervised-is/resources/outsel', datain='/app/unsupervised-is/resources/datasets', overwrite=1, inputdir='/app/unsupervised-is/resources/datasets/webkb/tfidf/', splitdir='/app/unsupervised-is/resources/datasets/webkb/splits/', outputdir='/app/unsupervised-is/resources/outsel/selection/webkb/', filename='/app/unsupervised-is/resources/outsel/selection/webkb//saida_adaptive-v2-perplexity', start_time='05-06-2026 07:06:22')
/app/unsupervised-is/resources/datasets/webkb/splits//split_10.pkl
Fold 0
[AdaptiveV2-IS] Step 1 — scoring via 'perplexity' …
[PerplexityIS] Fitting LDA with 10 topics on 7376 instances …
[PerplexityIS] Perplexity stats — min: 1.3914, median: 2.6015, max: 5.9693
[PerplexityIS] Redundancy threshold (p0.0): 1.3914 → 0 candidates
[PerplexityIS] Noise threshold (p100.0): 5.9693 → 0 candidates
[PerplexityIS] Removed 0 redundant + 0 noisy = 0 total instances
[PerplexityIS] Kept 7376 / 7376 (reduction = 0.00%)
[AdaptiveV2-IS] Score stats — min: 1.3914, p25: 2.1158, median: 2.6015, p75: 3.1254, max: 5.9693
[AdaptiveV2-IS] Step 2 — estimating params via quartile density …
[AdaptiveV2-IS] Quartile widths: Q1_frac=0.158, Q2_frac=0.106, total_range=4.5779
[AdaptiveV2-IS] Params: beta_q1=0.700, beta_q2=0.600, theta=0.231, imbalance_proxy=0.229
[AdaptiveV2-IS] Step 3 — applying quartile selection …
[AdaptiveV2-IS] Q1 (1844 instances): removing 1290 (beta_q1=0.700, uniform)
[AdaptiveV2-IS] Q2 (1844 instances): removing 1106 (beta_q2=0.600, uniform)
[AdaptiveV2-IS] Q4 (1844 instances): removing 426 (theta=0.231, weighted)
[AdaptiveV2-IS] Done — removed 2822 / 7376 (reduction = 38.26%)
[9.398757457733154]
Fold 1
[AdaptiveV2-IS] Step 1 — scoring via 'perplexity' …
[PerplexityIS] Fitting LDA with 10 topics on 7377 instances …
[PerplexityIS] Perplexity stats — min: 1.2715, median: 2.1125, max: 5.7840
[PerplexityIS] Redundancy threshold (p0.0): 1.2715 → 0 candidates
[PerplexityIS] Noise threshold (p100.0): 5.7840 → 0 candidates
[PerplexityIS] Removed 0 redundant + 0 noisy = 0 total instances
[PerplexityIS] Kept 7377 / 7377 (reduction = 0.00%)
[AdaptiveV2-IS] Score stats — min: 1.2715, p25: 1.8211, median: 2.1125, p75: 2.5298, max: 5.7840
[AdaptiveV2-IS] Step 2 — estimating params via quartile density …
[AdaptiveV2-IS] Quartile widths: Q1_frac=0.122, Q2_frac=0.065, total_range=4.5125
[AdaptiveV2-IS] Params: beta_q1=0.700, beta_q2=0.600, theta=0.232, imbalance_proxy=0.227
[AdaptiveV2-IS] Step 3 — applying quartile selection …
[AdaptiveV2-IS] Q1 (1845 instances): removing 1291 (beta_q1=0.700, uniform)
[AdaptiveV2-IS] Q2 (1844 instances): removing 1106 (beta_q2=0.600, uniform)
[AdaptiveV2-IS] Q4 (1844 instances): removing 427 (theta=0.232, weighted)
[AdaptiveV2-IS] Done — removed 2824 / 7377 (reduction = 38.28%)
[9.398757457733154, 6.019407272338867]
Fold 2
[AdaptiveV2-IS] Step 1 — scoring via 'perplexity' …
[PerplexityIS] Fitting LDA with 10 topics on 7378 instances …
[PerplexityIS] Perplexity stats — min: 1.2707, median: 2.0493, max: 6.1982
[PerplexityIS] Redundancy threshold (p0.0): 1.2707 → 0 candidates
[PerplexityIS] Noise threshold (p100.0): 6.1982 → 0 candidates
[PerplexityIS] Removed 0 redundant + 0 noisy = 0 total instances
[PerplexityIS] Kept 7378 / 7378 (reduction = 0.00%)
[AdaptiveV2-IS] Score stats — min: 1.2707, p25: 1.7805, median: 2.0493, p75: 2.4497, max: 6.1982
[AdaptiveV2-IS] Step 2 — estimating params via quartile density …
[AdaptiveV2-IS] Quartile widths: Q1_frac=0.103, Q2_frac=0.055, total_range=4.9275
[AdaptiveV2-IS] Params: beta_q1=0.700, beta_q2=0.600, theta=0.232, imbalance_proxy=0.225
[AdaptiveV2-IS] Step 3 — applying quartile selection …
[AdaptiveV2-IS] Q1 (1845 instances): removing 1291 (beta_q1=0.700, uniform)
[AdaptiveV2-IS] Q2 (1844 instances): removing 1106 (beta_q2=0.600, uniform)
[AdaptiveV2-IS] Q4 (1845 instances): removing 428 (theta=0.232, weighted)
[AdaptiveV2-IS] Done — removed 2825 / 7378 (reduction = 38.29%)
[9.398757457733154, 6.019407272338867, 5.921651363372803]
Fold 3
[AdaptiveV2-IS] Step 1 — scoring via 'perplexity' …
[PerplexityIS] Fitting LDA with 10 topics on 7378 instances …
[PerplexityIS] Perplexity stats — min: 1.3578, median: 2.4346, max: 6.2035
[PerplexityIS] Redundancy threshold (p0.0): 1.3578 → 0 candidates
[PerplexityIS] Noise threshold (p100.0): 6.2035 → 0 candidates
[PerplexityIS] Removed 0 redundant + 0 noisy = 0 total instances
[PerplexityIS] Kept 7378 / 7378 (reduction = 0.00%)
[AdaptiveV2-IS] Score stats — min: 1.3578, p25: 2.0120, median: 2.4346, p75: 2.9563, max: 6.2035
[AdaptiveV2-IS] Step 2 — estimating params via quartile density …
[AdaptiveV2-IS] Quartile widths: Q1_frac=0.135, Q2_frac=0.087, total_range=4.8457
[AdaptiveV2-IS] Params: beta_q1=0.700, beta_q2=0.600, theta=0.231, imbalance_proxy=0.230
[AdaptiveV2-IS] Step 3 — applying quartile selection …
[AdaptiveV2-IS] Q1 (1845 instances): removing 1291 (beta_q1=0.700, uniform)
[AdaptiveV2-IS] Q2 (1844 instances): removing 1106 (beta_q2=0.600, uniform)
[AdaptiveV2-IS] Q4 (1845 instances): removing 426 (theta=0.231, weighted)
[AdaptiveV2-IS] Done — removed 2823 / 7378 (reduction = 38.26%)
[9.398757457733154, 6.019407272338867, 5.921651363372803, 6.128036737442017]
Fold 4
[AdaptiveV2-IS] Step 1 — scoring via 'perplexity' …
[PerplexityIS] Fitting LDA with 10 topics on 7378 instances …
[PerplexityIS] Perplexity stats — min: 1.2706, median: 2.0295, max: 5.9949
[PerplexityIS] Redundancy threshold (p0.0): 1.2706 → 0 candidates
[PerplexityIS] Noise threshold (p100.0): 5.9949 → 0 candidates
[PerplexityIS] Removed 0 redundant + 0 noisy = 0 total instances
[PerplexityIS] Kept 7378 / 7378 (reduction = 0.00%)
[AdaptiveV2-IS] Score stats — min: 1.2706, p25: 1.7748, median: 2.0295, p75: 2.4362, max: 5.9949
[AdaptiveV2-IS] Step 2 — estimating params via quartile density …
[AdaptiveV2-IS] Quartile widths: Q1_frac=0.107, Q2_frac=0.054, total_range=4.7243
[AdaptiveV2-IS] Params: beta_q1=0.700, beta_q2=0.600, theta=0.233, imbalance_proxy=0.224
[AdaptiveV2-IS] Step 3 — applying quartile selection …
[AdaptiveV2-IS] Q1 (1845 instances): removing 1291 (beta_q1=0.700, uniform)
[AdaptiveV2-IS] Q2 (1844 instances): removing 1106 (beta_q2=0.600, uniform)
[AdaptiveV2-IS] Q4 (1842 instances): removing 428 (theta=0.233, weighted)
[AdaptiveV2-IS] Done — removed 2825 / 7378 (reduction = 38.29%)
[9.398757457733154, 6.019407272338867, 5.921651363372803, 6.128036737442017, 5.7850964069366455]
Fold 5
[AdaptiveV2-IS] Step 1 — scoring via 'perplexity' …
[PerplexityIS] Fitting LDA with 10 topics on 7379 instances …
[PerplexityIS] Perplexity stats — min: 1.3724, median: 2.2293, max: 6.2696
[PerplexityIS] Redundancy threshold (p0.0): 1.3724 → 0 candidates
[PerplexityIS] Noise threshold (p100.0): 6.2696 → 0 candidates
[PerplexityIS] Removed 0 redundant + 0 noisy = 0 total instances
[PerplexityIS] Kept 7379 / 7379 (reduction = 0.00%)
[AdaptiveV2-IS] Score stats — min: 1.3724, p25: 1.9184, median: 2.2293, p75: 2.6747, max: 6.2696
[AdaptiveV2-IS] Step 2 — estimating params via quartile density …
[AdaptiveV2-IS] Quartile widths: Q1_frac=0.111, Q2_frac=0.063, total_range=4.8972
[AdaptiveV2-IS] Params: beta_q1=0.700, beta_q2=0.600, theta=0.234, imbalance_proxy=0.221
[AdaptiveV2-IS] Step 3 — applying quartile selection …
[AdaptiveV2-IS] Q1 (1845 instances): removing 1291 (beta_q1=0.700, uniform)
[AdaptiveV2-IS] Q2 (1845 instances): removing 1107 (beta_q2=0.600, uniform)
[AdaptiveV2-IS] Q4 (1845 instances): removing 431 (theta=0.234, weighted)
[AdaptiveV2-IS] Done — removed 2829 / 7379 (reduction = 38.34%)
[9.398757457733154, 6.019407272338867, 5.921651363372803, 6.128036737442017, 5.7850964069366455, 5.675518989562988]
Fold 6
[AdaptiveV2-IS] Step 1 — scoring via 'perplexity' …
[PerplexityIS] Fitting LDA with 10 topics on 7380 instances …
[PerplexityIS] Perplexity stats — min: 1.3235, median: 2.0709, max: 6.2094
[PerplexityIS] Redundancy threshold (p0.0): 1.3235 → 0 candidates
[PerplexityIS] Noise threshold (p100.0): 6.2094 → 0 candidates
[PerplexityIS] Removed 0 redundant + 0 noisy = 0 total instances
[PerplexityIS] Kept 7380 / 7380 (reduction = 0.00%)
[AdaptiveV2-IS] Score stats — min: 1.3235, p25: 1.7957, median: 2.0709, p75: 2.4774, max: 6.2094
[AdaptiveV2-IS] Step 2 — estimating params via quartile density …
[AdaptiveV2-IS] Quartile widths: Q1_frac=0.097, Q2_frac=0.056, total_range=4.8859
[AdaptiveV2-IS] Params: beta_q1=0.700, beta_q2=0.600, theta=0.233, imbalance_proxy=0.222
[AdaptiveV2-IS] Step 3 — applying quartile selection …
[AdaptiveV2-IS] Q1 (1845 instances): removing 1291 (beta_q1=0.700, uniform)
[AdaptiveV2-IS] Q2 (1845 instances): removing 1107 (beta_q2=0.600, uniform)
[AdaptiveV2-IS] Q4 (1845 instances): removing 430 (theta=0.233, weighted)
[AdaptiveV2-IS] Done — removed 2828 / 7380 (reduction = 38.32%)
[9.398757457733154, 6.019407272338867, 5.921651363372803, 6.128036737442017, 5.7850964069366455, 5.675518989562988, 5.500642538070679]
Fold 7
[AdaptiveV2-IS] Step 1 — scoring via 'perplexity' …
[PerplexityIS] Fitting LDA with 10 topics on 7381 instances …
[PerplexityIS] Perplexity stats — min: 1.3875, median: 2.7593, max: 6.1960
[PerplexityIS] Redundancy threshold (p0.0): 1.3875 → 0 candidates
[PerplexityIS] Noise threshold (p100.0): 6.1960 → 0 candidates
[PerplexityIS] Removed 0 redundant + 0 noisy = 0 total instances
[PerplexityIS] Kept 7381 / 7381 (reduction = 0.00%)
[AdaptiveV2-IS] Score stats — min: 1.3875, p25: 2.2911, median: 2.7593, p75: 3.1669, max: 6.1960
[AdaptiveV2-IS] Step 2 — estimating params via quartile density …
[AdaptiveV2-IS] Quartile widths: Q1_frac=0.188, Q2_frac=0.097, total_range=4.8084
[AdaptiveV2-IS] Params: beta_q1=0.700, beta_q2=0.600, theta=0.235, imbalance_proxy=0.217
[AdaptiveV2-IS] Step 3 — applying quartile selection …
[AdaptiveV2-IS] Q1 (1846 instances): removing 1292 (beta_q1=0.700, uniform)
[AdaptiveV2-IS] Q2 (1845 instances): removing 1107 (beta_q2=0.600, uniform)
[AdaptiveV2-IS] Q4 (1845 instances): removing 433 (theta=0.235, weighted)
[AdaptiveV2-IS] Done — removed 2832 / 7381 (reduction = 38.37%)
[9.398757457733154, 6.019407272338867, 5.921651363372803, 6.128036737442017, 5.7850964069366455, 5.675518989562988, 5.500642538070679, 5.717478275299072]
Fold 8
[AdaptiveV2-IS] Step 1 — scoring via 'perplexity' …
[PerplexityIS] Fitting LDA with 10 topics on 7382 instances …
[PerplexityIS] Perplexity stats — min: 1.3566, median: 2.9054, max: 5.9718
[PerplexityIS] Redundancy threshold (p0.0): 1.3566 → 0 candidates
[PerplexityIS] Noise threshold (p100.0): 5.9718 → 0 candidates
[PerplexityIS] Removed 0 redundant + 0 noisy = 0 total instances
[PerplexityIS] Kept 7382 / 7382 (reduction = 0.00%)
[AdaptiveV2-IS] Score stats — min: 1.3566, p25: 2.3527, median: 2.9054, p75: 3.4240, max: 5.9718
[AdaptiveV2-IS] Step 2 — estimating params via quartile density …
[AdaptiveV2-IS] Quartile widths: Q1_frac=0.216, Q2_frac=0.120, total_range=4.6152
[AdaptiveV2-IS] Params: beta_q1=0.700, beta_q2=0.600, theta=0.228, imbalance_proxy=0.239
[AdaptiveV2-IS] Step 3 — applying quartile selection …
[AdaptiveV2-IS] Q1 (1846 instances): removing 1292 (beta_q1=0.700, uniform)
[AdaptiveV2-IS] Q2 (1845 instances): removing 1107 (beta_q2=0.600, uniform)
[AdaptiveV2-IS] Q4 (1846 instances): removing 421 (theta=0.228, weighted)
[AdaptiveV2-IS] Done — removed 2820 / 7382 (reduction = 38.20%)
[9.398757457733154, 6.019407272338867, 5.921651363372803, 6.128036737442017, 5.7850964069366455, 5.675518989562988, 5.500642538070679, 5.717478275299072, 6.2356648445129395]
Fold 9
[AdaptiveV2-IS] Step 1 — scoring via 'perplexity' …
[PerplexityIS] Fitting LDA with 10 topics on 7382 instances …
[PerplexityIS] Perplexity stats — min: 1.3096, median: 2.0609, max: 6.1999
[PerplexityIS] Redundancy threshold (p0.0): 1.3096 → 0 candidates
[PerplexityIS] Noise threshold (p100.0): 6.1999 → 0 candidates
[PerplexityIS] Removed 0 redundant + 0 noisy = 0 total instances
[PerplexityIS] Kept 7382 / 7382 (reduction = 0.00%)
[AdaptiveV2-IS] Score stats — min: 1.3096, p25: 1.7927, median: 2.0609, p75: 2.4545, max: 6.1999
[AdaptiveV2-IS] Step 2 — estimating params via quartile density …
[AdaptiveV2-IS] Quartile widths: Q1_frac=0.099, Q2_frac=0.055, total_range=4.8903
[AdaptiveV2-IS] Params: beta_q1=0.700, beta_q2=0.600, theta=0.233, imbalance_proxy=0.222
[AdaptiveV2-IS] Step 3 — applying quartile selection …
[AdaptiveV2-IS] Q1 (1846 instances): removing 1292 (beta_q1=0.700, uniform)
[AdaptiveV2-IS] Q2 (1845 instances): removing 1107 (beta_q2=0.600, uniform)
[AdaptiveV2-IS] Q4 (1846 instances): removing 430 (theta=0.233, weighted)
[AdaptiveV2-IS] Done — removed 2829 / 7382 (reduction = 38.32%)
[9.398757457733154, 6.019407272338867, 5.921651363372803, 6.128036737442017, 5.7850964069366455, 5.675518989562988, 5.500642538070679, 5.717478275299072, 6.2356648445129395, 5.27475118637085]
END
Dataset: wos11967
  Method: no-is
Namespace(dataset='wos11967', method='no-is', folds=10, save=True, inputrep='tfidf', out='/app/unsupervised-is/resources/outsel', datain='/app/unsupervised-is/resources/datasets', overwrite=1, inputdir='/app/unsupervised-is/resources/datasets/wos11967/tfidf/', splitdir='/app/unsupervised-is/resources/datasets/wos11967/splits/', outputdir='/app/unsupervised-is/resources/outsel/selection/wos11967/', filename='/app/unsupervised-is/resources/outsel/selection/wos11967//saida_no-is', start_time='05-06-2026 07:07:36')
/app/unsupervised-is/resources/datasets/wos11967/splits//split_10.pkl
Fold 0
[0.008543968200683594]
Fold 1
[0.008543968200683594, 0.0059871673583984375]
Fold 2
[0.008543968200683594, 0.0059871673583984375, 0.008195161819458008]
Fold 3
[0.008543968200683594, 0.0059871673583984375, 0.008195161819458008, 0.006761789321899414]
Fold 4
[0.008543968200683594, 0.0059871673583984375, 0.008195161819458008, 0.006761789321899414, 0.014485359191894531]
Fold 5
[0.008543968200683594, 0.0059871673583984375, 0.008195161819458008, 0.006761789321899414, 0.014485359191894531, 0.008268356323242188]
Fold 6
[0.008543968200683594, 0.0059871673583984375, 0.008195161819458008, 0.006761789321899414, 0.014485359191894531, 0.008268356323242188, 0.006232023239135742]
Fold 7
[0.008543968200683594, 0.0059871673583984375, 0.008195161819458008, 0.006761789321899414, 0.014485359191894531, 0.008268356323242188, 0.006232023239135742, 0.006742715835571289]
Fold 8
[0.008543968200683594, 0.0059871673583984375, 0.008195161819458008, 0.006761789321899414, 0.014485359191894531, 0.008268356323242188, 0.006232023239135742, 0.006742715835571289, 0.006113767623901367]
Fold 9
[0.008543968200683594, 0.0059871673583984375, 0.008195161819458008, 0.006761789321899414, 0.014485359191894531, 0.008268356323242188, 0.006232023239135742, 0.006742715835571289, 0.006113767623901367, 0.006010770797729492]
END
  Method: biois
Namespace(dataset='wos11967', method='biois', folds=10, save=True, inputrep='tfidf', out='/app/unsupervised-is/resources/outsel', datain='/app/unsupervised-is/resources/datasets', overwrite=1, inputdir='/app/unsupervised-is/resources/datasets/wos11967/tfidf/', splitdir='/app/unsupervised-is/resources/datasets/wos11967/splits/', outputdir='/app/unsupervised-is/resources/outsel/selection/wos11967/', filename='/app/unsupervised-is/resources/outsel/selection/wos11967//saida_biois', start_time='05-06-2026 07:07:49')
/app/unsupervised-is/resources/datasets/wos11967/splits//split_10.pkl
Fold 0
fitting_alpha_by_lr_default
LogisticRegression()
LogisticRegression()
LogisticRegression()
LogisticRegression()
LogisticRegression()
Micro: 0.840761374187558
Macro: 0.8356332892733991
identifyNoiseByLowerNNEntropy
[123.59617066383362]
Fold 1
fitting_alpha_by_lr_default
LogisticRegression()
LogisticRegression()
LogisticRegression()
LogisticRegression()
LogisticRegression()
Micro: 0.8409470752089137
Macro: 0.8355424623039358
identifyNoiseByLowerNNEntropy
[123.59617066383362, 132.23139929771423]
Fold 2
fitting_alpha_by_lr_default
LogisticRegression()
LogisticRegression()
LogisticRegression()
LogisticRegression()
LogisticRegression()
Micro: 0.842711234911792
Macro: 0.8376359882712295
identifyNoiseByLowerNNEntropy
[123.59617066383362, 132.23139929771423, 124.63744974136353]
Fold 3
fitting_alpha_by_lr_default
LogisticRegression()
LogisticRegression()
LogisticRegression()
LogisticRegression()
LogisticRegression()
Micro: 0.8420612813370474
Macro: 0.8371415413390402
identifyNoiseByLowerNNEntropy
[123.59617066383362, 132.23139929771423, 124.63744974136353, 113.57124638557434]
Fold 4
fitting_alpha_by_lr_default
LogisticRegression()
LogisticRegression()
LogisticRegression()
LogisticRegression()
LogisticRegression()
Micro: 0.8415970287836583
Macro: 0.8365895561979086
identifyNoiseByLowerNNEntropy
[123.59617066383362, 132.23139929771423, 124.63744974136353, 113.57124638557434, 129.15583109855652]
Fold 5
fitting_alpha_by_lr_default
LogisticRegression()
LogisticRegression()
LogisticRegression()
LogisticRegression()
LogisticRegression()
Micro: 0.8398328690807799
Macro: 0.8347395065602372
identifyNoiseByLowerNNEntropy
[123.59617066383362, 132.23139929771423, 124.63744974136353, 113.57124638557434, 129.15583109855652, 128.3947789669037]
Fold 6
fitting_alpha_by_lr_default
LogisticRegression()
LogisticRegression()
LogisticRegression()
LogisticRegression()
LogisticRegression()
Micro: 0.841225626740947
Macro: 0.8360811397672251
identifyNoiseByLowerNNEntropy
[123.59617066383362, 132.23139929771423, 124.63744974136353, 113.57124638557434, 129.15583109855652, 128.3947789669037, 132.7291557788849]
Fold 7
fitting_alpha_by_lr_default
LogisticRegression()
LogisticRegression()
LogisticRegression()
LogisticRegression()
LogisticRegression()
Micro: 0.842447312227277
Macro: 0.8373772337879344
identifyNoiseByLowerNNEntropy
[123.59617066383362, 132.23139929771423, 124.63744974136353, 113.57124638557434, 129.15583109855652, 128.3947789669037, 132.7291557788849, 139.41960263252258]
Fold 8
fitting_alpha_by_lr_default
LogisticRegression()
LogisticRegression()
LogisticRegression()
LogisticRegression()
LogisticRegression()
Micro: 0.8428186797883205
Macro: 0.8375300098114163
identifyNoiseByLowerNNEntropy
[123.59617066383362, 132.23139929771423, 124.63744974136353, 113.57124638557434, 129.15583109855652, 128.3947789669037, 132.7291557788849, 139.41960263252258, 126.1939709186554]
Fold 9
fitting_alpha_by_lr_default
LogisticRegression()
LogisticRegression()
LogisticRegression()
LogisticRegression()
LogisticRegression()
Micro: 0.8411475257636245
Macro: 0.835729279278028
identifyNoiseByLowerNNEntropy
[123.59617066383362, 132.23139929771423, 124.63744974136353, 113.57124638557434, 129.15583109855652, 128.3947789669037, 132.7291557788849, 139.41960263252258, 126.1939709186554, 128.69198203086853]
END
  Method: perplexity-is
Namespace(dataset='wos11967', method='perplexity-is', folds=10, save=True, inputrep='tfidf', out='/app/unsupervised-is/resources/outsel', datain='/app/unsupervised-is/resources/datasets', overwrite=1, inputdir='/app/unsupervised-is/resources/datasets/wos11967/tfidf/', splitdir='/app/unsupervised-is/resources/datasets/wos11967/splits/', outputdir='/app/unsupervised-is/resources/outsel/selection/wos11967/', filename='/app/unsupervised-is/resources/outsel/selection/wos11967//saida_perplexity-is', start_time='05-06-2026 07:29:21')
/app/unsupervised-is/resources/datasets/wos11967/splits//split_10.pkl
Fold 0
[PerplexityIS] Fitting LDA with 10 topics on 10770 instances …
[PerplexityIS] Perplexity stats — min: 1.4734, median: 2.3510, max: 4.5424
[PerplexityIS] Redundancy threshold (p40): 2.1743 → 4308 candidates
[PerplexityIS] Redundant instances: 4308, removing 2584 with beta=0.6
[PerplexityIS] Noise threshold (p70): 2.8353 → 3231 candidates
[PerplexityIS] Noise instances: 3231, removing 646 with theta=0.2
[PerplexityIS] Removed 2584 redundant + 646 noisy = 3230 total instances
[PerplexityIS] Kept 7540 / 10770 (reduction = 29.99%)
[10.543737888336182]
Fold 1
[PerplexityIS] Fitting LDA with 10 topics on 10770 instances …
[PerplexityIS] Perplexity stats — min: 1.4733, median: 2.3729, max: 5.0078
[PerplexityIS] Redundancy threshold (p40): 2.2401 → 4308 candidates
[PerplexityIS] Redundant instances: 4308, removing 2584 with beta=0.6
[PerplexityIS] Noise threshold (p70): 2.7616 → 3231 candidates
[PerplexityIS] Noise instances: 3231, removing 646 with theta=0.2
[PerplexityIS] Removed 2584 redundant + 646 noisy = 3230 total instances
[PerplexityIS] Kept 7540 / 10770 (reduction = 29.99%)
[10.543737888336182, 7.432532787322998]
Fold 2
[PerplexityIS] Fitting LDA with 10 topics on 10770 instances …
[PerplexityIS] Perplexity stats — min: 1.4305, median: 2.3016, max: 4.8206
[PerplexityIS] Redundancy threshold (p40): 2.1768 → 4308 candidates
[PerplexityIS] Redundant instances: 4308, removing 2584 with beta=0.6
[PerplexityIS] Noise threshold (p70): 2.6332 → 3231 candidates
[PerplexityIS] Noise instances: 3231, removing 646 with theta=0.2
[PerplexityIS] Removed 2584 redundant + 646 noisy = 3230 total instances
[PerplexityIS] Kept 7540 / 10770 (reduction = 29.99%)
[10.543737888336182, 7.432532787322998, 7.501508712768555]
Fold 3
[PerplexityIS] Fitting LDA with 10 topics on 10770 instances …
[PerplexityIS] Perplexity stats — min: 1.4722, median: 2.2981, max: 4.9651
[PerplexityIS] Redundancy threshold (p40): 2.1638 → 4308 candidates
[PerplexityIS] Redundant instances: 4308, removing 2584 with beta=0.6
[PerplexityIS] Noise threshold (p70): 2.6952 → 3231 candidates
[PerplexityIS] Noise instances: 3231, removing 646 with theta=0.2
[PerplexityIS] Removed 2584 redundant + 646 noisy = 3230 total instances
[PerplexityIS] Kept 7540 / 10770 (reduction = 29.99%)
[10.543737888336182, 7.432532787322998, 7.501508712768555, 7.288794279098511]
Fold 4
[PerplexityIS] Fitting LDA with 10 topics on 10770 instances …
[PerplexityIS] Perplexity stats — min: 1.4911, median: 2.2414, max: 5.0417
[PerplexityIS] Redundancy threshold (p40): 2.1149 → 4308 candidates
[PerplexityIS] Redundant instances: 4308, removing 2584 with beta=0.6
[PerplexityIS] Noise threshold (p70): 2.6295 → 3231 candidates
[PerplexityIS] Noise instances: 3231, removing 646 with theta=0.2
[PerplexityIS] Removed 2584 redundant + 646 noisy = 3230 total instances
[PerplexityIS] Kept 7540 / 10770 (reduction = 29.99%)
[10.543737888336182, 7.432532787322998, 7.501508712768555, 7.288794279098511, 7.3841636180877686]
Fold 5
[PerplexityIS] Fitting LDA with 10 topics on 10770 instances …
[PerplexityIS] Perplexity stats — min: 1.4726, median: 2.7664, max: 5.7882
[PerplexityIS] Redundancy threshold (p40): 2.5504 → 4308 candidates
[PerplexityIS] Redundant instances: 4308, removing 2584 with beta=0.6
[PerplexityIS] Noise threshold (p70): 3.1240 → 3231 candidates
[PerplexityIS] Noise instances: 3231, removing 646 with theta=0.2
[PerplexityIS] Removed 2584 redundant + 646 noisy = 3230 total instances
[PerplexityIS] Kept 7540 / 10770 (reduction = 29.99%)
[10.543737888336182, 7.432532787322998, 7.501508712768555, 7.288794279098511, 7.3841636180877686, 8.261564254760742]
Fold 6
[PerplexityIS] Fitting LDA with 10 topics on 10770 instances …
[PerplexityIS] Perplexity stats — min: 1.5017, median: 2.6403, max: 6.1738
[PerplexityIS] Redundancy threshold (p40): 2.4534 → 4308 candidates
[PerplexityIS] Redundant instances: 4308, removing 2584 with beta=0.6
[PerplexityIS] Noise threshold (p70): 3.0383 → 3231 candidates
[PerplexityIS] Noise instances: 3231, removing 646 with theta=0.2
[PerplexityIS] Removed 2584 redundant + 646 noisy = 3230 total instances
[PerplexityIS] Kept 7540 / 10770 (reduction = 29.99%)
[10.543737888336182, 7.432532787322998, 7.501508712768555, 7.288794279098511, 7.3841636180877686, 8.261564254760742, 7.5506250858306885]
Fold 7
[PerplexityIS] Fitting LDA with 10 topics on 10771 instances …
[PerplexityIS] Perplexity stats — min: 1.5081, median: 2.8184, max: 5.5225
[PerplexityIS] Redundancy threshold (p40): 2.6204 → 4308 candidates
[PerplexityIS] Redundant instances: 4308, removing 2584 with beta=0.6
[PerplexityIS] Noise threshold (p70): 3.1097 → 3231 candidates
[PerplexityIS] Noise instances: 3231, removing 646 with theta=0.2
[PerplexityIS] Removed 2584 redundant + 646 noisy = 3230 total instances
[PerplexityIS] Kept 7541 / 10771 (reduction = 29.99%)
[10.543737888336182, 7.432532787322998, 7.501508712768555, 7.288794279098511, 7.3841636180877686, 8.261564254760742, 7.5506250858306885, 6.991099119186401]
Fold 8
[PerplexityIS] Fitting LDA with 10 topics on 10771 instances …
[PerplexityIS] Perplexity stats — min: 1.4560, median: 2.6214, max: 5.3707
[PerplexityIS] Redundancy threshold (p40): 2.4419 → 4308 candidates
[PerplexityIS] Redundant instances: 4308, removing 2584 with beta=0.6
[PerplexityIS] Noise threshold (p70): 3.0114 → 3231 candidates
[PerplexityIS] Noise instances: 3231, removing 646 with theta=0.2
[PerplexityIS] Removed 2584 redundant + 646 noisy = 3230 total instances
[PerplexityIS] Kept 7541 / 10771 (reduction = 29.99%)
[10.543737888336182, 7.432532787322998, 7.501508712768555, 7.288794279098511, 7.3841636180877686, 8.261564254760742, 7.5506250858306885, 6.991099119186401, 7.329135179519653]
Fold 9
[PerplexityIS] Fitting LDA with 10 topics on 10771 instances …
[PerplexityIS] Perplexity stats — min: 1.5076, median: 2.8107, max: 5.7607
[PerplexityIS] Redundancy threshold (p40): 2.6103 → 4308 candidates
[PerplexityIS] Redundant instances: 4308, removing 2584 with beta=0.6
[PerplexityIS] Noise threshold (p70): 3.1845 → 3232 candidates
[PerplexityIS] Noise instances: 3232, removing 646 with theta=0.2
[PerplexityIS] Removed 2584 redundant + 646 noisy = 3230 total instances
[PerplexityIS] Kept 7541 / 10771 (reduction = 29.99%)
[10.543737888336182, 7.432532787322998, 7.501508712768555, 7.288794279098511, 7.3841636180877686, 8.261564254760742, 7.5506250858306885, 6.991099119186401, 7.329135179519653, 7.3106608390808105]
END
  Method: autoencoder-is
Namespace(dataset='wos11967', method='autoencoder-is', folds=10, save=True, inputrep='tfidf', out='/app/unsupervised-is/resources/outsel', datain='/app/unsupervised-is/resources/datasets', overwrite=1, inputdir='/app/unsupervised-is/resources/datasets/wos11967/tfidf/', splitdir='/app/unsupervised-is/resources/datasets/wos11967/splits/', outputdir='/app/unsupervised-is/resources/outsel/selection/wos11967/', filename='/app/unsupervised-is/resources/outsel/selection/wos11967//saida_autoencoder-is', start_time='05-06-2026 07:30:52')
/app/unsupervised-is/resources/datasets/wos11967/splits//split_10.pkl
Fold 0
[AE-IS] Using GPU: NVIDIA A100-SXM4-80GB
[AE-IS] Architecture: 25567 → 20 → 10 → 20 → 25567
[AE-IS] Training autoencoder on 10770 instances (25567 features) for up to 20 epochs …
  Epoch   1/20 — loss: 1.082095 (best: 1.082095)
  Epoch  10/20 — loss: 1.001675 (best: 1.001675)
  Epoch  20/20 — loss: 0.997465 (best: 0.997465)
[AE-IS] Training finished — best loss: 0.997465
[AE-IS] Reconstruction error stats — min: 0.188120, median: 0.934453, max: 5.327772
[AE-IS] Redundant instances: 4308, removing 2584 with beta=0.6
[AE-IS] Noise instances: 3231, removing 646 with theta=0.2
[AE-IS] Removed 2584 redundant + 646 noisy = 3230 total instances
[AE-IS] Kept 7540 / 10770 (reduction = 29.99%)
[18.446287155151367]
Fold 1
[AE-IS] Using GPU: NVIDIA A100-SXM4-80GB
[AE-IS] Architecture: 25525 → 20 → 10 → 20 → 25525
[AE-IS] Training autoencoder on 10770 instances (25525 features) for up to 20 epochs …
  Epoch   1/20 — loss: 1.088749 (best: 1.088749)
  Epoch  10/20 — loss: 1.001551 (best: 1.001551)
  Epoch  20/20 — loss: 0.997570 (best: 0.997570)
[AE-IS] Training finished — best loss: 0.997570
[AE-IS] Reconstruction error stats — min: 0.190832, median: 0.932467, max: 5.073486
[AE-IS] Redundant instances: 4308, removing 2584 with beta=0.6
[AE-IS] Noise instances: 3231, removing 646 with theta=0.2
[AE-IS] Removed 2584 redundant + 646 noisy = 3230 total instances
[AE-IS] Kept 7540 / 10770 (reduction = 29.99%)
[18.446287155151367, 13.566892147064209]
Fold 2
[AE-IS] Using GPU: NVIDIA A100-SXM4-80GB
[AE-IS] Architecture: 25476 → 20 → 10 → 20 → 25476
[AE-IS] Training autoencoder on 10770 instances (25476 features) for up to 20 epochs …
  Epoch   1/20 — loss: 1.097681 (best: 1.097681)
  Epoch  10/20 — loss: 1.001031 (best: 1.001031)
  Epoch  20/20 — loss: 0.997854 (best: 0.997579)
[AE-IS] Training finished — best loss: 0.997579
[AE-IS] Reconstruction error stats — min: 0.188446, median: 0.934437, max: 5.116829
[AE-IS] Redundant instances: 4308, removing 2584 with beta=0.6
[AE-IS] Noise instances: 3231, removing 646 with theta=0.2
[AE-IS] Removed 2584 redundant + 646 noisy = 3230 total instances
[AE-IS] Kept 7540 / 10770 (reduction = 29.99%)
[18.446287155151367, 13.566892147064209, 13.51880145072937]
Fold 3
[AE-IS] Using GPU: NVIDIA A100-SXM4-80GB
[AE-IS] Architecture: 25495 → 20 → 10 → 20 → 25495
[AE-IS] Training autoencoder on 10770 instances (25495 features) for up to 20 epochs …
  Epoch   1/20 — loss: 1.096748 (best: 1.096748)
  Epoch  10/20 — loss: 1.000894 (best: 1.000894)
  Epoch  20/20 — loss: 0.997763 (best: 0.997763)
[AE-IS] Training finished — best loss: 0.997763
[AE-IS] Reconstruction error stats — min: 0.186984, median: 0.934390, max: 5.170470
[AE-IS] Redundant instances: 4308, removing 2584 with beta=0.6
[AE-IS] Noise instances: 3231, removing 646 with theta=0.2
[AE-IS] Removed 2584 redundant + 646 noisy = 3230 total instances
[AE-IS] Kept 7540 / 10770 (reduction = 29.99%)
[18.446287155151367, 13.566892147064209, 13.51880145072937, 13.80183482170105]
Fold 4
[AE-IS] Using GPU: NVIDIA A100-SXM4-80GB
[AE-IS] Architecture: 25527 → 20 → 10 → 20 → 25527
[AE-IS] Training autoencoder on 10770 instances (25527 features) for up to 20 epochs …
  Epoch   1/20 — loss: 1.088046 (best: 1.088046)
  Epoch  10/20 — loss: 1.000741 (best: 1.000741)
  Epoch  20/20 — loss: 0.999436 (best: 0.998751)
[AE-IS] Training finished — best loss: 0.998751
[AE-IS] Reconstruction error stats — min: 0.188370, median: 0.934286, max: 5.242540
[AE-IS] Redundant instances: 4308, removing 2584 with beta=0.6
[AE-IS] Noise instances: 3231, removing 646 with theta=0.2
[AE-IS] Removed 2584 redundant + 646 noisy = 3230 total instances
[AE-IS] Kept 7540 / 10770 (reduction = 29.99%)
[18.446287155151367, 13.566892147064209, 13.51880145072937, 13.80183482170105, 13.687086820602417]
Fold 5
[AE-IS] Using GPU: NVIDIA A100-SXM4-80GB
[AE-IS] Architecture: 25494 → 20 → 10 → 20 → 25494
[AE-IS] Training autoencoder on 10770 instances (25494 features) for up to 20 epochs …
  Epoch   1/20 — loss: 1.086583 (best: 1.086583)
  Epoch  10/20 — loss: 1.001182 (best: 1.001182)
  Epoch  20/20 — loss: 0.997372 (best: 0.997372)
[AE-IS] Training finished — best loss: 0.997372
[AE-IS] Reconstruction error stats — min: 0.188779, median: 0.936729, max: 3.480899
[AE-IS] Redundant instances: 4308, removing 2584 with beta=0.6
[AE-IS] Noise instances: 3231, removing 646 with theta=0.2
[AE-IS] Removed 2584 redundant + 646 noisy = 3230 total instances
[AE-IS] Kept 7540 / 10770 (reduction = 29.99%)
[18.446287155151367, 13.566892147064209, 13.51880145072937, 13.80183482170105, 13.687086820602417, 13.50723385810852]
Fold 6
[AE-IS] Using GPU: NVIDIA A100-SXM4-80GB
[AE-IS] Architecture: 25478 → 20 → 10 → 20 → 25478
[AE-IS] Training autoencoder on 10770 instances (25478 features) for up to 20 epochs …
  Epoch   1/20 — loss: 1.091016 (best: 1.091016)
  Epoch  10/20 — loss: 1.001509 (best: 1.001509)
  Epoch  20/20 — loss: 0.998264 (best: 0.998264)
[AE-IS] Training finished — best loss: 0.998264
[AE-IS] Reconstruction error stats — min: 0.179428, median: 0.935454, max: 5.100677
[AE-IS] Redundant instances: 4308, removing 2584 with beta=0.6
[AE-IS] Noise instances: 3231, removing 646 with theta=0.2
[AE-IS] Removed 2584 redundant + 646 noisy = 3230 total instances
[AE-IS] Kept 7540 / 10770 (reduction = 29.99%)
[18.446287155151367, 13.566892147064209, 13.51880145072937, 13.80183482170105, 13.687086820602417, 13.50723385810852, 13.379446983337402]
Fold 7
[AE-IS] Using GPU: NVIDIA A100-SXM4-80GB
[AE-IS] Architecture: 25407 → 20 → 10 → 20 → 25407
[AE-IS] Training autoencoder on 10771 instances (25407 features) for up to 20 epochs …
  Epoch   1/20 — loss: 1.084713 (best: 1.084713)
  Epoch  10/20 — loss: 1.001367 (best: 1.001367)
  Epoch  20/20 — loss: 0.998412 (best: 0.998412)
[AE-IS] Training finished — best loss: 0.998412
[AE-IS] Reconstruction error stats — min: 0.188441, median: 0.934553, max: 5.178388
[AE-IS] Redundant instances: 4308, removing 2584 with beta=0.6
[AE-IS] Noise instances: 3231, removing 646 with theta=0.2
[AE-IS] Removed 2584 redundant + 646 noisy = 3230 total instances
[AE-IS] Kept 7541 / 10771 (reduction = 29.99%)
[18.446287155151367, 13.566892147064209, 13.51880145072937, 13.80183482170105, 13.687086820602417, 13.50723385810852, 13.379446983337402, 13.381747484207153]
Fold 8
[AE-IS] Using GPU: NVIDIA A100-SXM4-80GB
[AE-IS] Architecture: 25491 → 20 → 10 → 20 → 25491
[AE-IS] Training autoencoder on 10771 instances (25491 features) for up to 20 epochs …
  Epoch   1/20 — loss: 1.089332 (best: 1.089332)
  Epoch  10/20 — loss: 1.002164 (best: 1.001655)
  Epoch  20/20 — loss: 0.998578 (best: 0.998468)
[AE-IS] Training finished — best loss: 0.998468
[AE-IS] Reconstruction error stats — min: 0.189215, median: 0.938629, max: 3.655194
[AE-IS] Redundant instances: 4308, removing 2584 with beta=0.6
[AE-IS] Noise instances: 3231, removing 646 with theta=0.2
[AE-IS] Removed 2584 redundant + 646 noisy = 3230 total instances
[AE-IS] Kept 7541 / 10771 (reduction = 29.99%)
[18.446287155151367, 13.566892147064209, 13.51880145072937, 13.80183482170105, 13.687086820602417, 13.50723385810852, 13.379446983337402, 13.381747484207153, 13.450571298599243]
Fold 9
[AE-IS] Using GPU: NVIDIA A100-SXM4-80GB
[AE-IS] Architecture: 25525 → 20 → 10 → 20 → 25525
[AE-IS] Training autoencoder on 10771 instances (25525 features) for up to 20 epochs …
  Epoch   1/20 — loss: 1.092077 (best: 1.092077)
  Epoch  10/20 — loss: 1.000953 (best: 1.000953)
  Epoch  20/20 — loss: 0.998854 (best: 0.998124)
[AE-IS] Training finished — best loss: 0.998124
[AE-IS] Reconstruction error stats — min: 0.187449, median: 0.933305, max: 5.063312
[AE-IS] Redundant instances: 4308, removing 2584 with beta=0.6
[AE-IS] Noise instances: 3231, removing 646 with theta=0.2
[AE-IS] Removed 2584 redundant + 646 noisy = 3230 total instances
[AE-IS] Kept 7541 / 10771 (reduction = 29.99%)
[18.446287155151367, 13.566892147064209, 13.51880145072937, 13.80183482170105, 13.687086820602417, 13.50723385810852, 13.379446983337402, 13.381747484207153, 13.450571298599243, 14.072007656097412]
END
  Method: gmm-is
Namespace(dataset='wos11967', method='gmm-is', folds=10, save=True, inputrep='tfidf', out='/app/unsupervised-is/resources/outsel', datain='/app/unsupervised-is/resources/datasets', overwrite=1, inputdir='/app/unsupervised-is/resources/datasets/wos11967/tfidf/', splitdir='/app/unsupervised-is/resources/datasets/wos11967/splits/', outputdir='/app/unsupervised-is/resources/outsel/selection/wos11967/', filename='/app/unsupervised-is/resources/outsel/selection/wos11967//saida_gmm-is', start_time='05-06-2026 07:33:29')
/app/unsupervised-is/resources/datasets/wos11967/splits//split_10.pkl
Fold 0
[GMM] Redundant instances: 4308, removing 2584 with beta=0.6
[GMM] Noise instances: 3231, removing 646 with theta=0.2
[GMM] Removed 2584 redundant + 646 noisy = 3230 total instances
[GMM] Kept 7540 / 10770 (reduction = 29.99%)
[17.07685875892639]
Fold 1
[GMM] Redundant instances: 4308, removing 2584 with beta=0.6
[GMM] Noise instances: 3231, removing 646 with theta=0.2
[GMM] Removed 2584 redundant + 646 noisy = 3230 total instances
[GMM] Kept 7540 / 10770 (reduction = 29.99%)
[17.07685875892639, 45.26240348815918]
Fold 2
[GMM] Redundant instances: 4308, removing 2584 with beta=0.6
[GMM] Noise instances: 3231, removing 646 with theta=0.2
[GMM] Removed 2584 redundant + 646 noisy = 3230 total instances
[GMM] Kept 7540 / 10770 (reduction = 29.99%)
[17.07685875892639, 45.26240348815918, 51.714513540267944]
Fold 3
[GMM] Redundant instances: 4308, removing 2584 with beta=0.6
[GMM] Noise instances: 3231, removing 646 with theta=0.2
[GMM] Removed 2584 redundant + 646 noisy = 3230 total instances
[GMM] Kept 7540 / 10770 (reduction = 29.99%)
[17.07685875892639, 45.26240348815918, 51.714513540267944, 59.71406269073486]
Fold 4
[GMM] Redundant instances: 4308, removing 2584 with beta=0.6
[GMM] Noise instances: 3231, removing 646 with theta=0.2
[GMM] Removed 2584 redundant + 646 noisy = 3230 total instances
[GMM] Kept 7540 / 10770 (reduction = 29.99%)
[17.07685875892639, 45.26240348815918, 51.714513540267944, 59.71406269073486, 49.04657554626465]
Fold 5
[GMM] Redundant instances: 4308, removing 2584 with beta=0.6
[GMM] Noise instances: 3231, removing 646 with theta=0.2
[GMM] Removed 2584 redundant + 646 noisy = 3230 total instances
[GMM] Kept 7540 / 10770 (reduction = 29.99%)
[17.07685875892639, 45.26240348815918, 51.714513540267944, 59.71406269073486, 49.04657554626465, 38.85575318336487]
Fold 6
[GMM] Redundant instances: 4308, removing 2584 with beta=0.6
[GMM] Noise instances: 3231, removing 646 with theta=0.2
[GMM] Removed 2584 redundant + 646 noisy = 3230 total instances
[GMM] Kept 7540 / 10770 (reduction = 29.99%)
[17.07685875892639, 45.26240348815918, 51.714513540267944, 59.71406269073486, 49.04657554626465, 38.85575318336487, 52.979591369628906]
Fold 7
[GMM] Redundant instances: 4308, removing 2584 with beta=0.6
[GMM] Noise instances: 3231, removing 646 with theta=0.2
[GMM] Removed 2584 redundant + 646 noisy = 3230 total instances
[GMM] Kept 7541 / 10771 (reduction = 29.99%)
[17.07685875892639, 45.26240348815918, 51.714513540267944, 59.71406269073486, 49.04657554626465, 38.85575318336487, 52.979591369628906, 47.276026487350464]
Fold 8
[GMM] Redundant instances: 4308, removing 2584 with beta=0.6
[GMM] Noise instances: 3231, removing 646 with theta=0.2
[GMM] Removed 2584 redundant + 646 noisy = 3230 total instances
[GMM] Kept 7541 / 10771 (reduction = 29.99%)
[17.07685875892639, 45.26240348815918, 51.714513540267944, 59.71406269073486, 49.04657554626465, 38.85575318336487, 52.979591369628906, 47.276026487350464, 54.873313426971436]
Fold 9
[GMM] Redundant instances: 4308, removing 2584 with beta=0.6
[GMM] Noise instances: 3231, removing 646 with theta=0.2
[GMM] Removed 2584 redundant + 646 noisy = 3230 total instances
[GMM] Kept 7541 / 10771 (reduction = 29.99%)
[17.07685875892639, 45.26240348815918, 51.714513540267944, 59.71406269073486, 49.04657554626465, 38.85575318336487, 52.979591369628906, 47.276026487350464, 54.873313426971436, 38.08837532997131]
END
  Method: adaptive-perplexity
Namespace(dataset='wos11967', method='adaptive-perplexity', folds=10, save=True, inputrep='tfidf', out='/app/unsupervised-is/resources/outsel', datain='/app/unsupervised-is/resources/datasets', overwrite=1, inputdir='/app/unsupervised-is/resources/datasets/wos11967/tfidf/', splitdir='/app/unsupervised-is/resources/datasets/wos11967/splits/', outputdir='/app/unsupervised-is/resources/outsel/selection/wos11967/', filename='/app/unsupervised-is/resources/outsel/selection/wos11967//saida_adaptive-perplexity', start_time='05-06-2026 07:41:16')
/app/unsupervised-is/resources/datasets/wos11967/splits//split_10.pkl
Fold 0
[Adaptive-IS] Step 1 — computing scores via 'perplexity' …
[PerplexityIS] Fitting LDA with 10 topics on 10770 instances …
[PerplexityIS] Perplexity stats — min: 1.4734, median: 2.3510, max: 4.5424
[PerplexityIS] Redundancy threshold (p0.0): 1.4734 → 0 candidates
[PerplexityIS] Noise threshold (p100.0): 4.5424 → 0 candidates
[PerplexityIS] Removed 0 redundant + 0 noisy = 0 total instances
[PerplexityIS] Kept 10770 / 10770 (reduction = 0.00%)
[Adaptive-IS] Score stats — min: 1.4734, median: 2.3510, max: 4.5424
[Adaptive-IS] Step 2 — estimating thresholds via 'gmm_boundary' …
[Adaptive-IS] Estimated params — low_percentile=53.2, high_percentile=89.1, beta=0.600, theta=0.251, imbalance_proxy=0.207
[Adaptive-IS] GMM component means: [1.9749832187086371, 2.6892117934054443, 3.307816247164483]
[Adaptive-IS] Step 3 — applying selection …
[Adaptive-IS] Redundant candidates: 5729, removing 3437 (beta=0.600)
[Adaptive-IS] Noise candidates: 1169, removing 292 (theta=0.251)
[Adaptive-IS] Removed 3729 instances — kept 7041 / 10770 (reduction = 34.62%)
[11.530653476715088]
Fold 1
[Adaptive-IS] Step 1 — computing scores via 'perplexity' …
[PerplexityIS] Fitting LDA with 10 topics on 10770 instances …
[PerplexityIS] Perplexity stats — min: 1.4733, median: 2.3729, max: 5.0078
[PerplexityIS] Redundancy threshold (p0.0): 1.4733 → 0 candidates
[PerplexityIS] Noise threshold (p100.0): 5.0078 → 0 candidates
[PerplexityIS] Removed 0 redundant + 0 noisy = 0 total instances
[PerplexityIS] Kept 10770 / 10770 (reduction = 0.00%)
[Adaptive-IS] Score stats — min: 1.4733, median: 2.3729, max: 5.0078
[Adaptive-IS] Step 2 — estimating thresholds via 'gmm_boundary' …
[Adaptive-IS] Estimated params — low_percentile=60.2, high_percentile=90.8, beta=0.600, theta=0.161, imbalance_proxy=0.206
[Adaptive-IS] GMM component means: [2.051214317068528, 2.744318964223995, 3.475924486327986]
[Adaptive-IS] Step 3 — applying selection …
[Adaptive-IS] Redundant candidates: 6479, removing 3887 (beta=0.600)
[Adaptive-IS] Noise candidates: 994, removing 159 (theta=0.161)
[Adaptive-IS] Removed 4046 instances — kept 6724 / 10770 (reduction = 37.57%)
[11.530653476715088, 8.48412799835205]
Fold 2
[Adaptive-IS] Step 1 — computing scores via 'perplexity' …
[PerplexityIS] Fitting LDA with 10 topics on 10770 instances …
[PerplexityIS] Perplexity stats — min: 1.4305, median: 2.3016, max: 4.8206
[PerplexityIS] Redundancy threshold (p0.0): 1.4305 → 0 candidates
[PerplexityIS] Noise threshold (p100.0): 4.8206 → 0 candidates
[PerplexityIS] Removed 0 redundant + 0 noisy = 0 total instances
[PerplexityIS] Kept 10770 / 10770 (reduction = 0.00%)
[Adaptive-IS] Score stats — min: 1.4305, median: 2.3016, max: 4.8206
[Adaptive-IS] Step 2 — estimating thresholds via 'gmm_boundary' …
[Adaptive-IS] Estimated params — low_percentile=54.3, high_percentile=82.7, beta=0.600, theta=0.282, imbalance_proxy=0.203
[Adaptive-IS] GMM component means: [1.9466134498957393, 2.4465000306453475, 3.171709904185011]
[Adaptive-IS] Step 3 — applying selection …
[Adaptive-IS] Redundant candidates: 5843, removing 3505 (beta=0.600)
[Adaptive-IS] Noise candidates: 1863, removing 525 (theta=0.282)
[Adaptive-IS] Removed 4030 instances — kept 6740 / 10770 (reduction = 37.42%)
[11.530653476715088, 8.48412799835205, 10.778003692626953]
Fold 3
[Adaptive-IS] Step 1 — computing scores via 'perplexity' …
[PerplexityIS] Fitting LDA with 10 topics on 10770 instances …
[PerplexityIS] Perplexity stats — min: 1.4722, median: 2.2981, max: 4.9651
[PerplexityIS] Redundancy threshold (p0.0): 1.4722 → 0 candidates
[PerplexityIS] Noise threshold (p100.0): 4.9651 → 0 candidates
[PerplexityIS] Removed 0 redundant + 0 noisy = 0 total instances
[PerplexityIS] Kept 10770 / 10770 (reduction = 0.00%)
[Adaptive-IS] Score stats — min: 1.4722, median: 2.2981, max: 4.9651
[Adaptive-IS] Step 2 — estimating thresholds via 'gmm_boundary' …
[Adaptive-IS] Estimated params — low_percentile=58.9, high_percentile=87.6, beta=0.600, theta=0.218, imbalance_proxy=0.209
[Adaptive-IS] GMM component means: [1.997215115703853, 2.6246770520659153, 3.392611864344008]
[Adaptive-IS] Step 3 — applying selection …
[Adaptive-IS] Redundant candidates: 6340, removing 3804 (beta=0.600)
[Adaptive-IS] Noise candidates: 1333, removing 290 (theta=0.218)
[Adaptive-IS] Removed 4094 instances — kept 6676 / 10770 (reduction = 38.01%)
[11.530653476715088, 8.48412799835205, 10.778003692626953, 9.305591344833374]
Fold 4
[Adaptive-IS] Step 1 — computing scores via 'perplexity' …
[PerplexityIS] Fitting LDA with 10 topics on 10770 instances …
[PerplexityIS] Perplexity stats — min: 1.4911, median: 2.2414, max: 5.0417
[PerplexityIS] Redundancy threshold (p0.0): 1.4911 → 0 candidates
[PerplexityIS] Noise threshold (p100.0): 5.0417 → 0 candidates
[PerplexityIS] Removed 0 redundant + 0 noisy = 0 total instances
[PerplexityIS] Kept 10770 / 10770 (reduction = 0.00%)
[Adaptive-IS] Score stats — min: 1.4911, median: 2.2414, max: 5.0417
[Adaptive-IS] Step 2 — estimating thresholds via 'gmm_boundary' …
[Adaptive-IS] Estimated params — low_percentile=59.1, high_percentile=86.3, beta=0.600, theta=0.225, imbalance_proxy=0.212
[Adaptive-IS] GMM component means: [1.9614112660756091, 2.5499466589348554, 3.3793889968307993]
[Adaptive-IS] Step 3 — applying selection …
[Adaptive-IS] Redundant candidates: 6362, removing 3817 (beta=0.600)
[Adaptive-IS] Noise candidates: 1479, removing 333 (theta=0.225)
[Adaptive-IS] Removed 4150 instances — kept 6620 / 10770 (reduction = 38.53%)
[11.530653476715088, 8.48412799835205, 10.778003692626953, 9.305591344833374, 10.320342779159546]
Fold 5
[Adaptive-IS] Step 1 — computing scores via 'perplexity' …
[PerplexityIS] Fitting LDA with 10 topics on 10770 instances …
[PerplexityIS] Perplexity stats — min: 1.4726, median: 2.7664, max: 5.7882
[PerplexityIS] Redundancy threshold (p0.0): 1.4726 → 0 candidates
[PerplexityIS] Noise threshold (p100.0): 5.7882 → 0 candidates
[PerplexityIS] Removed 0 redundant + 0 noisy = 0 total instances
[PerplexityIS] Kept 10770 / 10770 (reduction = 0.00%)
[Adaptive-IS] Score stats — min: 1.4726, median: 2.7664, max: 5.7882
[Adaptive-IS] Step 2 — estimating thresholds via 'gmm_boundary' …
[Adaptive-IS] Estimated params — low_percentile=42.4, high_percentile=82.6, beta=0.536, theta=0.256, imbalance_proxy=0.231
[Adaptive-IS] GMM component means: [2.0525739236520577, 2.896729031712665, 3.7844925967422887]
[Adaptive-IS] Step 3 — applying selection …
[Adaptive-IS] Redundant candidates: 4570, removing 2450 (beta=0.536)
[Adaptive-IS] Noise candidates: 1877, removing 480 (theta=0.256)
[Adaptive-IS] Removed 2930 instances — kept 7840 / 10770 (reduction = 27.21%)
[11.530653476715088, 8.48412799835205, 10.778003692626953, 9.305591344833374, 10.320342779159546, 10.855663776397705]
Fold 6
[Adaptive-IS] Step 1 — computing scores via 'perplexity' …
[PerplexityIS] Fitting LDA with 10 topics on 10770 instances …
[PerplexityIS] Perplexity stats — min: 1.5017, median: 2.6403, max: 6.1738
[PerplexityIS] Redundancy threshold (p0.0): 1.5017 → 0 candidates
[PerplexityIS] Noise threshold (p100.0): 6.1738 → 0 candidates
[PerplexityIS] Removed 0 redundant + 0 noisy = 0 total instances
[PerplexityIS] Kept 10770 / 10770 (reduction = 0.00%)
[Adaptive-IS] Score stats — min: 1.5017, median: 2.6403, max: 6.1738
[Adaptive-IS] Step 2 — estimating thresholds via 'gmm_boundary' …
[Adaptive-IS] Estimated params — low_percentile=47.1, high_percentile=84.0, beta=0.554, theta=0.268, imbalance_proxy=0.226
[Adaptive-IS] GMM component means: [2.0451916786592474, 2.8042759334780425, 3.630168201526421]
[Adaptive-IS] Step 3 — applying selection …
[Adaptive-IS] Redundant candidates: 5073, removing 2811 (beta=0.554)
[Adaptive-IS] Noise candidates: 1728, removing 463 (theta=0.268)
[Adaptive-IS] Removed 3274 instances — kept 7496 / 10770 (reduction = 30.40%)
[11.530653476715088, 8.48412799835205, 10.778003692626953, 9.305591344833374, 10.320342779159546, 10.855663776397705, 9.841307878494263]
Fold 7
[Adaptive-IS] Step 1 — computing scores via 'perplexity' …
[PerplexityIS] Fitting LDA with 10 topics on 10771 instances …
[PerplexityIS] Perplexity stats — min: 1.5081, median: 2.8184, max: 5.5225
[PerplexityIS] Redundancy threshold (p0.0): 1.5081 → 0 candidates
[PerplexityIS] Noise threshold (p100.0): 5.5225 → 0 candidates
[PerplexityIS] Removed 0 redundant + 0 noisy = 0 total instances
[PerplexityIS] Kept 10771 / 10771 (reduction = 0.00%)
[Adaptive-IS] Score stats — min: 1.5081, median: 2.8184, max: 5.5225
[Adaptive-IS] Step 2 — estimating thresholds via 'gmm_boundary' …
[Adaptive-IS] Estimated params — low_percentile=42.6, high_percentile=86.4, beta=0.534, theta=0.242, imbalance_proxy=0.215
[Adaptive-IS] GMM component means: [2.1062356111282745, 2.940974827717419, 3.6000292040852835]
[Adaptive-IS] Step 3 — applying selection …
[Adaptive-IS] Redundant candidates: 4585, removing 2446 (beta=0.534)
[Adaptive-IS] Noise candidates: 1463, removing 354 (theta=0.242)
[Adaptive-IS] Removed 2800 instances — kept 7971 / 10771 (reduction = 26.00%)
[11.530653476715088, 8.48412799835205, 10.778003692626953, 9.305591344833374, 10.320342779159546, 10.855663776397705, 9.841307878494263, 9.23800778388977]
Fold 8
[Adaptive-IS] Step 1 — computing scores via 'perplexity' …
[PerplexityIS] Fitting LDA with 10 topics on 10771 instances …
[PerplexityIS] Perplexity stats — min: 1.4560, median: 2.6214, max: 5.3707
[PerplexityIS] Redundancy threshold (p0.0): 1.4560 → 0 candidates
[PerplexityIS] Noise threshold (p100.0): 5.3707 → 0 candidates
[PerplexityIS] Removed 0 redundant + 0 noisy = 0 total instances
[PerplexityIS] Kept 10771 / 10771 (reduction = 0.00%)
[Adaptive-IS] Score stats — min: 1.4560, median: 2.6214, max: 5.3707
[Adaptive-IS] Step 2 — estimating thresholds via 'gmm_boundary' …
[Adaptive-IS] Estimated params — low_percentile=48.6, high_percentile=84.8, beta=0.586, theta=0.240, imbalance_proxy=0.222
[Adaptive-IS] GMM component means: [2.063352379232029, 2.819825591576637, 3.6570807453736753]
[Adaptive-IS] Step 3 — applying selection …
[Adaptive-IS] Redundant candidates: 5230, removing 3063 (beta=0.586)
[Adaptive-IS] Noise candidates: 1635, removing 391 (theta=0.240)
[Adaptive-IS] Removed 3454 instances — kept 7317 / 10771 (reduction = 32.07%)
[11.530653476715088, 8.48412799835205, 10.778003692626953, 9.305591344833374, 10.320342779159546, 10.855663776397705, 9.841307878494263, 9.23800778388977, 9.862584829330444]
Fold 9
[Adaptive-IS] Step 1 — computing scores via 'perplexity' …
[PerplexityIS] Fitting LDA with 10 topics on 10771 instances …
[PerplexityIS] Perplexity stats — min: 1.5076, median: 2.8107, max: 5.7607
[PerplexityIS] Redundancy threshold (p0.0): 1.5076 → 0 candidates
[PerplexityIS] Noise threshold (p100.0): 5.7607 → 0 candidates
[PerplexityIS] Removed 0 redundant + 0 noisy = 0 total instances
[PerplexityIS] Kept 10771 / 10771 (reduction = 0.00%)
[Adaptive-IS] Score stats — min: 1.5076, median: 2.8107, max: 5.7607
[Adaptive-IS] Step 2 — estimating thresholds via 'gmm_boundary' …
[Adaptive-IS] Estimated params — low_percentile=42.5, high_percentile=84.0, beta=0.499, theta=0.263, imbalance_proxy=0.232
[Adaptive-IS] GMM component means: [2.0776619812381045, 2.9279275172965114, 3.780498318934438]
[Adaptive-IS] Step 3 — applying selection …
[Adaptive-IS] Redundant candidates: 4574, removing 2281 (beta=0.499)
[Adaptive-IS] Noise candidates: 1719, removing 452 (theta=0.263)
[Adaptive-IS] Removed 2733 instances — kept 8038 / 10771 (reduction = 25.37%)
[11.530653476715088, 8.48412799835205, 10.778003692626953, 9.305591344833374, 10.320342779159546, 10.855663776397705, 9.841307878494263, 9.23800778388977, 9.862584829330444, 10.85447645187378]
END
  Method: adaptive-v2-perplexity
Namespace(dataset='wos11967', method='adaptive-v2-perplexity', folds=10, save=True, inputrep='tfidf', out='/app/unsupervised-is/resources/outsel', datain='/app/unsupervised-is/resources/datasets', overwrite=1, inputdir='/app/unsupervised-is/resources/datasets/wos11967/tfidf/', splitdir='/app/unsupervised-is/resources/datasets/wos11967/splits/', outputdir='/app/unsupervised-is/resources/outsel/selection/wos11967/', filename='/app/unsupervised-is/resources/outsel/selection/wos11967//saida_adaptive-v2-perplexity', start_time='05-06-2026 07:43:10')
/app/unsupervised-is/resources/datasets/wos11967/splits//split_10.pkl
Fold 0
[AdaptiveV2-IS] Step 1 — scoring via 'perplexity' …
[PerplexityIS] Fitting LDA with 10 topics on 10770 instances …
[PerplexityIS] Perplexity stats — min: 1.4734, median: 2.3510, max: 4.5424
[PerplexityIS] Redundancy threshold (p0.0): 1.4734 → 0 candidates
[PerplexityIS] Noise threshold (p100.0): 4.5424 → 0 candidates
[PerplexityIS] Removed 0 redundant + 0 noisy = 0 total instances
[PerplexityIS] Kept 10770 / 10770 (reduction = 0.00%)
[AdaptiveV2-IS] Score stats — min: 1.4734, p25: 1.9793, median: 2.3510, p75: 2.9336, max: 4.5424
[AdaptiveV2-IS] Step 2 — estimating params via quartile density …
[AdaptiveV2-IS] Quartile widths: Q1_frac=0.165, Q2_frac=0.121, total_range=3.0690
[AdaptiveV2-IS] Params: beta_q1=0.700, beta_q2=0.600, theta=0.238, imbalance_proxy=0.207
[AdaptiveV2-IS] Step 3 — applying quartile selection …
[AdaptiveV2-IS] Q1 (2693 instances): removing 1885 (beta_q1=0.700, uniform)
[AdaptiveV2-IS] Q2 (2692 instances): removing 1615 (beta_q2=0.600, uniform)
[AdaptiveV2-IS] Q4 (2693 instances): removing 640 (theta=0.238, weighted)
[AdaptiveV2-IS] Done — removed 4140 / 10770 (reduction = 38.44%)
[10.862436056137085]
Fold 1
[AdaptiveV2-IS] Step 1 — scoring via 'perplexity' …
[PerplexityIS] Fitting LDA with 10 topics on 10770 instances …
[PerplexityIS] Perplexity stats — min: 1.4733, median: 2.3729, max: 5.0078
[PerplexityIS] Redundancy threshold (p0.0): 1.4733 → 0 candidates
[PerplexityIS] Noise threshold (p100.0): 5.0078 → 0 candidates
[PerplexityIS] Removed 0 redundant + 0 noisy = 0 total instances
[PerplexityIS] Kept 10770 / 10770 (reduction = 0.00%)
[AdaptiveV2-IS] Score stats — min: 1.4733, p25: 2.0354, median: 2.3729, p75: 2.8759, max: 5.0078
[AdaptiveV2-IS] Step 2 — estimating params via quartile density …
[AdaptiveV2-IS] Quartile widths: Q1_frac=0.159, Q2_frac=0.095, total_range=3.5345
[AdaptiveV2-IS] Params: beta_q1=0.700, beta_q2=0.600, theta=0.238, imbalance_proxy=0.206
[AdaptiveV2-IS] Step 3 — applying quartile selection …
[AdaptiveV2-IS] Q1 (2693 instances): removing 1885 (beta_q1=0.700, uniform)
[AdaptiveV2-IS] Q2 (2692 instances): removing 1615 (beta_q2=0.600, uniform)
[AdaptiveV2-IS] Q4 (2693 instances): removing 641 (theta=0.238, weighted)
[AdaptiveV2-IS] Done — removed 4141 / 10770 (reduction = 38.45%)
[10.862436056137085, 7.773906707763672]
Fold 2
[AdaptiveV2-IS] Step 1 — scoring via 'perplexity' …
[PerplexityIS] Fitting LDA with 10 topics on 10770 instances …
[PerplexityIS] Perplexity stats — min: 1.4305, median: 2.3016, max: 4.8206
[PerplexityIS] Redundancy threshold (p0.0): 1.4305 → 0 candidates
[PerplexityIS] Noise threshold (p100.0): 4.8206 → 0 candidates
[PerplexityIS] Removed 0 redundant + 0 noisy = 0 total instances
[PerplexityIS] Kept 10770 / 10770 (reduction = 0.00%)
[AdaptiveV2-IS] Score stats — min: 1.4305, p25: 1.9927, median: 2.3016, p75: 2.7608, max: 4.8206
[AdaptiveV2-IS] Step 2 — estimating params via quartile density …
[AdaptiveV2-IS] Quartile widths: Q1_frac=0.166, Q2_frac=0.091, total_range=3.3902
[AdaptiveV2-IS] Params: beta_q1=0.700, beta_q2=0.600, theta=0.239, imbalance_proxy=0.203
[AdaptiveV2-IS] Step 3 — applying quartile selection …
[AdaptiveV2-IS] Q1 (2693 instances): removing 1885 (beta_q1=0.700, uniform)
[AdaptiveV2-IS] Q2 (2692 instances): removing 1615 (beta_q2=0.600, uniform)
[AdaptiveV2-IS] Q4 (2693 instances): removing 643 (theta=0.239, weighted)
[AdaptiveV2-IS] Done — removed 4143 / 10770 (reduction = 38.47%)
[10.862436056137085, 7.773906707763672, 7.845109701156616]
Fold 3
[AdaptiveV2-IS] Step 1 — scoring via 'perplexity' …
[PerplexityIS] Fitting LDA with 10 topics on 10770 instances …
[PerplexityIS] Perplexity stats — min: 1.4722, median: 2.2981, max: 4.9651
[PerplexityIS] Redundancy threshold (p0.0): 1.4722 → 0 candidates
[PerplexityIS] Noise threshold (p100.0): 4.9651 → 0 candidates
[PerplexityIS] Removed 0 redundant + 0 noisy = 0 total instances
[PerplexityIS] Kept 10770 / 10770 (reduction = 0.00%)
[AdaptiveV2-IS] Score stats — min: 1.4722, p25: 1.9804, median: 2.2981, p75: 2.8471, max: 4.9651
[AdaptiveV2-IS] Step 2 — estimating params via quartile density …
[AdaptiveV2-IS] Quartile widths: Q1_frac=0.146, Q2_frac=0.091, total_range=3.4929
[AdaptiveV2-IS] Params: beta_q1=0.700, beta_q2=0.600, theta=0.237, imbalance_proxy=0.209
[AdaptiveV2-IS] Step 3 — applying quartile selection …
[AdaptiveV2-IS] Q1 (2693 instances): removing 1885 (beta_q1=0.700, uniform)
[AdaptiveV2-IS] Q2 (2692 instances): removing 1615 (beta_q2=0.600, uniform)
[AdaptiveV2-IS] Q4 (2693 instances): removing 638 (theta=0.237, weighted)
[AdaptiveV2-IS] Done — removed 4138 / 10770 (reduction = 38.42%)
[10.862436056137085, 7.773906707763672, 7.845109701156616, 7.242804765701294]
Fold 4
[AdaptiveV2-IS] Step 1 — scoring via 'perplexity' …
[PerplexityIS] Fitting LDA with 10 topics on 10770 instances …
[PerplexityIS] Perplexity stats — min: 1.4911, median: 2.2414, max: 5.0417
[PerplexityIS] Redundancy threshold (p0.0): 1.4911 → 0 candidates
[PerplexityIS] Noise threshold (p100.0): 5.0417 → 0 candidates
[PerplexityIS] Removed 0 redundant + 0 noisy = 0 total instances
[PerplexityIS] Kept 10770 / 10770 (reduction = 0.00%)
[AdaptiveV2-IS] Score stats — min: 1.4911, p25: 1.9340, median: 2.2414, p75: 2.7883, max: 5.0417
[AdaptiveV2-IS] Step 2 — estimating params via quartile density …
[AdaptiveV2-IS] Quartile widths: Q1_frac=0.125, Q2_frac=0.087, total_range=3.5505
[AdaptiveV2-IS] Params: beta_q1=0.700, beta_q2=0.600, theta=0.236, imbalance_proxy=0.212
[AdaptiveV2-IS] Step 3 — applying quartile selection …
[AdaptiveV2-IS] Q1 (2693 instances): removing 1885 (beta_q1=0.700, uniform)
[AdaptiveV2-IS] Q2 (2692 instances): removing 1615 (beta_q2=0.600, uniform)
[AdaptiveV2-IS] Q4 (2693 instances): removing 636 (theta=0.236, weighted)
[AdaptiveV2-IS] Done — removed 4136 / 10770 (reduction = 38.40%)
[10.862436056137085, 7.773906707763672, 7.845109701156616, 7.242804765701294, 7.484555006027222]
Fold 5
[AdaptiveV2-IS] Step 1 — scoring via 'perplexity' …
[PerplexityIS] Fitting LDA with 10 topics on 10770 instances …
[PerplexityIS] Perplexity stats — min: 1.4726, median: 2.7664, max: 5.7882
[PerplexityIS] Redundancy threshold (p0.0): 1.4726 → 0 candidates
[PerplexityIS] Noise threshold (p100.0): 5.7882 → 0 candidates
[PerplexityIS] Removed 0 redundant + 0 noisy = 0 total instances
[PerplexityIS] Kept 10770 / 10770 (reduction = 0.00%)
[AdaptiveV2-IS] Score stats — min: 1.4726, p25: 2.2093, median: 2.7664, p75: 3.2601, max: 5.7882
[AdaptiveV2-IS] Step 2 — estimating params via quartile density …
[AdaptiveV2-IS] Quartile widths: Q1_frac=0.171, Q2_frac=0.129, total_range=4.3156
[AdaptiveV2-IS] Params: beta_q1=0.700, beta_q2=0.600, theta=0.231, imbalance_proxy=0.231
[AdaptiveV2-IS] Step 3 — applying quartile selection …
[AdaptiveV2-IS] Q1 (2693 instances): removing 1885 (beta_q1=0.700, uniform)
[AdaptiveV2-IS] Q2 (2692 instances): removing 1615 (beta_q2=0.600, uniform)
[AdaptiveV2-IS] Q4 (2693 instances): removing 621 (theta=0.231, weighted)
[AdaptiveV2-IS] Done — removed 4121 / 10770 (reduction = 38.26%)
[10.862436056137085, 7.773906707763672, 7.845109701156616, 7.242804765701294, 7.484555006027222, 8.532129287719727]
Fold 6
[AdaptiveV2-IS] Step 1 — scoring via 'perplexity' …
[PerplexityIS] Fitting LDA with 10 topics on 10770 instances …
[PerplexityIS] Perplexity stats — min: 1.5017, median: 2.6403, max: 6.1738
[PerplexityIS] Redundancy threshold (p0.0): 1.5017 → 0 candidates
[PerplexityIS] Noise threshold (p100.0): 6.1738 → 0 candidates
[PerplexityIS] Removed 0 redundant + 0 noisy = 0 total instances
[PerplexityIS] Kept 10770 / 10770 (reduction = 0.00%)
[AdaptiveV2-IS] Score stats — min: 1.5017, p25: 2.1689, median: 2.6403, p75: 3.1653, max: 6.1738
[AdaptiveV2-IS] Step 2 — estimating params via quartile density …
[AdaptiveV2-IS] Quartile widths: Q1_frac=0.143, Q2_frac=0.101, total_range=4.6720
[AdaptiveV2-IS] Params: beta_q1=0.700, beta_q2=0.600, theta=0.232, imbalance_proxy=0.226
[AdaptiveV2-IS] Step 3 — applying quartile selection …
[AdaptiveV2-IS] Q1 (2693 instances): removing 1885 (beta_q1=0.700, uniform)
[AdaptiveV2-IS] Q2 (2692 instances): removing 1615 (beta_q2=0.600, uniform)
[AdaptiveV2-IS] Q4 (2693 instances): removing 625 (theta=0.232, weighted)
[AdaptiveV2-IS] Done — removed 4125 / 10770 (reduction = 38.30%)
[10.862436056137085, 7.773906707763672, 7.845109701156616, 7.242804765701294, 7.484555006027222, 8.532129287719727, 7.690511465072632]
Fold 7
[AdaptiveV2-IS] Step 1 — scoring via 'perplexity' …
[PerplexityIS] Fitting LDA with 10 topics on 10771 instances …
[PerplexityIS] Perplexity stats — min: 1.5081, median: 2.8184, max: 5.5225
[PerplexityIS] Redundancy threshold (p0.0): 1.5081 → 0 candidates
[PerplexityIS] Noise threshold (p100.0): 5.5225 → 0 candidates
[PerplexityIS] Removed 0 redundant + 0 noisy = 0 total instances
[PerplexityIS] Kept 10771 / 10771 (reduction = 0.00%)
[AdaptiveV2-IS] Score stats — min: 1.5081, p25: 2.2699, median: 2.8184, p75: 3.1988, max: 5.5225
[AdaptiveV2-IS] Step 2 — estimating params via quartile density …
[AdaptiveV2-IS] Quartile widths: Q1_frac=0.190, Q2_frac=0.137, total_range=4.0144
[AdaptiveV2-IS] Params: beta_q1=0.700, beta_q2=0.600, theta=0.236, imbalance_proxy=0.215
[AdaptiveV2-IS] Step 3 — applying quartile selection …
[AdaptiveV2-IS] Q1 (2693 instances): removing 1885 (beta_q1=0.700, uniform)
[AdaptiveV2-IS] Q2 (2693 instances): removing 1615 (beta_q2=0.600, uniform)
[AdaptiveV2-IS] Q4 (2693 instances): removing 634 (theta=0.236, weighted)
[AdaptiveV2-IS] Done — removed 4134 / 10771 (reduction = 38.38%)
[10.862436056137085, 7.773906707763672, 7.845109701156616, 7.242804765701294, 7.484555006027222, 8.532129287719727, 7.690511465072632, 7.399084091186523]
Fold 8
[AdaptiveV2-IS] Step 1 — scoring via 'perplexity' …
[PerplexityIS] Fitting LDA with 10 topics on 10771 instances …
[PerplexityIS] Perplexity stats — min: 1.4560, median: 2.6214, max: 5.3707
[PerplexityIS] Redundancy threshold (p0.0): 1.4560 → 0 candidates
[PerplexityIS] Noise threshold (p100.0): 5.3707 → 0 candidates
[PerplexityIS] Removed 0 redundant + 0 noisy = 0 total instances
[PerplexityIS] Kept 10771 / 10771 (reduction = 0.00%)
[AdaptiveV2-IS] Score stats — min: 1.4560, p25: 2.1610, median: 2.6214, p75: 3.1233, max: 5.3707
[AdaptiveV2-IS] Step 2 — estimating params via quartile density …
[AdaptiveV2-IS] Quartile widths: Q1_frac=0.180, Q2_frac=0.118, total_range=3.9147
[AdaptiveV2-IS] Params: beta_q1=0.700, beta_q2=0.600, theta=0.233, imbalance_proxy=0.222
[AdaptiveV2-IS] Step 3 — applying quartile selection …
[AdaptiveV2-IS] Q1 (2693 instances): removing 1885 (beta_q1=0.700, uniform)
[AdaptiveV2-IS] Q2 (2693 instances): removing 1615 (beta_q2=0.600, uniform)
[AdaptiveV2-IS] Q4 (2693 instances): removing 628 (theta=0.233, weighted)
[AdaptiveV2-IS] Done — removed 4128 / 10771 (reduction = 38.33%)
[10.862436056137085, 7.773906707763672, 7.845109701156616, 7.242804765701294, 7.484555006027222, 8.532129287719727, 7.690511465072632, 7.399084091186523, 7.843624114990234]
Fold 9
[AdaptiveV2-IS] Step 1 — scoring via 'perplexity' …
[PerplexityIS] Fitting LDA with 10 topics on 10771 instances …
[PerplexityIS] Perplexity stats — min: 1.5076, median: 2.8107, max: 5.7607
[PerplexityIS] Redundancy threshold (p0.0): 1.5076 → 0 candidates
[PerplexityIS] Noise threshold (p100.0): 5.7607 → 0 candidates
[PerplexityIS] Removed 0 redundant + 0 noisy = 0 total instances
[PerplexityIS] Kept 10771 / 10771 (reduction = 0.00%)
[AdaptiveV2-IS] Score stats — min: 1.5076, p25: 2.2743, median: 2.8107, p75: 3.3075, max: 5.7607
[AdaptiveV2-IS] Step 2 — estimating params via quartile density …
[AdaptiveV2-IS] Quartile widths: Q1_frac=0.180, Q2_frac=0.126, total_range=4.2531
[AdaptiveV2-IS] Params: beta_q1=0.700, beta_q2=0.600, theta=0.230, imbalance_proxy=0.232
[AdaptiveV2-IS] Step 3 — applying quartile selection …
[AdaptiveV2-IS] Q1 (2693 instances): removing 1885 (beta_q1=0.700, uniform)
[AdaptiveV2-IS] Q2 (2693 instances): removing 1615 (beta_q2=0.600, uniform)
[AdaptiveV2-IS] Q4 (2693 instances): removing 620 (theta=0.230, weighted)
[AdaptiveV2-IS] Done — removed 4120 / 10771 (reduction = 38.25%)
[10.862436056137085, 7.773906707763672, 7.845109701156616, 7.242804765701294, 7.484555006027222, 8.532129287719727, 7.690511465072632, 7.399084091186523, 7.843624114990234, 7.907367706298828]
END
Dataset: ohsumed
  Method: no-is
Namespace(dataset='ohsumed', method='no-is', folds=10, save=True, inputrep='tfidf', out='/app/unsupervised-is/resources/outsel', datain='/app/unsupervised-is/resources/datasets', overwrite=1, inputdir='/app/unsupervised-is/resources/datasets/ohsumed/tfidf/', splitdir='/app/unsupervised-is/resources/datasets/ohsumed/splits/', outputdir='/app/unsupervised-is/resources/outsel/selection/ohsumed/', filename='/app/unsupervised-is/resources/outsel/selection/ohsumed//saida_no-is', start_time='05-06-2026 07:44:45')
/app/unsupervised-is/resources/datasets/ohsumed/splits//split_10.pkl
Fold 0
[0.011852264404296875]
Fold 1
[0.011852264404296875, 0.009732484817504883]
Fold 2
[0.011852264404296875, 0.009732484817504883, 0.009715795516967773]
Fold 3
[0.011852264404296875, 0.009732484817504883, 0.009715795516967773, 0.017734527587890625]
Fold 4
[0.011852264404296875, 0.009732484817504883, 0.009715795516967773, 0.017734527587890625, 0.010514020919799805]
Fold 5
[0.011852264404296875, 0.009732484817504883, 0.009715795516967773, 0.017734527587890625, 0.010514020919799805, 0.010323524475097656]
Fold 6
[0.011852264404296875, 0.009732484817504883, 0.009715795516967773, 0.017734527587890625, 0.010514020919799805, 0.010323524475097656, 0.009792089462280273]
Fold 7
[0.011852264404296875, 0.009732484817504883, 0.009715795516967773, 0.017734527587890625, 0.010514020919799805, 0.010323524475097656, 0.009792089462280273, 0.008959293365478516]
Fold 8
[0.011852264404296875, 0.009732484817504883, 0.009715795516967773, 0.017734527587890625, 0.010514020919799805, 0.010323524475097656, 0.009792089462280273, 0.008959293365478516, 0.011990070343017578]
Fold 9
[0.011852264404296875, 0.009732484817504883, 0.009715795516967773, 0.017734527587890625, 0.010514020919799805, 0.010323524475097656, 0.009792089462280273, 0.008959293365478516, 0.011990070343017578, 0.009224891662597656]
END
  Method: biois
Namespace(dataset='ohsumed', method='biois', folds=10, save=True, inputrep='tfidf', out='/app/unsupervised-is/resources/outsel', datain='/app/unsupervised-is/resources/datasets', overwrite=1, inputdir='/app/unsupervised-is/resources/datasets/ohsumed/tfidf/', splitdir='/app/unsupervised-is/resources/datasets/ohsumed/splits/', outputdir='/app/unsupervised-is/resources/outsel/selection/ohsumed/', filename='/app/unsupervised-is/resources/outsel/selection/ohsumed//saida_biois', start_time='05-06-2026 07:45:00')
/app/unsupervised-is/resources/datasets/ohsumed/splits//split_10.pkl
Fold 0
fitting_alpha_by_lr_default
LogisticRegression()
LogisticRegression()
LogisticRegression()
LogisticRegression()
LogisticRegression()
Micro: 0.7021431607066966
Macro: 0.5704642262626631
identifyNoiseByLowerNNEntropy
[350.2397246360779]
Fold 1
fitting_alpha_by_lr_default
LogisticRegression()
LogisticRegression()
LogisticRegression()
LogisticRegression()
LogisticRegression()
Micro: 0.7028110011535426
Macro: 0.5698976155132844
identifyNoiseByLowerNNEntropy
[350.2397246360779, 356.956032037735]
Fold 2
fitting_alpha_by_lr_default
LogisticRegression()
LogisticRegression()
LogisticRegression()
LogisticRegression()
LogisticRegression()
Micro: 0.7070179698882952
Macro: 0.5791835445431084
identifyNoiseByLowerNNEntropy
[350.2397246360779, 356.956032037735, 323.776330947876]
Fold 3
fitting_alpha_by_lr_default
LogisticRegression()
LogisticRegression()
LogisticRegression()
LogisticRegression()
LogisticRegression()
Micro: 0.7034361340456532
Macro: 0.5754066838833675
identifyNoiseByLowerNNEntropy
[350.2397246360779, 356.956032037735, 323.776330947876, 352.8989951610565]
Fold 4
fitting_alpha_by_lr_default
LogisticRegression()
LogisticRegression()
LogisticRegression()
LogisticRegression()
LogisticRegression()
Micro: 0.7046503156872268
Macro: 0.5778508263841247
identifyNoiseByLowerNNEntropy
[350.2397246360779, 356.956032037735, 323.776330947876, 352.8989951610565, 334.9153709411621]
Fold 5
fitting_alpha_by_lr_default
LogisticRegression()
LogisticRegression()
LogisticRegression()
LogisticRegression()
LogisticRegression()
Micro: 0.7034361340456532
Macro: 0.5701850711692767
identifyNoiseByLowerNNEntropy
[350.2397246360779, 356.956032037735, 323.776330947876, 352.8989951610565, 334.9153709411621, 337.81173634529114]
Fold 6
fitting_alpha_by_lr_default
LogisticRegression()
LogisticRegression()
LogisticRegression()
LogisticRegression()
LogisticRegression()
Micro: 0.7049538610976201
Macro: 0.575002059779536
identifyNoiseByLowerNNEntropy
[350.2397246360779, 356.956032037735, 323.776330947876, 352.8989951610565, 334.9153709411621, 337.81173634529114, 348.87153840065]
Fold 7
fitting_alpha_by_lr_default
LogisticRegression()
LogisticRegression()
LogisticRegression()
LogisticRegression()
LogisticRegression()
Micro: 0.7003399708596406
Macro: 0.5675509428089608
identifyNoiseByLowerNNEntropy
[350.2397246360779, 356.956032037735, 323.776330947876, 352.8989951610565, 334.9153709411621, 337.81173634529114, 348.87153840065, 348.8394224643707]
Fold 8
fitting_alpha_by_lr_default
LogisticRegression()
LogisticRegression()
LogisticRegression()
LogisticRegression()
LogisticRegression()
Micro: 0.7053181155900923
Macro: 0.5734753454237348
identifyNoiseByLowerNNEntropy
[350.2397246360779, 356.956032037735, 323.776330947876, 352.8989951610565, 334.9153709411621, 337.81173634529114, 348.87153840065, 348.8394224643707, 364.2696888446808]
Fold 9
fitting_alpha_by_lr_default
LogisticRegression()
LogisticRegression()
LogisticRegression()
LogisticRegression()
LogisticRegression()
Micro: 0.7057430791646431
Macro: 0.5708597196864253
identifyNoiseByLowerNNEntropy
[350.2397246360779, 356.956032037735, 323.776330947876, 352.8989951610565, 334.9153709411621, 337.81173634529114, 348.87153840065, 348.8394224643707, 364.2696888446808, 360.5490047931671]
END
  Method: perplexity-is
Namespace(dataset='ohsumed', method='perplexity-is', folds=10, save=True, inputrep='tfidf', out='/app/unsupervised-is/resources/outsel', datain='/app/unsupervised-is/resources/datasets', overwrite=1, inputdir='/app/unsupervised-is/resources/datasets/ohsumed/tfidf/', splitdir='/app/unsupervised-is/resources/datasets/ohsumed/splits/', outputdir='/app/unsupervised-is/resources/outsel/selection/ohsumed/', filename='/app/unsupervised-is/resources/outsel/selection/ohsumed//saida_perplexity-is', start_time='05-06-2026 08:43:14')
/app/unsupervised-is/resources/datasets/ohsumed/splits//split_10.pkl
Fold 0
[PerplexityIS] Fitting LDA with 10 topics on 16471 instances …
[PerplexityIS] Perplexity stats — min: 1.5462, median: 2.5905, max: 5.5391
[PerplexityIS] Redundancy threshold (p40): 2.3771 → 6588 candidates
[PerplexityIS] Redundant instances: 6588, removing 3952 with beta=0.6
[PerplexityIS] Noise threshold (p70): 3.0068 → 4941 candidates
[PerplexityIS] Noise instances: 4941, removing 988 with theta=0.2
[PerplexityIS] Removed 3952 redundant + 988 noisy = 4940 total instances
[PerplexityIS] Kept 11531 / 16471 (reduction = 29.99%)
[14.346147775650024]
Fold 1
[PerplexityIS] Fitting LDA with 10 topics on 16471 instances …
[PerplexityIS] Perplexity stats — min: 1.5147, median: 2.5363, max: 5.5920
[PerplexityIS] Redundancy threshold (p40): 2.2982 → 6588 candidates
[PerplexityIS] Redundant instances: 6588, removing 3952 with beta=0.6
[PerplexityIS] Noise threshold (p70): 2.9832 → 4941 candidates
[PerplexityIS] Noise instances: 4941, removing 988 with theta=0.2
[PerplexityIS] Removed 3952 redundant + 988 noisy = 4940 total instances
[PerplexityIS] Kept 11531 / 16471 (reduction = 29.99%)
[14.346147775650024, 11.552635908126831]
Fold 2
[PerplexityIS] Fitting LDA with 10 topics on 16472 instances …
[PerplexityIS] Perplexity stats — min: 1.5460, median: 2.9059, max: 6.2281
[PerplexityIS] Redundancy threshold (p40): 2.6759 → 6589 candidates
[PerplexityIS] Redundant instances: 6589, removing 3953 with beta=0.6
[PerplexityIS] Noise threshold (p70): 3.2849 → 4942 candidates
[PerplexityIS] Noise instances: 4942, removing 988 with theta=0.2
[PerplexityIS] Removed 3953 redundant + 988 noisy = 4941 total instances
[PerplexityIS] Kept 11531 / 16472 (reduction = 30.00%)
[14.346147775650024, 11.552635908126831, 10.994591236114502]
Fold 3
[PerplexityIS] Fitting LDA with 10 topics on 16472 instances …
[PerplexityIS] Perplexity stats — min: 1.5131, median: 2.3765, max: 5.2566
[PerplexityIS] Redundancy threshold (p40): 2.1938 → 6589 candidates
[PerplexityIS] Redundant instances: 6589, removing 3953 with beta=0.6
[PerplexityIS] Noise threshold (p70): 2.8283 → 4942 candidates
[PerplexityIS] Noise instances: 4942, removing 988 with theta=0.2
[PerplexityIS] Removed 3953 redundant + 988 noisy = 4941 total instances
[PerplexityIS] Kept 11531 / 16472 (reduction = 30.00%)
[14.346147775650024, 11.552635908126831, 10.994591236114502, 10.704634189605713]
Fold 4
[PerplexityIS] Fitting LDA with 10 topics on 16472 instances …
[PerplexityIS] Perplexity stats — min: 1.5235, median: 2.5530, max: 5.6333
[PerplexityIS] Redundancy threshold (p40): 2.3232 → 6589 candidates
[PerplexityIS] Redundant instances: 6589, removing 3953 with beta=0.6
[PerplexityIS] Noise threshold (p70): 2.9953 → 4942 candidates
[PerplexityIS] Noise instances: 4942, removing 988 with theta=0.2
[PerplexityIS] Removed 3953 redundant + 988 noisy = 4941 total instances
[PerplexityIS] Kept 11531 / 16472 (reduction = 30.00%)
[14.346147775650024, 11.552635908126831, 10.994591236114502, 10.704634189605713, 10.55410623550415]
Fold 5
[PerplexityIS] Fitting LDA with 10 topics on 16472 instances …
[PerplexityIS] Perplexity stats — min: 1.5109, median: 2.5933, max: 5.3841
[PerplexityIS] Redundancy threshold (p40): 2.3635 → 6589 candidates
[PerplexityIS] Redundant instances: 6589, removing 3953 with beta=0.6
[PerplexityIS] Noise threshold (p70): 3.0081 → 4942 candidates
[PerplexityIS] Noise instances: 4942, removing 988 with theta=0.2
[PerplexityIS] Removed 3953 redundant + 988 noisy = 4941 total instances
[PerplexityIS] Kept 11531 / 16472 (reduction = 30.00%)
[14.346147775650024, 11.552635908126831, 10.994591236114502, 10.704634189605713, 10.55410623550415, 9.753434896469116]
Fold 6
[PerplexityIS] Fitting LDA with 10 topics on 16472 instances …
[PerplexityIS] Perplexity stats — min: 1.5268, median: 2.5271, max: 5.7030
[PerplexityIS] Redundancy threshold (p40): 2.2828 → 6589 candidates
[PerplexityIS] Redundant instances: 6589, removing 3953 with beta=0.6
[PerplexityIS] Noise threshold (p70): 2.9987 → 4942 candidates
[PerplexityIS] Noise instances: 4942, removing 988 with theta=0.2
[PerplexityIS] Removed 3953 redundant + 988 noisy = 4941 total instances
[PerplexityIS] Kept 11531 / 16472 (reduction = 30.00%)
[14.346147775650024, 11.552635908126831, 10.994591236114502, 10.704634189605713, 10.55410623550415, 9.753434896469116, 9.234815120697021]
Fold 7
[PerplexityIS] Fitting LDA with 10 topics on 16472 instances …
[PerplexityIS] Perplexity stats — min: 1.4819, median: 2.5589, max: 5.3748
[PerplexityIS] Redundancy threshold (p40): 2.3043 → 6589 candidates
[PerplexityIS] Redundant instances: 6589, removing 3953 with beta=0.6
[PerplexityIS] Noise threshold (p70): 2.9948 → 4942 candidates
[PerplexityIS] Noise instances: 4942, removing 988 with theta=0.2
[PerplexityIS] Removed 3953 redundant + 988 noisy = 4941 total instances
[PerplexityIS] Kept 11531 / 16472 (reduction = 30.00%)
[14.346147775650024, 11.552635908126831, 10.994591236114502, 10.704634189605713, 10.55410623550415, 9.753434896469116, 9.234815120697021, 9.142314910888672]
Fold 8
[PerplexityIS] Fitting LDA with 10 topics on 16472 instances …
[PerplexityIS] Perplexity stats — min: 1.4892, median: 2.6136, max: 5.8053
[PerplexityIS] Redundancy threshold (p40): 2.3928 → 6589 candidates
[PerplexityIS] Redundant instances: 6589, removing 3953 with beta=0.6
[PerplexityIS] Noise threshold (p70): 3.0559 → 4942 candidates
[PerplexityIS] Noise instances: 4942, removing 988 with theta=0.2
[PerplexityIS] Removed 3953 redundant + 988 noisy = 4941 total instances
[PerplexityIS] Kept 11531 / 16472 (reduction = 30.00%)
[14.346147775650024, 11.552635908126831, 10.994591236114502, 10.704634189605713, 10.55410623550415, 9.753434896469116, 9.234815120697021, 9.142314910888672, 9.710296869277954]
Fold 9
[PerplexityIS] Fitting LDA with 10 topics on 16472 instances …
[PerplexityIS] Perplexity stats — min: 1.4788, median: 2.3943, max: 5.2472
[PerplexityIS] Redundancy threshold (p40): 2.2383 → 6589 candidates
[PerplexityIS] Redundant instances: 6589, removing 3953 with beta=0.6
[PerplexityIS] Noise threshold (p70): 2.7917 → 4942 candidates
[PerplexityIS] Noise instances: 4942, removing 988 with theta=0.2
[PerplexityIS] Removed 3953 redundant + 988 noisy = 4941 total instances
[PerplexityIS] Kept 11531 / 16472 (reduction = 30.00%)
[14.346147775650024, 11.552635908126831, 10.994591236114502, 10.704634189605713, 10.55410623550415, 9.753434896469116, 9.234815120697021, 9.142314910888672, 9.710296869277954, 9.022080659866333]
END
  Method: autoencoder-is
Namespace(dataset='ohsumed', method='autoencoder-is', folds=10, save=True, inputrep='tfidf', out='/app/unsupervised-is/resources/outsel', datain='/app/unsupervised-is/resources/datasets', overwrite=1, inputdir='/app/unsupervised-is/resources/datasets/ohsumed/tfidf/', splitdir='/app/unsupervised-is/resources/datasets/ohsumed/splits/', outputdir='/app/unsupervised-is/resources/outsel/selection/ohsumed/', filename='/app/unsupervised-is/resources/outsel/selection/ohsumed//saida_autoencoder-is', start_time='05-06-2026 08:45:14')
/app/unsupervised-is/resources/datasets/ohsumed/splits//split_10.pkl
Fold 0
[AE-IS] Using GPU: NVIDIA A100-SXM4-80GB
[AE-IS] Architecture: 26077 → 20 → 10 → 20 → 26077
[AE-IS] Training autoencoder on 16471 instances (26077 features) for up to 20 epochs …
  Epoch   1/20 — loss: 1.065149 (best: 1.065149)
  Epoch  10/20 — loss: 1.000030 (best: 1.000030)
  Epoch  20/20 — loss: 0.997078 (best: 0.996958)
[AE-IS] Training finished — best loss: 0.996958
[AE-IS] Reconstruction error stats — min: 0.149234, median: 0.917815, max: 3.646258
[AE-IS] Redundant instances: 6588, removing 3952 with beta=0.6
[AE-IS] Noise instances: 4941, removing 988 with theta=0.2
[AE-IS] Removed 3952 redundant + 988 noisy = 4940 total instances
[AE-IS] Kept 11531 / 16471 (reduction = 29.99%)
[27.870704174041748]
Fold 1
[AE-IS] Using GPU: NVIDIA A100-SXM4-80GB
[AE-IS] Architecture: 26012 → 20 → 10 → 20 → 26012
[AE-IS] Training autoencoder on 16471 instances (26012 features) for up to 20 epochs …
  Epoch   1/20 — loss: 1.068369 (best: 1.068369)
  Epoch  10/20 — loss: 1.000068 (best: 1.000068)
  Epoch  20/20 — loss: 0.996445 (best: 0.996445)
[AE-IS] Training finished — best loss: 0.996445
[AE-IS] Reconstruction error stats — min: 0.150008, median: 0.920443, max: 3.610056
[AE-IS] Redundant instances: 6588, removing 3952 with beta=0.6
[AE-IS] Noise instances: 4941, removing 988 with theta=0.2
[AE-IS] Removed 3952 redundant + 988 noisy = 4940 total instances
[AE-IS] Kept 11531 / 16471 (reduction = 29.99%)
[27.870704174041748, 24.295860052108765]
Fold 2
[AE-IS] Using GPU: NVIDIA A100-SXM4-80GB
[AE-IS] Architecture: 26010 → 20 → 10 → 20 → 26010
[AE-IS] Training autoencoder on 16472 instances (26010 features) for up to 20 epochs …
  Epoch   1/20 — loss: 1.065438 (best: 1.065438)
  Epoch  10/20 — loss: 1.000193 (best: 1.000193)
  Epoch  20/20 — loss: 0.995874 (best: 0.995874)
[AE-IS] Training finished — best loss: 0.995874
[AE-IS] Reconstruction error stats — min: 0.149845, median: 0.921463, max: 3.681305
[AE-IS] Redundant instances: 6589, removing 3953 with beta=0.6
[AE-IS] Noise instances: 4942, removing 988 with theta=0.2
[AE-IS] Removed 3953 redundant + 988 noisy = 4941 total instances
[AE-IS] Kept 11531 / 16472 (reduction = 30.00%)
[27.870704174041748, 24.295860052108765, 23.622782945632935]
Fold 3
[AE-IS] Using GPU: NVIDIA A100-SXM4-80GB
[AE-IS] Architecture: 26031 → 20 → 10 → 20 → 26031
[AE-IS] Training autoencoder on 16472 instances (26031 features) for up to 20 epochs …
  Epoch   1/20 — loss: 1.065719 (best: 1.065719)
  Epoch  10/20 — loss: 0.999954 (best: 0.999954)
  Epoch  20/20 — loss: 0.996741 (best: 0.996741)
[AE-IS] Training finished — best loss: 0.996741
[AE-IS] Reconstruction error stats — min: 0.159103, median: 0.919304, max: 3.519565
[AE-IS] Redundant instances: 6589, removing 3953 with beta=0.6
[AE-IS] Noise instances: 4942, removing 988 with theta=0.2
[AE-IS] Removed 3953 redundant + 988 noisy = 4941 total instances
[AE-IS] Kept 11531 / 16472 (reduction = 30.00%)
[27.870704174041748, 24.295860052108765, 23.622782945632935, 23.64097785949707]
Fold 4
[AE-IS] Using GPU: NVIDIA A100-SXM4-80GB
[AE-IS] Architecture: 26106 → 20 → 10 → 20 → 26106
[AE-IS] Training autoencoder on 16472 instances (26106 features) for up to 20 epochs …
  Epoch   1/20 — loss: 1.067610 (best: 1.067610)
  Epoch  10/20 — loss: 1.000199 (best: 1.000199)
  Epoch  20/20 — loss: 0.997137 (best: 0.996903)
[AE-IS] Training finished — best loss: 0.996903
[AE-IS] Reconstruction error stats — min: 0.149120, median: 0.920753, max: 3.655973
[AE-IS] Redundant instances: 6589, removing 3953 with beta=0.6
[AE-IS] Noise instances: 4942, removing 988 with theta=0.2
[AE-IS] Removed 3953 redundant + 988 noisy = 4941 total instances
[AE-IS] Kept 11531 / 16472 (reduction = 30.00%)
[27.870704174041748, 24.295860052108765, 23.622782945632935, 23.64097785949707, 26.670645236968994]
Fold 5
[AE-IS] Using GPU: NVIDIA A100-SXM4-80GB
[AE-IS] Architecture: 26051 → 20 → 10 → 20 → 26051
[AE-IS] Training autoencoder on 16472 instances (26051 features) for up to 20 epochs …
  Epoch   1/20 — loss: 1.066277 (best: 1.066277)
  Epoch  10/20 — loss: 1.000333 (best: 1.000333)
  Epoch  20/20 — loss: 0.996561 (best: 0.996561)
[AE-IS] Training finished — best loss: 0.996561
[AE-IS] Reconstruction error stats — min: 0.148334, median: 0.921188, max: 3.654665
[AE-IS] Redundant instances: 6589, removing 3953 with beta=0.6
[AE-IS] Noise instances: 4942, removing 988 with theta=0.2
[AE-IS] Removed 3953 redundant + 988 noisy = 4941 total instances
[AE-IS] Kept 11531 / 16472 (reduction = 30.00%)
[27.870704174041748, 24.295860052108765, 23.622782945632935, 23.64097785949707, 26.670645236968994, 23.968584537506104]
Fold 6
[AE-IS] Using GPU: NVIDIA A100-SXM4-80GB
[AE-IS] Architecture: 26090 → 20 → 10 → 20 → 26090
[AE-IS] Training autoencoder on 16472 instances (26090 features) for up to 20 epochs …
  Epoch   1/20 — loss: 1.071457 (best: 1.071457)
  Epoch  10/20 — loss: 0.999748 (best: 0.999748)
  Epoch  20/20 — loss: 0.997285 (best: 0.997283)
[AE-IS] Training finished — best loss: 0.997283
[AE-IS] Reconstruction error stats — min: 0.148170, median: 0.920032, max: 3.432716
[AE-IS] Redundant instances: 6589, removing 3953 with beta=0.6
[AE-IS] Noise instances: 4942, removing 988 with theta=0.2
[AE-IS] Removed 3953 redundant + 988 noisy = 4941 total instances
[AE-IS] Kept 11531 / 16472 (reduction = 30.00%)
[27.870704174041748, 24.295860052108765, 23.622782945632935, 23.64097785949707, 26.670645236968994, 23.968584537506104, 26.447388410568237]
Fold 7
[AE-IS] Using GPU: NVIDIA A100-SXM4-80GB
[AE-IS] Architecture: 25983 → 20 → 10 → 20 → 25983
[AE-IS] Training autoencoder on 16472 instances (25983 features) for up to 20 epochs …
  Epoch   1/20 — loss: 1.062357 (best: 1.062357)
  Epoch  10/20 — loss: 1.000472 (best: 1.000472)
  Epoch  20/20 — loss: 0.995992 (best: 0.995992)
[AE-IS] Training finished — best loss: 0.995992
[AE-IS] Reconstruction error stats — min: 0.149787, median: 0.916645, max: 3.638588
[AE-IS] Redundant instances: 6589, removing 3953 with beta=0.6
[AE-IS] Noise instances: 4942, removing 988 with theta=0.2
[AE-IS] Removed 3953 redundant + 988 noisy = 4941 total instances
[AE-IS] Kept 11531 / 16472 (reduction = 30.00%)
[27.870704174041748, 24.295860052108765, 23.622782945632935, 23.64097785949707, 26.670645236968994, 23.968584537506104, 26.447388410568237, 22.398642778396606]
Fold 8
[AE-IS] Using GPU: NVIDIA A100-SXM4-80GB
[AE-IS] Architecture: 26063 → 20 → 10 → 20 → 26063
[AE-IS] Training autoencoder on 16472 instances (26063 features) for up to 20 epochs …
  Epoch   1/20 — loss: 1.062266 (best: 1.062266)
  Epoch  10/20 — loss: 1.000436 (best: 1.000436)
  Epoch  20/20 — loss: 0.996227 (best: 0.996227)
[AE-IS] Training finished — best loss: 0.996227
[AE-IS] Reconstruction error stats — min: 0.148567, median: 0.920820, max: 3.989417
[AE-IS] Redundant instances: 6589, removing 3953 with beta=0.6
[AE-IS] Noise instances: 4942, removing 988 with theta=0.2
[AE-IS] Removed 3953 redundant + 988 noisy = 4941 total instances
[AE-IS] Kept 11531 / 16472 (reduction = 30.00%)
[27.870704174041748, 24.295860052108765, 23.622782945632935, 23.64097785949707, 26.670645236968994, 23.968584537506104, 26.447388410568237, 22.398642778396606, 25.4304256439209]
Fold 9
[AE-IS] Using GPU: NVIDIA A100-SXM4-80GB
[AE-IS] Architecture: 26020 → 20 → 10 → 20 → 26020
[AE-IS] Training autoencoder on 16472 instances (26020 features) for up to 20 epochs …
  Epoch   1/20 — loss: 1.067628 (best: 1.067628)
  Epoch  10/20 — loss: 1.000364 (best: 1.000364)
  Epoch  20/20 — loss: 0.997017 (best: 0.997017)
[AE-IS] Training finished — best loss: 0.997017
[AE-IS] Reconstruction error stats — min: 0.149009, median: 0.921033, max: 3.661395
[AE-IS] Redundant instances: 6589, removing 3953 with beta=0.6
[AE-IS] Noise instances: 4942, removing 988 with theta=0.2
[AE-IS] Removed 3953 redundant + 988 noisy = 4941 total instances
[AE-IS] Kept 11531 / 16472 (reduction = 30.00%)
[27.870704174041748, 24.295860052108765, 23.622782945632935, 23.64097785949707, 26.670645236968994, 23.968584537506104, 26.447388410568237, 22.398642778396606, 25.4304256439209, 24.02396583557129]
END
  Method: gmm-is
Namespace(dataset='ohsumed', method='gmm-is', folds=10, save=True, inputrep='tfidf', out='/app/unsupervised-is/resources/outsel', datain='/app/unsupervised-is/resources/datasets', overwrite=1, inputdir='/app/unsupervised-is/resources/datasets/ohsumed/tfidf/', splitdir='/app/unsupervised-is/resources/datasets/ohsumed/splits/', outputdir='/app/unsupervised-is/resources/outsel/selection/ohsumed/', filename='/app/unsupervised-is/resources/outsel/selection/ohsumed//saida_gmm-is', start_time='05-06-2026 08:49:40')
/app/unsupervised-is/resources/datasets/ohsumed/splits//split_10.pkl
Fold 0
[GMM] Redundant instances: 6588, removing 3952 with beta=0.6
[GMM] Noise instances: 4941, removing 988 with theta=0.2
[GMM] Removed 3952 redundant + 988 noisy = 4940 total instances
[GMM] Kept 11531 / 16471 (reduction = 29.99%)
[35.7684371471405]
Fold 1
[GMM] Redundant instances: 6588, removing 3952 with beta=0.6
[GMM] Noise instances: 4941, removing 988 with theta=0.2
[GMM] Removed 3952 redundant + 988 noisy = 4940 total instances
[GMM] Kept 11531 / 16471 (reduction = 29.99%)
[35.7684371471405, 43.74079084396362]
Fold 2
[GMM] Redundant instances: 6589, removing 3953 with beta=0.6
[GMM] Noise instances: 4942, removing 988 with theta=0.2
[GMM] Removed 3953 redundant + 988 noisy = 4941 total instances
[GMM] Kept 11531 / 16472 (reduction = 30.00%)
[35.7684371471405, 43.74079084396362, 51.91530179977417]
Fold 3
[GMM] Redundant instances: 6589, removing 3953 with beta=0.6
[GMM] Noise instances: 4942, removing 988 with theta=0.2
[GMM] Removed 3953 redundant + 988 noisy = 4941 total instances
[GMM] Kept 11531 / 16472 (reduction = 30.00%)
[35.7684371471405, 43.74079084396362, 51.91530179977417, 45.615216970443726]
Fold 4
[GMM] Redundant instances: 6589, removing 3953 with beta=0.6
[GMM] Noise instances: 4942, removing 988 with theta=0.2
[GMM] Removed 3953 redundant + 988 noisy = 4941 total instances
[GMM] Kept 11531 / 16472 (reduction = 30.00%)
[35.7684371471405, 43.74079084396362, 51.91530179977417, 45.615216970443726, 45.16615009307861]
Fold 5
[GMM] Redundant instances: 6589, removing 3953 with beta=0.6
[GMM] Noise instances: 4942, removing 988 with theta=0.2
[GMM] Removed 3953 redundant + 988 noisy = 4941 total instances
[GMM] Kept 11531 / 16472 (reduction = 30.00%)
[35.7684371471405, 43.74079084396362, 51.91530179977417, 45.615216970443726, 45.16615009307861, 53.34178113937378]
Fold 6
[GMM] Redundant instances: 6589, removing 3953 with beta=0.6
[GMM] Noise instances: 4942, removing 988 with theta=0.2
[GMM] Removed 3953 redundant + 988 noisy = 4941 total instances
[GMM] Kept 11531 / 16472 (reduction = 30.00%)
[35.7684371471405, 43.74079084396362, 51.91530179977417, 45.615216970443726, 45.16615009307861, 53.34178113937378, 96.30719113349915]
Fold 7
[GMM] Redundant instances: 6589, removing 3953 with beta=0.6
[GMM] Noise instances: 4942, removing 988 with theta=0.2
[GMM] Removed 3953 redundant + 988 noisy = 4941 total instances
[GMM] Kept 11531 / 16472 (reduction = 30.00%)
[35.7684371471405, 43.74079084396362, 51.91530179977417, 45.615216970443726, 45.16615009307861, 53.34178113937378, 96.30719113349915, 57.55343985557556]
Fold 8
[GMM] Redundant instances: 6589, removing 3953 with beta=0.6
[GMM] Noise instances: 4942, removing 988 with theta=0.2
[GMM] Removed 3953 redundant + 988 noisy = 4941 total instances
[GMM] Kept 11531 / 16472 (reduction = 30.00%)
[35.7684371471405, 43.74079084396362, 51.91530179977417, 45.615216970443726, 45.16615009307861, 53.34178113937378, 96.30719113349915, 57.55343985557556, 89.86929273605347]
Fold 9
[GMM] Redundant instances: 6589, removing 3953 with beta=0.6
[GMM] Noise instances: 4942, removing 988 with theta=0.2
[GMM] Removed 3953 redundant + 988 noisy = 4941 total instances
[GMM] Kept 11531 / 16472 (reduction = 30.00%)
[35.7684371471405, 43.74079084396362, 51.91530179977417, 45.615216970443726, 45.16615009307861, 53.34178113937378, 96.30719113349915, 57.55343985557556, 89.86929273605347, 55.670679330825806]
END
  Method: adaptive-perplexity
Namespace(dataset='ohsumed', method='adaptive-perplexity', folds=10, save=True, inputrep='tfidf', out='/app/unsupervised-is/resources/outsel', datain='/app/unsupervised-is/resources/datasets', overwrite=1, inputdir='/app/unsupervised-is/resources/datasets/ohsumed/tfidf/', splitdir='/app/unsupervised-is/resources/datasets/ohsumed/splits/', outputdir='/app/unsupervised-is/resources/outsel/selection/ohsumed/', filename='/app/unsupervised-is/resources/outsel/selection/ohsumed//saida_adaptive-perplexity', start_time='05-06-2026 08:59:30')
/app/unsupervised-is/resources/datasets/ohsumed/splits//split_10.pkl
Fold 0
[Adaptive-IS] Step 1 — computing scores via 'perplexity' …
[PerplexityIS] Fitting LDA with 10 topics on 16471 instances …
[PerplexityIS] Perplexity stats — min: 1.5462, median: 2.5905, max: 5.5391
[PerplexityIS] Redundancy threshold (p0.0): 1.5462 → 0 candidates
[PerplexityIS] Noise threshold (p100.0): 5.5391 → 0 candidates
[PerplexityIS] Removed 0 redundant + 0 noisy = 0 total instances
[PerplexityIS] Kept 16471 / 16471 (reduction = 0.00%)
[Adaptive-IS] Score stats — min: 1.5462, median: 2.5905, max: 5.5391
[Adaptive-IS] Step 2 — estimating thresholds via 'gmm_boundary' …
[Adaptive-IS] Estimated params — low_percentile=47.7, high_percentile=88.5, beta=0.600, theta=0.195, imbalance_proxy=0.222
[Adaptive-IS] GMM component means: [2.0389549493329473, 2.8839633402156615, 3.6972620662613283]
[Adaptive-IS] Step 3 — applying selection …
[Adaptive-IS] Redundant candidates: 7853, removing 4711 (beta=0.600)
[Adaptive-IS] Noise candidates: 1902, removing 370 (theta=0.195)
[Adaptive-IS] Removed 5081 instances — kept 11390 / 16471 (reduction = 30.85%)
[14.806276082992554]
Fold 1
[Adaptive-IS] Step 1 — computing scores via 'perplexity' …
[PerplexityIS] Fitting LDA with 10 topics on 16471 instances …
[PerplexityIS] Perplexity stats — min: 1.5147, median: 2.5363, max: 5.5920
[PerplexityIS] Redundancy threshold (p0.0): 1.5147 → 0 candidates
[PerplexityIS] Noise threshold (p100.0): 5.5920 → 0 candidates
[PerplexityIS] Removed 0 redundant + 0 noisy = 0 total instances
[PerplexityIS] Kept 16471 / 16471 (reduction = 0.00%)
[Adaptive-IS] Score stats — min: 1.5147, median: 2.5363, max: 5.5920
[Adaptive-IS] Step 2 — estimating thresholds via 'gmm_boundary' …
[Adaptive-IS] Estimated params — low_percentile=45.7, high_percentile=91.7, beta=0.600, theta=0.189, imbalance_proxy=0.215
[Adaptive-IS] GMM component means: [1.9751101822103325, 2.8791936580480293, 3.517022646952708]
[Adaptive-IS] Step 3 — applying selection …
[Adaptive-IS] Redundant candidates: 7532, removing 4519 (beta=0.600)
[Adaptive-IS] Noise candidates: 1364, removing 257 (theta=0.189)
[Adaptive-IS] Removed 4776 instances — kept 11695 / 16471 (reduction = 29.00%)
[14.806276082992554, 13.567072629928589]
Fold 2
[Adaptive-IS] Step 1 — computing scores via 'perplexity' …
[PerplexityIS] Fitting LDA with 10 topics on 16472 instances …
[PerplexityIS] Perplexity stats — min: 1.5460, median: 2.9059, max: 6.2281
[PerplexityIS] Redundancy threshold (p0.0): 1.5460 → 0 candidates
[PerplexityIS] Noise threshold (p100.0): 6.2281 → 0 candidates
[PerplexityIS] Removed 0 redundant + 0 noisy = 0 total instances
[PerplexityIS] Kept 16472 / 16472 (reduction = 0.00%)
[Adaptive-IS] Score stats — min: 1.5460, median: 2.9059, max: 6.2281
[Adaptive-IS] Step 2 — estimating thresholds via 'gmm_boundary' …
[Adaptive-IS] Estimated params — low_percentile=39.5, high_percentile=83.4, beta=0.507, theta=0.261, imbalance_proxy=0.237
[Adaptive-IS] GMM component means: [2.087821153002572, 3.021772557222849, 3.925260499194453]
[Adaptive-IS] Step 3 — applying selection …
[Adaptive-IS] Redundant candidates: 6505, removing 3299 (beta=0.507)
[Adaptive-IS] Noise candidates: 2736, removing 714 (theta=0.261)
[Adaptive-IS] Removed 4013 instances — kept 12459 / 16472 (reduction = 24.36%)
[14.806276082992554, 13.567072629928589, 13.484077215194702]
Fold 3
[Adaptive-IS] Step 1 — computing scores via 'perplexity' …
[PerplexityIS] Fitting LDA with 10 topics on 16472 instances …
[PerplexityIS] Perplexity stats — min: 1.5131, median: 2.3765, max: 5.2566
[PerplexityIS] Redundancy threshold (p0.0): 1.5131 → 0 candidates
[PerplexityIS] Noise threshold (p100.0): 5.2566 → 0 candidates
[PerplexityIS] Removed 0 redundant + 0 noisy = 0 total instances
[PerplexityIS] Kept 16472 / 16472 (reduction = 0.00%)
[Adaptive-IS] Score stats — min: 1.5131, median: 2.3765, max: 5.2566
[Adaptive-IS] Step 2 — estimating thresholds via 'gmm_boundary' …
[Adaptive-IS] Estimated params — low_percentile=51.5, high_percentile=90.9, beta=0.600, theta=0.176, imbalance_proxy=0.212
[Adaptive-IS] GMM component means: [1.9719445745051507, 2.7509841042390613, 3.501619183174603]
[Adaptive-IS] Step 3 — applying selection …
[Adaptive-IS] Redundant candidates: 8475, removing 5085 (beta=0.600)
[Adaptive-IS] Noise candidates: 1501, removing 264 (theta=0.176)
[Adaptive-IS] Removed 5349 instances — kept 11123 / 16472 (reduction = 32.47%)
[14.806276082992554, 13.567072629928589, 13.484077215194702, 12.992308139801025]
Fold 4
[Adaptive-IS] Step 1 — computing scores via 'perplexity' …
[PerplexityIS] Fitting LDA with 10 topics on 16472 instances …
[PerplexityIS] Perplexity stats — min: 1.5235, median: 2.5530, max: 5.6333
[PerplexityIS] Redundancy threshold (p0.0): 1.5235 → 0 candidates
[PerplexityIS] Noise threshold (p100.0): 5.6333 → 0 candidates
[PerplexityIS] Removed 0 redundant + 0 noisy = 0 total instances
[PerplexityIS] Kept 16472 / 16472 (reduction = 0.00%)
[Adaptive-IS] Score stats — min: 1.5235, median: 2.5530, max: 5.6333
[Adaptive-IS] Step 2 — estimating thresholds via 'gmm_boundary' …
[Adaptive-IS] Estimated params — low_percentile=47.2, high_percentile=89.3, beta=0.600, theta=0.191, imbalance_proxy=0.222
[Adaptive-IS] GMM component means: [2.0037205592663825, 2.8741872171778837, 3.6519053385642666]
[Adaptive-IS] Step 3 — applying selection …
[Adaptive-IS] Redundant candidates: 7778, removing 4666 (beta=0.600)
[Adaptive-IS] Noise candidates: 1763, removing 336 (theta=0.191)
[Adaptive-IS] Removed 5002 instances — kept 11470 / 16472 (reduction = 30.37%)
[14.806276082992554, 13.567072629928589, 13.484077215194702, 12.992308139801025, 12.143656730651855]
Fold 5
[Adaptive-IS] Step 1 — computing scores via 'perplexity' …
[PerplexityIS] Fitting LDA with 10 topics on 16472 instances …
[PerplexityIS] Perplexity stats — min: 1.5109, median: 2.5933, max: 5.3841
[PerplexityIS] Redundancy threshold (p0.0): 1.5109 → 0 candidates
[PerplexityIS] Noise threshold (p100.0): 5.3841 → 0 candidates
[PerplexityIS] Removed 0 redundant + 0 noisy = 0 total instances
[PerplexityIS] Kept 16472 / 16472 (reduction = 0.00%)
[Adaptive-IS] Score stats — min: 1.5109, median: 2.5933, max: 5.3841
[Adaptive-IS] Step 2 — estimating thresholds via 'gmm_boundary' …
[Adaptive-IS] Estimated params — low_percentile=46.3, high_percentile=89.5, beta=0.600, theta=0.193, imbalance_proxy=0.218
[Adaptive-IS] GMM component means: [2.021458892684997, 2.8860554302390597, 3.6287655408245807]
[Adaptive-IS] Step 3 — applying selection …
[Adaptive-IS] Redundant candidates: 7624, removing 4574 (beta=0.600)
[Adaptive-IS] Noise candidates: 1726, removing 332 (theta=0.193)
[Adaptive-IS] Removed 4906 instances — kept 11566 / 16472 (reduction = 29.78%)
[14.806276082992554, 13.567072629928589, 13.484077215194702, 12.992308139801025, 12.143656730651855, 11.86786937713623]
Fold 6
[Adaptive-IS] Step 1 — computing scores via 'perplexity' …
[PerplexityIS] Fitting LDA with 10 topics on 16472 instances …
[PerplexityIS] Perplexity stats — min: 1.5268, median: 2.5271, max: 5.7030
[PerplexityIS] Redundancy threshold (p0.0): 1.5268 → 0 candidates
[PerplexityIS] Noise threshold (p100.0): 5.7030 → 0 candidates
[PerplexityIS] Removed 0 redundant + 0 noisy = 0 total instances
[PerplexityIS] Kept 16472 / 16472 (reduction = 0.00%)
[Adaptive-IS] Score stats — min: 1.5268, median: 2.5271, max: 5.7030
[Adaptive-IS] Step 2 — estimating thresholds via 'gmm_boundary' …
[Adaptive-IS] Estimated params — low_percentile=45.6, high_percentile=90.2, beta=0.600, theta=0.193, imbalance_proxy=0.224
[Adaptive-IS] GMM component means: [1.962199145479546, 2.8710300603291565, 3.636856583070517]
[Adaptive-IS] Step 3 — applying selection …
[Adaptive-IS] Redundant candidates: 7509, removing 4505 (beta=0.600)
[Adaptive-IS] Noise candidates: 1607, removing 309 (theta=0.193)
[Adaptive-IS] Removed 4814 instances — kept 11658 / 16472 (reduction = 29.23%)
[14.806276082992554, 13.567072629928589, 13.484077215194702, 12.992308139801025, 12.143656730651855, 11.86786937713623, 13.39712929725647]
Fold 7
[Adaptive-IS] Step 1 — computing scores via 'perplexity' …
[PerplexityIS] Fitting LDA with 10 topics on 16472 instances …
[PerplexityIS] Perplexity stats — min: 1.4819, median: 2.5589, max: 5.3748
[PerplexityIS] Redundancy threshold (p0.0): 1.4819 → 0 candidates
[PerplexityIS] Noise threshold (p100.0): 5.3748 → 0 candidates
[PerplexityIS] Removed 0 redundant + 0 noisy = 0 total instances
[PerplexityIS] Kept 16472 / 16472 (reduction = 0.00%)
[Adaptive-IS] Score stats — min: 1.4819, median: 2.5589, max: 5.3748
[Adaptive-IS] Step 2 — estimating thresholds via 'gmm_boundary' …
[Adaptive-IS] Estimated params — low_percentile=43.9, high_percentile=91.1, beta=0.600, theta=0.179, imbalance_proxy=0.217
[Adaptive-IS] GMM component means: [1.963053815136239, 2.8780829161697894, 3.570821696288951]
[Adaptive-IS] Step 3 — applying selection …
[Adaptive-IS] Redundant candidates: 7237, removing 4342 (beta=0.600)
[Adaptive-IS] Noise candidates: 1474, removing 263 (theta=0.179)
[Adaptive-IS] Removed 4605 instances — kept 11867 / 16472 (reduction = 27.96%)
[14.806276082992554, 13.567072629928589, 13.484077215194702, 12.992308139801025, 12.143656730651855, 11.86786937713623, 13.39712929725647, 12.423463821411133]
Fold 8
[Adaptive-IS] Step 1 — computing scores via 'perplexity' …
[PerplexityIS] Fitting LDA with 10 topics on 16472 instances …
[PerplexityIS] Perplexity stats — min: 1.4892, median: 2.6136, max: 5.8053
[PerplexityIS] Redundancy threshold (p0.0): 1.4892 → 0 candidates
[PerplexityIS] Noise threshold (p100.0): 5.8053 → 0 candidates
[PerplexityIS] Removed 0 redundant + 0 noisy = 0 total instances
[PerplexityIS] Kept 16472 / 16472 (reduction = 0.00%)
[Adaptive-IS] Score stats — min: 1.4892, median: 2.6136, max: 5.8053
[Adaptive-IS] Step 2 — estimating thresholds via 'gmm_boundary' …
[Adaptive-IS] Estimated params — low_percentile=45.9, high_percentile=88.1, beta=0.600, theta=0.214, imbalance_proxy=0.226
[Adaptive-IS] GMM component means: [2.023189659517883, 2.898401289731124, 3.7037779548554273]
[Adaptive-IS] Step 3 — applying selection …
[Adaptive-IS] Redundant candidates: 7560, removing 4536 (beta=0.600)
[Adaptive-IS] Noise candidates: 1966, removing 421 (theta=0.214)
[Adaptive-IS] Removed 4957 instances — kept 11515 / 16472 (reduction = 30.09%)
[14.806276082992554, 13.567072629928589, 13.484077215194702, 12.992308139801025, 12.143656730651855, 11.86786937713623, 13.39712929725647, 12.423463821411133, 12.514097690582275]
Fold 9
[Adaptive-IS] Step 1 — computing scores via 'perplexity' …
[PerplexityIS] Fitting LDA with 10 topics on 16472 instances …
[PerplexityIS] Perplexity stats — min: 1.4788, median: 2.3943, max: 5.2472
[PerplexityIS] Redundancy threshold (p0.0): 1.4788 → 0 candidates
[PerplexityIS] Noise threshold (p100.0): 5.2472 → 0 candidates
[PerplexityIS] Removed 0 redundant + 0 noisy = 0 total instances
[PerplexityIS] Kept 16472 / 16472 (reduction = 0.00%)
[Adaptive-IS] Score stats — min: 1.4788, median: 2.3943, max: 5.2472
[Adaptive-IS] Step 2 — estimating thresholds via 'gmm_boundary' …
[Adaptive-IS] Estimated params — low_percentile=53.0, high_percentile=90.8, beta=0.600, theta=0.208, imbalance_proxy=0.204
[Adaptive-IS] GMM component means: [2.004158686609765, 2.69537733235257, 3.3406125954175696]
[Adaptive-IS] Step 3 — applying selection …
[Adaptive-IS] Redundant candidates: 8727, removing 5236 (beta=0.600)
[Adaptive-IS] Noise candidates: 1514, removing 315 (theta=0.208)
[Adaptive-IS] Removed 5551 instances — kept 10921 / 16472 (reduction = 33.70%)
[14.806276082992554, 13.567072629928589, 13.484077215194702, 12.992308139801025, 12.143656730651855, 11.86786937713623, 13.39712929725647, 12.423463821411133, 12.514097690582275, 13.062391757965088]
END
  Method: adaptive-v2-perplexity
Namespace(dataset='ohsumed', method='adaptive-v2-perplexity', folds=10, save=True, inputrep='tfidf', out='/app/unsupervised-is/resources/outsel', datain='/app/unsupervised-is/resources/datasets', overwrite=1, inputdir='/app/unsupervised-is/resources/datasets/ohsumed/tfidf/', splitdir='/app/unsupervised-is/resources/datasets/ohsumed/splits/', outputdir='/app/unsupervised-is/resources/outsel/selection/ohsumed/', filename='/app/unsupervised-is/resources/outsel/selection/ohsumed//saida_adaptive-v2-perplexity', start_time='05-06-2026 09:01:55')
/app/unsupervised-is/resources/datasets/ohsumed/splits//split_10.pkl
Fold 0
[AdaptiveV2-IS] Step 1 — scoring via 'perplexity' …
[PerplexityIS] Fitting LDA with 10 topics on 16471 instances …
[PerplexityIS] Perplexity stats — min: 1.5462, median: 2.5905, max: 5.5391
[PerplexityIS] Redundancy threshold (p0.0): 1.5462 → 0 candidates
[PerplexityIS] Noise threshold (p100.0): 5.5391 → 0 candidates
[PerplexityIS] Removed 0 redundant + 0 noisy = 0 total instances
[PerplexityIS] Kept 16471 / 16471 (reduction = 0.00%)
[AdaptiveV2-IS] Score stats — min: 1.5462, p25: 2.0861, median: 2.5905, p75: 3.1045, max: 5.5391
[AdaptiveV2-IS] Step 2 — estimating params via quartile density …
[AdaptiveV2-IS] Quartile widths: Q1_frac=0.135, Q2_frac=0.126, total_range=3.9930
[AdaptiveV2-IS] Params: beta_q1=0.700, beta_q2=0.600, theta=0.233, imbalance_proxy=0.222
[AdaptiveV2-IS] Step 3 — applying quartile selection …
[AdaptiveV2-IS] Q1 (4118 instances): removing 2882 (beta_q1=0.700, uniform)
[AdaptiveV2-IS] Q2 (4118 instances): removing 2470 (beta_q2=0.600, uniform)
[AdaptiveV2-IS] Q4 (4118 instances): removing 960 (theta=0.233, weighted)
[AdaptiveV2-IS] Done — removed 6312 / 16471 (reduction = 38.32%)
[13.310492753982544]
Fold 1
[AdaptiveV2-IS] Step 1 — scoring via 'perplexity' …
[PerplexityIS] Fitting LDA with 10 topics on 16471 instances …
[PerplexityIS] Perplexity stats — min: 1.5147, median: 2.5363, max: 5.5920
[PerplexityIS] Redundancy threshold (p0.0): 1.5147 → 0 candidates
[PerplexityIS] Noise threshold (p100.0): 5.5920 → 0 candidates
[PerplexityIS] Removed 0 redundant + 0 noisy = 0 total instances
[PerplexityIS] Kept 16471 / 16471 (reduction = 0.00%)
[AdaptiveV2-IS] Score stats — min: 1.5147, p25: 1.9978, median: 2.5363, p75: 3.0712, max: 5.5920
[AdaptiveV2-IS] Step 2 — estimating params via quartile density …
[AdaptiveV2-IS] Quartile widths: Q1_frac=0.119, Q2_frac=0.132, total_range=4.0774
[AdaptiveV2-IS] Params: beta_q1=0.700, beta_q2=0.600, theta=0.236, imbalance_proxy=0.215
[AdaptiveV2-IS] Step 3 — applying quartile selection …
[AdaptiveV2-IS] Q1 (4118 instances): removing 2882 (beta_q1=0.700, uniform)
[AdaptiveV2-IS] Q2 (4118 instances): removing 2470 (beta_q2=0.600, uniform)
[AdaptiveV2-IS] Q4 (4118 instances): removing 969 (theta=0.236, weighted)
[AdaptiveV2-IS] Done — removed 6321 / 16471 (reduction = 38.38%)
[13.310492753982544, 11.221179485321045]
Fold 2
[AdaptiveV2-IS] Step 1 — scoring via 'perplexity' …
[PerplexityIS] Fitting LDA with 10 topics on 16472 instances …
[PerplexityIS] Perplexity stats — min: 1.5460, median: 2.9059, max: 6.2281
[PerplexityIS] Redundancy threshold (p0.0): 1.5460 → 0 candidates
[PerplexityIS] Noise threshold (p100.0): 6.2281 → 0 candidates
[PerplexityIS] Removed 0 redundant + 0 noisy = 0 total instances
[PerplexityIS] Kept 16472 / 16472 (reduction = 0.00%)
[AdaptiveV2-IS] Score stats — min: 1.5460, p25: 2.2841, median: 2.9059, p75: 3.4162, max: 6.2281
[AdaptiveV2-IS] Step 2 — estimating params via quartile density …
[AdaptiveV2-IS] Quartile widths: Q1_frac=0.158, Q2_frac=0.133, total_range=4.6821
[AdaptiveV2-IS] Params: beta_q1=0.700, beta_q2=0.600, theta=0.229, imbalance_proxy=0.237
[AdaptiveV2-IS] Step 3 — applying quartile selection …
[AdaptiveV2-IS] Q1 (4118 instances): removing 2882 (beta_q1=0.700, uniform)
[AdaptiveV2-IS] Q2 (4118 instances): removing 2470 (beta_q2=0.600, uniform)
[AdaptiveV2-IS] Q4 (4118 instances): removing 942 (theta=0.229, weighted)
[AdaptiveV2-IS] Done — removed 6294 / 16472 (reduction = 38.21%)
[13.310492753982544, 11.221179485321045, 11.851583480834961]
Fold 3
[AdaptiveV2-IS] Step 1 — scoring via 'perplexity' …
[PerplexityIS] Fitting LDA with 10 topics on 16472 instances …
[PerplexityIS] Perplexity stats — min: 1.5131, median: 2.3765, max: 5.2566
[PerplexityIS] Redundancy threshold (p0.0): 1.5131 → 0 candidates
[PerplexityIS] Noise threshold (p100.0): 5.2566 → 0 candidates
[PerplexityIS] Removed 0 redundant + 0 noisy = 0 total instances
[PerplexityIS] Kept 16472 / 16472 (reduction = 0.00%)
[AdaptiveV2-IS] Score stats — min: 1.5131, p25: 1.9651, median: 2.3765, p75: 2.9330, max: 5.2566
[AdaptiveV2-IS] Step 2 — estimating params via quartile density …
[AdaptiveV2-IS] Quartile widths: Q1_frac=0.121, Q2_frac=0.110, total_range=3.7435
[AdaptiveV2-IS] Params: beta_q1=0.700, beta_q2=0.600, theta=0.236, imbalance_proxy=0.212
[AdaptiveV2-IS] Step 3 — applying quartile selection …
[AdaptiveV2-IS] Q1 (4118 instances): removing 2882 (beta_q1=0.700, uniform)
[AdaptiveV2-IS] Q2 (4118 instances): removing 2470 (beta_q2=0.600, uniform)
[AdaptiveV2-IS] Q4 (4118 instances): removing 973 (theta=0.236, weighted)
[AdaptiveV2-IS] Done — removed 6325 / 16472 (reduction = 38.40%)
[13.310492753982544, 11.221179485321045, 11.851583480834961, 10.292082071304321]
Fold 4
[AdaptiveV2-IS] Step 1 — scoring via 'perplexity' …
[PerplexityIS] Fitting LDA with 10 topics on 16472 instances …
[PerplexityIS] Perplexity stats — min: 1.5235, median: 2.5530, max: 5.6333
[PerplexityIS] Redundancy threshold (p0.0): 1.5235 → 0 candidates
[PerplexityIS] Noise threshold (p100.0): 5.6333 → 0 candidates
[PerplexityIS] Removed 0 redundant + 0 noisy = 0 total instances
[PerplexityIS] Kept 16472 / 16472 (reduction = 0.00%)
[AdaptiveV2-IS] Score stats — min: 1.5235, p25: 2.0350, median: 2.5530, p75: 3.0914, max: 5.6333
[AdaptiveV2-IS] Step 2 — estimating params via quartile density …
[AdaptiveV2-IS] Quartile widths: Q1_frac=0.124, Q2_frac=0.126, total_range=4.1098
[AdaptiveV2-IS] Params: beta_q1=0.700, beta_q2=0.600, theta=0.233, imbalance_proxy=0.222
[AdaptiveV2-IS] Step 3 — applying quartile selection …
[AdaptiveV2-IS] Q1 (4118 instances): removing 2882 (beta_q1=0.700, uniform)
[AdaptiveV2-IS] Q2 (4118 instances): removing 2470 (beta_q2=0.600, uniform)
[AdaptiveV2-IS] Q4 (4118 instances): removing 961 (theta=0.233, weighted)
[AdaptiveV2-IS] Done — removed 6313 / 16472 (reduction = 38.33%)
[13.310492753982544, 11.221179485321045, 11.851583480834961, 10.292082071304321, 10.036936044692993]
Fold 5
[AdaptiveV2-IS] Step 1 — scoring via 'perplexity' …
[PerplexityIS] Fitting LDA with 10 topics on 16472 instances …
[PerplexityIS] Perplexity stats — min: 1.5109, median: 2.5933, max: 5.3841
[PerplexityIS] Redundancy threshold (p0.0): 1.5109 → 0 candidates
[PerplexityIS] Noise threshold (p100.0): 5.3841 → 0 candidates
[PerplexityIS] Removed 0 redundant + 0 noisy = 0 total instances
[PerplexityIS] Kept 16472 / 16472 (reduction = 0.00%)
[AdaptiveV2-IS] Score stats — min: 1.5109, p25: 2.0677, median: 2.5933, p75: 3.1001, max: 5.3841
[AdaptiveV2-IS] Step 2 — estimating params via quartile density …
[AdaptiveV2-IS] Quartile widths: Q1_frac=0.144, Q2_frac=0.136, total_range=3.8732
[AdaptiveV2-IS] Params: beta_q1=0.700, beta_q2=0.600, theta=0.235, imbalance_proxy=0.218
[AdaptiveV2-IS] Step 3 — applying quartile selection …
[AdaptiveV2-IS] Q1 (4118 instances): removing 2882 (beta_q1=0.700, uniform)
[AdaptiveV2-IS] Q2 (4118 instances): removing 2470 (beta_q2=0.600, uniform)
[AdaptiveV2-IS] Q4 (4118 instances): removing 965 (theta=0.235, weighted)
[AdaptiveV2-IS] Done — removed 6317 / 16472 (reduction = 38.35%)
[13.310492753982544, 11.221179485321045, 11.851583480834961, 10.292082071304321, 10.036936044692993, 9.556902170181274]
Fold 6
[AdaptiveV2-IS] Step 1 — scoring via 'perplexity' …
[PerplexityIS] Fitting LDA with 10 topics on 16472 instances …
[PerplexityIS] Perplexity stats — min: 1.5268, median: 2.5271, max: 5.7030
[PerplexityIS] Redundancy threshold (p0.0): 1.5268 → 0 candidates
[PerplexityIS] Noise threshold (p100.0): 5.7030 → 0 candidates
[PerplexityIS] Removed 0 redundant + 0 noisy = 0 total instances
[PerplexityIS] Kept 16472 / 16472 (reduction = 0.00%)
[AdaptiveV2-IS] Score stats — min: 1.5268, p25: 1.9894, median: 2.5271, p75: 3.0989, max: 5.7030
[AdaptiveV2-IS] Step 2 — estimating params via quartile density …
[AdaptiveV2-IS] Quartile widths: Q1_frac=0.111, Q2_frac=0.129, total_range=4.1762
[AdaptiveV2-IS] Params: beta_q1=0.700, beta_q2=0.600, theta=0.233, imbalance_proxy=0.224
[AdaptiveV2-IS] Step 3 — applying quartile selection …
[AdaptiveV2-IS] Q1 (4118 instances): removing 2882 (beta_q1=0.700, uniform)
[AdaptiveV2-IS] Q2 (4118 instances): removing 2470 (beta_q2=0.600, uniform)
[AdaptiveV2-IS] Q4 (4118 instances): removing 958 (theta=0.233, weighted)
[AdaptiveV2-IS] Done — removed 6310 / 16472 (reduction = 38.31%)
[13.310492753982544, 11.221179485321045, 11.851583480834961, 10.292082071304321, 10.036936044692993, 9.556902170181274, 9.507877349853516]
Fold 7
[AdaptiveV2-IS] Step 1 — scoring via 'perplexity' …
[PerplexityIS] Fitting LDA with 10 topics on 16472 instances …
[PerplexityIS] Perplexity stats — min: 1.4819, median: 2.5589, max: 5.3748
[PerplexityIS] Redundancy threshold (p0.0): 1.4819 → 0 candidates
[PerplexityIS] Noise threshold (p100.0): 5.3748 → 0 candidates
[PerplexityIS] Removed 0 redundant + 0 noisy = 0 total instances
[PerplexityIS] Kept 16472 / 16472 (reduction = 0.00%)
[AdaptiveV2-IS] Score stats — min: 1.4819, p25: 1.9961, median: 2.5589, p75: 3.0730, max: 5.3748
[AdaptiveV2-IS] Step 2 — estimating params via quartile density …
[AdaptiveV2-IS] Quartile widths: Q1_frac=0.132, Q2_frac=0.145, total_range=3.8930
[AdaptiveV2-IS] Params: beta_q1=0.700, beta_q2=0.600, theta=0.235, imbalance_proxy=0.217
[AdaptiveV2-IS] Step 3 — applying quartile selection …
[AdaptiveV2-IS] Q1 (4118 instances): removing 2882 (beta_q1=0.700, uniform)
[AdaptiveV2-IS] Q2 (4118 instances): removing 2470 (beta_q2=0.600, uniform)
[AdaptiveV2-IS] Q4 (4118 instances): removing 967 (theta=0.235, weighted)
[AdaptiveV2-IS] Done — removed 6319 / 16472 (reduction = 38.36%)
[13.310492753982544, 11.221179485321045, 11.851583480834961, 10.292082071304321, 10.036936044692993, 9.556902170181274, 9.507877349853516, 9.610826969146729]
Fold 8
[AdaptiveV2-IS] Step 1 — scoring via 'perplexity' …
[PerplexityIS] Fitting LDA with 10 topics on 16472 instances …
[PerplexityIS] Perplexity stats — min: 1.4892, median: 2.6136, max: 5.8053
[PerplexityIS] Redundancy threshold (p0.0): 1.4892 → 0 candidates
[PerplexityIS] Noise threshold (p100.0): 5.8053 → 0 candidates
[PerplexityIS] Removed 0 redundant + 0 noisy = 0 total instances
[PerplexityIS] Kept 16472 / 16472 (reduction = 0.00%)
[AdaptiveV2-IS] Score stats — min: 1.4892, p25: 2.0762, median: 2.6136, p75: 3.1642, max: 5.8053
[AdaptiveV2-IS] Step 2 — estimating params via quartile density …
[AdaptiveV2-IS] Quartile widths: Q1_frac=0.136, Q2_frac=0.125, total_range=4.3161
[AdaptiveV2-IS] Params: beta_q1=0.700, beta_q2=0.600, theta=0.232, imbalance_proxy=0.226
[AdaptiveV2-IS] Step 3 — applying quartile selection …
[AdaptiveV2-IS] Q1 (4118 instances): removing 2882 (beta_q1=0.700, uniform)
[AdaptiveV2-IS] Q2 (4118 instances): removing 2470 (beta_q2=0.600, uniform)
[AdaptiveV2-IS] Q4 (4118 instances): removing 955 (theta=0.232, weighted)
[AdaptiveV2-IS] Done — removed 6307 / 16472 (reduction = 38.29%)
[13.310492753982544, 11.221179485321045, 11.851583480834961, 10.292082071304321, 10.036936044692993, 9.556902170181274, 9.507877349853516, 9.610826969146729, 9.482041597366333]
Fold 9
[AdaptiveV2-IS] Step 1 — scoring via 'perplexity' …
[PerplexityIS] Fitting LDA with 10 topics on 16472 instances …
[PerplexityIS] Perplexity stats — min: 1.4788, median: 2.3943, max: 5.2472
[PerplexityIS] Redundancy threshold (p0.0): 1.4788 → 0 candidates
[PerplexityIS] Noise threshold (p100.0): 5.2472 → 0 candidates
[PerplexityIS] Removed 0 redundant + 0 noisy = 0 total instances
[PerplexityIS] Kept 16472 / 16472 (reduction = 0.00%)
[AdaptiveV2-IS] Score stats — min: 1.4788, p25: 2.0200, median: 2.3943, p75: 2.9067, max: 5.2472
[AdaptiveV2-IS] Step 2 — estimating params via quartile density …
[AdaptiveV2-IS] Quartile widths: Q1_frac=0.144, Q2_frac=0.099, total_range=3.7684
[AdaptiveV2-IS] Params: beta_q1=0.700, beta_q2=0.600, theta=0.239, imbalance_proxy=0.204
[AdaptiveV2-IS] Step 3 — applying quartile selection …
[AdaptiveV2-IS] Q1 (4118 instances): removing 2882 (beta_q1=0.700, uniform)
[AdaptiveV2-IS] Q2 (4118 instances): removing 2470 (beta_q2=0.600, uniform)
[AdaptiveV2-IS] Q4 (4118 instances): removing 983 (theta=0.239, weighted)
[AdaptiveV2-IS] Done — removed 6335 / 16472 (reduction = 38.46%)
[13.310492753982544, 11.221179485321045, 11.851583480834961, 10.292082071304321, 10.036936044692993, 9.556902170181274, 9.507877349853516, 9.610826969146729, 9.482041597366333, 8.77111005783081]
END

=================================================
Step 2: Generating summary (read_selection_ci.py)
=================================================
20ng:
    - no-is: time=0.010 ±0.001 (n=10)  reduction=0.0000 ±0.0000 (n=10)
    - perplexity-is: time=16.459 ±1.420 (n=10)  reduction=0.3000 ±0.0000 (n=10)
    - biois: time=228.568 ±11.796 (n=10)  reduction=0.3195 ±0.0004 (n=10)

movie_review:
    - no-is: time=0.005 ±0.000 (n=10)  reduction=0.0000 ±0.0000 (n=10)
    - biois: time=0.595 ±0.009 (n=10)  reduction=0.3728 ±0.0008 (n=10)
    - perplexity-is: time=5.388 ±0.684 (n=10)  reduction=0.2998 ±0.0000 (n=10)
    - adaptive-v2-perplexity: time=5.511 ±0.675 (n=10)  reduction=0.3863 ±0.0001 (n=10)
    - adaptive-perplexity: time=5.631 ±0.814 (n=10)  reduction=0.3767 ±0.0029 (n=10)
    - autoencoder-is: time=8.749 ±0.708 (n=10)  reduction=0.2998 ±0.0000 (n=10)
    - gmm-is: time=18.689 ±4.944 (n=10)  reduction=0.2998 ±0.0000 (n=10)

mpqa:
    - no-is: time=0.005 ±0.000 (n=10)  reduction=0.0000 ±0.0000 (n=10)
    - biois: time=0.533 ±0.008 (n=10)  reduction=0.3467 ±0.0006 (n=10)
    - adaptive-v2-perplexity: time=3.606 ±0.668 (n=10)  reduction=0.3670 ±0.0021 (n=10)
    - perplexity-is: time=3.667 ±0.644 (n=10)  reduction=0.2996 ±0.0001 (n=10)
    - adaptive-perplexity: time=3.734 ±0.805 (n=10)  reduction=0.0858 ±0.0012 (n=10)
    - autoencoder-is: time=6.803 ±0.345 (n=10)  reduction=0.2998 ±0.0001 (n=10)
    - gmm-is: time=11.579 ±5.387 (n=10)  reduction=0.2998 ±0.0000 (n=10)

ohsumed:
    - no-is: time=0.011 ±0.002 (n=10)  reduction=0.0000 ±0.0000 (n=10)
    - adaptive-v2-perplexity: time=10.364 ±0.983 (n=10)  reduction=0.3834 ±0.0005 (n=10)
    - perplexity-is: time=10.502 ±1.144 (n=10)  reduction=0.3000 ±0.0000 (n=10)
    - adaptive-perplexity: time=13.026 ±0.611 (n=10)  reduction=0.2978 ±0.0181 (n=10)
    - autoencoder-is: time=24.837 ±1.217 (n=10)  reduction=0.3000 ±0.0000 (n=10)
    - gmm-is: time=57.495 ±14.229 (n=10)  reduction=0.3000 ±0.0000 (n=10)
    - biois: time=347.913 ±8.905 (n=10)  reduction=0.3980 ±0.0007 (n=10)

pang_movie:
    - no-is: time=0.005 ±0.000 (n=10)  reduction=0.0000 ±0.0000 (n=10)
    - biois: time=1.592 ±0.092 (n=10)  reduction=0.3709 ±0.0011 (n=10)
    - perplexity-is: time=5.593 ±0.841 (n=10)  reduction=0.2998 ±0.0000 (n=10)
    - adaptive-v2-perplexity: time=5.730 ±0.688 (n=10)  reduction=0.3852 ±0.0002 (n=10)
    - adaptive-perplexity: time=5.845 ±0.673 (n=10)  reduction=0.1663 ±0.0056 (n=10)
    - autoencoder-is: time=11.485 ±1.384 (n=10)  reduction=0.2998 ±0.0000 (n=10)
    - gmm-is: time=36.091 ±8.203 (n=10)  reduction=0.2998 ±0.0000 (n=10)

reuters90:
    - no-is: time=0.008 ±0.001 (n=10)  reduction=0.0000 ±0.0000 (n=10)
    - perplexity-is: time=8.050 ±0.897 (n=10)  reduction=0.2999 ±0.0000 (n=10)
    - adaptive-v2-perplexity: time=8.059 ±0.841 (n=10)  reduction=0.3819 ±0.0004 (n=10)
    - adaptive-perplexity: time=10.443 ±0.410 (n=10)  reduction=0.2991 ±0.0371 (n=10)
    - autoencoder-is: time=30.497 ±1.411 (n=10)  reduction=0.3000 ±0.0000 (n=10)
    - gmm-is: time=57.289 ±8.505 (n=10)  reduction=0.3000 ±0.0000 (n=10)
    - biois: time=291.699 ±3.711 (n=10)  reduction=0.4042 ±0.0007 (n=10)

sst1:
    - no-is: time=0.005 ±0.000 (n=10)  reduction=0.0000 ±0.0000 (n=10)
    - perplexity-is: time=5.764 ±0.695 (n=10)  reduction=0.2999 ±0.0000 (n=10)
    - adaptive-v2-perplexity: time=5.856 ±0.715 (n=10)  reduction=0.3853 ±0.0001 (n=10)
    - autoencoder-is: time=9.271 ±0.675 (n=10)  reduction=0.2999 ±0.0000 (n=10)
    - adaptive-perplexity: time=9.567 ±1.604 (n=10)  reduction=0.3631 ±0.0055 (n=10)
    - gmm-is: time=22.653 ±4.760 (n=10)  reduction=0.2999 ±0.0000 (n=10)
    - biois: time=195.003 ±46.409 (n=10)  reduction=0.5540 ±0.0012 (n=10)

sst2:
    - no-is: time=0.004 ±0.000 (n=10)  reduction=0.0000 ±0.0000 (n=10)
    - biois: time=0.541 ±0.004 (n=10)  reduction=0.3593 ±0.0014 (n=10)
    - adaptive-v2-perplexity: time=5.110 ±0.681 (n=10)  reduction=0.3857 ±0.0001 (n=10)
    - perplexity-is: time=5.232 ±0.658 (n=10)  reduction=0.2999 ±0.0000 (n=10)
    - adaptive-perplexity: time=5.383 ±0.721 (n=10)  reduction=0.3752 ±0.0059 (n=10)
    - autoencoder-is: time=7.780 ±0.438 (n=10)  reduction=0.2999 ±0.0000 (n=10)
    - gmm-is: time=14.423 ±5.300 (n=10)  reduction=0.2999 ±0.0000 (n=10)

subj:
    - no-is: time=0.005 ±0.000 (n=10)  reduction=0.0000 ±0.0000 (n=10)
    - adaptive-v2-perplexity: time=5.425 ±0.638 (n=10)  reduction=0.3869 ±0.0001 (n=10)
    - perplexity-is: time=5.463 ±0.725 (n=10)  reduction=0.3000 ±0.0000 (n=10)
    - adaptive-perplexity: time=5.618 ±0.665 (n=10)  reduction=0.4124 ±0.0038 (n=10)
    - biois: time=5.776 ±8.193 (n=10)  reduction=0.3074 ±0.0007 (n=10)
    - autoencoder-is: time=8.973 ±0.606 (n=10)  reduction=0.3000 ±0.0000 (n=10)
    - gmm-is: time=18.894 ±4.951 (n=10)  reduction=0.3000 ±0.0000 (n=10)

trec:
    - no-is: time=0.003 ±0.000 (n=10)  reduction=0.0000 ±0.0000 (n=10)
    - perplexity-is: time=2.911 ±0.613 (n=10)  reduction=0.2998 ±0.0000 (n=10)
    - adaptive-v2-perplexity: time=2.941 ±0.632 (n=10)  reduction=0.3767 ±0.0002 (n=10)
    - adaptive-perplexity: time=2.993 ±0.648 (n=10)  reduction=0.4117 ±0.0049 (n=10)
    - autoencoder-is: time=4.149 ±0.925 (n=10)  reduction=0.2998 ±0.0000 (n=10)
    - gmm-is: time=6.510 ±2.484 (n=10)  reduction=0.2998 ±0.0000 (n=10)
    - biois: time=138.907 ±68.851 (n=10)  reduction=0.4218 ±0.0012 (n=10)

twitter:
    - no-is: time=0.004 ±0.000 (n=10)  reduction=0.0000 ±0.0000 (n=10)
    - adaptive-v2-perplexity: time=4.377 ±0.644 (n=10)  reduction=0.3843 ±0.0002 (n=10)
    - perplexity-is: time=4.468 ±0.836 (n=10)  reduction=0.2999 ±0.0000 (n=10)
    - adaptive-perplexity: time=4.496 ±0.751 (n=10)  reduction=0.2729 ±0.0183 (n=10)
    - autoencoder-is: time=6.171 ±0.508 (n=10)  reduction=0.2999 ±0.0000 (n=10)
    - gmm-is: time=11.598 ±4.048 (n=10)  reduction=0.2999 ±0.0000 (n=10)
    - biois: time=157.686 ±39.457 (n=10)  reduction=0.3648 ±0.0003 (n=10)

vader_movie:
    - no-is: time=0.005 ±0.000 (n=10)  reduction=0.0000 ±0.0000 (n=10)
    - biois: time=1.682 ±0.028 (n=10)  reduction=0.3659 ±0.0007 (n=10)
    - adaptive-v2-perplexity: time=5.846 ±0.723 (n=10)  reduction=0.3853 ±0.0001 (n=10)
    - perplexity-is: time=5.900 ±0.907 (n=10)  reduction=0.2999 ±0.0000 (n=10)
    - adaptive-perplexity: time=6.013 ±0.766 (n=10)  reduction=0.1669 ±0.0117 (n=10)
    - autoencoder-is: time=10.694 ±0.850 (n=10)  reduction=0.2999 ±0.0000 (n=10)
    - gmm-is: time=32.721 ±7.542 (n=10)  reduction=0.2999 ±0.0000 (n=10)

webkb:
    - no-is: time=0.005 ±0.000 (n=10)  reduction=0.0000 ±0.0000 (n=10)
    - perplexity-is: time=6.151 ±0.853 (n=10)  reduction=0.2999 ±0.0000 (n=10)
    - adaptive-v2-perplexity: time=6.166 ±0.838 (n=10)  reduction=0.3829 ±0.0003 (n=10)
    - adaptive-perplexity: time=6.330 ±0.948 (n=10)  reduction=0.3736 ±0.0390 (n=10)
    - autoencoder-is: time=9.824 ±1.251 (n=10)  reduction=0.2999 ±0.0000 (n=10)
    - gmm-is: time=34.278 ±8.511 (n=10)  reduction=0.2999 ±0.0000 (n=10)
    - biois: time=231.868 ±12.878 (n=10)  reduction=0.3652 ±0.0008 (n=10)

wos11967:
    - no-is: time=0.008 ±0.002 (n=10)  reduction=0.0000 ±0.0000 (n=10)
    - perplexity-is: time=7.759 ±0.737 (n=10)  reduction=0.2999 ±0.0000 (n=10)
    - adaptive-v2-perplexity: time=8.058 ±0.748 (n=10)  reduction=0.3837 ±0.0006 (n=10)
    - adaptive-perplexity: time=10.107 ±0.666 (n=10)  reduction=0.3272 ±0.0374 (n=10)
    - autoencoder-is: time=14.081 ±1.108 (n=10)  reduction=0.2999 ±0.0000 (n=10)
    - gmm-is: time=45.489 ±8.621 (n=10)  reduction=0.2999 ±0.0000 (n=10)
    - biois: time=127.862 ±4.855 (n=10)  reduction=0.3291 ±0.0003 (n=10)

wos5736:
    - no-is: time=0.004 ±0.001 (n=10)  reduction=0.0000 ±0.0000 (n=10)
    - perplexity-is: time=4.834 ±0.745 (n=10)  reduction=0.2999 ±0.0000 (n=10)
    - adaptive-perplexity: time=4.935 ±0.760 (n=10)  reduction=0.2774 ±0.0339 (n=10)
    - adaptive-v2-perplexity: time=4.978 ±0.721 (n=10)  reduction=0.3830 ±0.0015 (n=10)
    - autoencoder-is: time=7.095 ±1.133 (n=10)  reduction=0.2999 ±0.0000 (n=10)
    - gmm-is: time=24.179 ±9.349 (n=10)  reduction=0.2999 ±0.0000 (n=10)
    - biois: time=124.729 ±11.329 (n=10)  reduction=0.3070 ±0.0005 (n=10)

yelp_reviews:
    - no-is: time=0.004 ±0.001 (n=10)  reduction=0.0000 ±0.0000 (n=10)
    - perplexity-is: time=4.732 ±0.730 (n=10)  reduction=0.3000 ±0.0000 (n=10)
    - adaptive-v2-perplexity: time=4.733 ±0.770 (n=10)  reduction=0.3843 ±0.0001 (n=10)
    - adaptive-perplexity: time=4.982 ±0.638 (n=10)  reduction=0.4287 ±0.0014 (n=10)
    - autoencoder-is: time=5.947 ±0.756 (n=10)  reduction=0.3000 ±0.0000 (n=10)
    - biois: time=24.524 ±20.905 (n=10)  reduction=0.2836 ±0.0007 (n=10)
    - gmm-is: time=32.626 ±9.943 (n=10)  reduction=0.3000 ±0.0000 (n=10)

Wrote: /app/unsupervised-is/resources/outsel/selection_summary.json
Wrote: /app/unsupervised-is/resources/outsel/selection_summary.csv

=================================================
Step 3: Running atcBench
=================================================
Running with 3 concurrent processes...
Methods  : no-is biois perplexity-is autoencoder-is gmm-is adaptive-perplexity adaptive-v2-perplexity
Datasets : mpqa trec sst2 twitter vader_movie movie_review sst1 pang_movie subj yelp_reviews wos5736 reuters90 webkb wos11967 ohsumed
xargs: warning: options --max-args and --replace/-I/-i are mutually exclusive, ignoring previous --max-args value
[RUN] Iniciando mpqa_no-is (Acompanhe os detalhes em logs/run_mpqa_no-is.log)
[RUN] Iniciando mpqa_biois (Acompanhe os detalhes em logs/run_mpqa_biois.log)
[RUN] Iniciando mpqa_perplexity-is (Acompanhe os detalhes em logs/run_mpqa_perplexity-is.log)
[DONE] Finalizado mpqa_biois
[RUN] Iniciando mpqa_autoencoder-is (Acompanhe os detalhes em logs/run_mpqa_autoencoder-is.log)
[DONE] Finalizado mpqa_perplexity-is
[RUN] Iniciando mpqa_gmm-is (Acompanhe os detalhes em logs/run_mpqa_gmm-is.log)
[DONE] Finalizado mpqa_no-is
[RUN] Iniciando mpqa_adaptive-perplexity (Acompanhe os detalhes em logs/run_mpqa_adaptive-perplexity.log)
[DONE] Finalizado mpqa_autoencoder-is
[RUN] Iniciando mpqa_adaptive-v2-perplexity (Acompanhe os detalhes em logs/run_mpqa_adaptive-v2-perplexity.log)
[DONE] Finalizado mpqa_gmm-is
[RUN] Iniciando trec_no-is (Acompanhe os detalhes em logs/run_trec_no-is.log)
[DONE] Finalizado mpqa_adaptive-perplexity
[RUN] Iniciando trec_biois (Acompanhe os detalhes em logs/run_trec_biois.log)
[DONE] Finalizado mpqa_adaptive-v2-perplexity
[RUN] Iniciando trec_perplexity-is (Acompanhe os detalhes em logs/run_trec_perplexity-is.log)
[DONE] Finalizado trec_no-is
[RUN] Iniciando trec_autoencoder-is (Acompanhe os detalhes em logs/run_trec_autoencoder-is.log)
[DONE] Finalizado trec_biois
[RUN] Iniciando trec_gmm-is (Acompanhe os detalhes em logs/run_trec_gmm-is.log)
[DONE] Finalizado trec_autoencoder-is
[RUN] Iniciando trec_adaptive-perplexity (Acompanhe os detalhes em logs/run_trec_adaptive-perplexity.log)
[DONE] Finalizado trec_perplexity-is
[RUN] Iniciando trec_adaptive-v2-perplexity (Acompanhe os detalhes em logs/run_trec_adaptive-v2-perplexity.log)
[DONE] Finalizado trec_gmm-is
[RUN] Iniciando sst2_no-is (Acompanhe os detalhes em logs/run_sst2_no-is.log)
[DONE] Finalizado trec_adaptive-perplexity
[RUN] Iniciando sst2_biois (Acompanhe os detalhes em logs/run_sst2_biois.log)
[DONE] Finalizado trec_adaptive-v2-perplexity
[RUN] Iniciando sst2_perplexity-is (Acompanhe os detalhes em logs/run_sst2_perplexity-is.log)
[DONE] Finalizado sst2_biois
[RUN] Iniciando sst2_autoencoder-is (Acompanhe os detalhes em logs/run_sst2_autoencoder-is.log)
[DONE] Finalizado sst2_no-is
[RUN] Iniciando sst2_gmm-is (Acompanhe os detalhes em logs/run_sst2_gmm-is.log)
[DONE] Finalizado sst2_perplexity-is
[RUN] Iniciando sst2_adaptive-perplexity (Acompanhe os detalhes em logs/run_sst2_adaptive-perplexity.log)
[DONE] Finalizado sst2_autoencoder-is
[RUN] Iniciando sst2_adaptive-v2-perplexity (Acompanhe os detalhes em logs/run_sst2_adaptive-v2-perplexity.log)
[DONE] Finalizado sst2_gmm-is
[RUN] Iniciando twitter_no-is (Acompanhe os detalhes em logs/run_twitter_no-is.log)
[DONE] Finalizado sst2_adaptive-perplexity
[RUN] Iniciando twitter_biois (Acompanhe os detalhes em logs/run_twitter_biois.log)
[DONE] Finalizado twitter_biois
[RUN] Iniciando twitter_perplexity-is (Acompanhe os detalhes em logs/run_twitter_perplexity-is.log)
[DONE] Finalizado sst2_adaptive-v2-perplexity
[RUN] Iniciando twitter_autoencoder-is (Acompanhe os detalhes em logs/run_twitter_autoencoder-is.log)
[DONE] Finalizado twitter_no-is
[RUN] Iniciando twitter_gmm-is (Acompanhe os detalhes em logs/run_twitter_gmm-is.log)
[DONE] Finalizado twitter_perplexity-is
[RUN] Iniciando twitter_adaptive-perplexity (Acompanhe os detalhes em logs/run_twitter_adaptive-perplexity.log)
[DONE] Finalizado twitter_autoencoder-is
[RUN] Iniciando twitter_adaptive-v2-perplexity (Acompanhe os detalhes em logs/run_twitter_adaptive-v2-perplexity.log)
[DONE] Finalizado twitter_gmm-is
[RUN] Iniciando vader_movie_no-is (Acompanhe os detalhes em logs/run_vader_movie_no-is.log)
[DONE] Finalizado twitter_adaptive-v2-perplexity
[RUN] Iniciando vader_movie_biois (Acompanhe os detalhes em logs/run_vader_movie_biois.log)
[DONE] Finalizado twitter_adaptive-perplexity
[RUN] Iniciando vader_movie_perplexity-is (Acompanhe os detalhes em logs/run_vader_movie_perplexity-is.log)
[DONE] Finalizado vader_movie_no-is
[RUN] Iniciando vader_movie_autoencoder-is (Acompanhe os detalhes em logs/run_vader_movie_autoencoder-is.log)
[DONE] Finalizado vader_movie_biois
[RUN] Iniciando vader_movie_gmm-is (Acompanhe os detalhes em logs/run_vader_movie_gmm-is.log)
[DONE] Finalizado vader_movie_perplexity-is
[RUN] Iniciando vader_movie_adaptive-perplexity (Acompanhe os detalhes em logs/run_vader_movie_adaptive-perplexity.log)
[DONE] Finalizado vader_movie_autoencoder-is
[RUN] Iniciando vader_movie_adaptive-v2-perplexity (Acompanhe os detalhes em logs/run_vader_movie_adaptive-v2-perplexity.log)
[DONE] Finalizado vader_movie_gmm-is
[RUN] Iniciando movie_review_no-is (Acompanhe os detalhes em logs/run_movie_review_no-is.log)
[DONE] Finalizado vader_movie_adaptive-perplexity
[RUN] Iniciando movie_review_biois (Acompanhe os detalhes em logs/run_movie_review_biois.log)
[DONE] Finalizado vader_movie_adaptive-v2-perplexity
[RUN] Iniciando movie_review_perplexity-is (Acompanhe os detalhes em logs/run_movie_review_perplexity-is.log)
[DONE] Finalizado movie_review_biois
[RUN] Iniciando movie_review_autoencoder-is (Acompanhe os detalhes em logs/run_movie_review_autoencoder-is.log)
[DONE] Finalizado movie_review_no-is
[RUN] Iniciando movie_review_gmm-is (Acompanhe os detalhes em logs/run_movie_review_gmm-is.log)
[DONE] Finalizado movie_review_perplexity-is
[RUN] Iniciando movie_review_adaptive-perplexity (Acompanhe os detalhes em logs/run_movie_review_adaptive-perplexity.log)
[DONE] Finalizado movie_review_autoencoder-is
[RUN] Iniciando movie_review_adaptive-v2-perplexity (Acompanhe os detalhes em logs/run_movie_review_adaptive-v2-perplexity.log)
[DONE] Finalizado movie_review_gmm-is
[RUN] Iniciando sst1_no-is (Acompanhe os detalhes em logs/run_sst1_no-is.log)
[DONE] Finalizado movie_review_adaptive-perplexity
[RUN] Iniciando sst1_biois (Acompanhe os detalhes em logs/run_sst1_biois.log)
[DONE] Finalizado movie_review_adaptive-v2-perplexity
[RUN] Iniciando sst1_perplexity-is (Acompanhe os detalhes em logs/run_sst1_perplexity-is.log)
[DONE] Finalizado sst1_biois
[RUN] Iniciando sst1_autoencoder-is (Acompanhe os detalhes em logs/run_sst1_autoencoder-is.log)
[DONE] Finalizado sst1_no-is
[RUN] Iniciando sst1_gmm-is (Acompanhe os detalhes em logs/run_sst1_gmm-is.log)
[DONE] Finalizado sst1_perplexity-is
[RUN] Iniciando sst1_adaptive-perplexity (Acompanhe os detalhes em logs/run_sst1_adaptive-perplexity.log)
[DONE] Finalizado sst1_autoencoder-is
[RUN] Iniciando sst1_adaptive-v2-perplexity (Acompanhe os detalhes em logs/run_sst1_adaptive-v2-perplexity.log)
[DONE] Finalizado sst1_gmm-is
[RUN] Iniciando pang_movie_no-is (Acompanhe os detalhes em logs/run_pang_movie_no-is.log)
[DONE] Finalizado sst1_adaptive-perplexity
[RUN] Iniciando pang_movie_biois (Acompanhe os detalhes em logs/run_pang_movie_biois.log)
[DONE] Finalizado sst1_adaptive-v2-perplexity
[RUN] Iniciando pang_movie_perplexity-is (Acompanhe os detalhes em logs/run_pang_movie_perplexity-is.log)
[DONE] Finalizado pang_movie_biois
[RUN] Iniciando pang_movie_autoencoder-is (Acompanhe os detalhes em logs/run_pang_movie_autoencoder-is.log)
[DONE] Finalizado pang_movie_no-is
[RUN] Iniciando pang_movie_gmm-is (Acompanhe os detalhes em logs/run_pang_movie_gmm-is.log)
[DONE] Finalizado pang_movie_perplexity-is
[RUN] Iniciando pang_movie_adaptive-perplexity (Acompanhe os detalhes em logs/run_pang_movie_adaptive-perplexity.log)
[DONE] Finalizado pang_movie_autoencoder-is
[RUN] Iniciando pang_movie_adaptive-v2-perplexity (Acompanhe os detalhes em logs/run_pang_movie_adaptive-v2-perplexity.log)
[DONE] Finalizado pang_movie_gmm-is
[RUN] Iniciando subj_no-is (Acompanhe os detalhes em logs/run_subj_no-is.log)
[DONE] Finalizado pang_movie_adaptive-perplexity
[RUN] Iniciando subj_biois (Acompanhe os detalhes em logs/run_subj_biois.log)
[DONE] Finalizado pang_movie_adaptive-v2-perplexity
[RUN] Iniciando subj_perplexity-is (Acompanhe os detalhes em logs/run_subj_perplexity-is.log)
[DONE] Finalizado subj_biois
[RUN] Iniciando subj_autoencoder-is (Acompanhe os detalhes em logs/run_subj_autoencoder-is.log)
[DONE] Finalizado subj_no-is
[RUN] Iniciando subj_gmm-is (Acompanhe os detalhes em logs/run_subj_gmm-is.log)
[DONE] Finalizado subj_perplexity-is
[RUN] Iniciando subj_adaptive-perplexity (Acompanhe os detalhes em logs/run_subj_adaptive-perplexity.log)
[DONE] Finalizado subj_adaptive-perplexity
[RUN] Iniciando subj_adaptive-v2-perplexity (Acompanhe os detalhes em logs/run_subj_adaptive-v2-perplexity.log)
[DONE] Finalizado subj_gmm-is
[RUN] Iniciando yelp_reviews_no-is (Acompanhe os detalhes em logs/run_yelp_reviews_no-is.log)
[DONE] Finalizado subj_autoencoder-is
[RUN] Iniciando yelp_reviews_biois (Acompanhe os detalhes em logs/run_yelp_reviews_biois.log)
[DONE] Finalizado yelp_reviews_biois
[RUN] Iniciando yelp_reviews_perplexity-is (Acompanhe os detalhes em logs/run_yelp_reviews_perplexity-is.log)
[DONE] Finalizado yelp_reviews_no-is
[RUN] Iniciando yelp_reviews_autoencoder-is (Acompanhe os detalhes em logs/run_yelp_reviews_autoencoder-is.log)
[DONE] Finalizado subj_adaptive-v2-perplexity
[RUN] Iniciando yelp_reviews_gmm-is (Acompanhe os detalhes em logs/run_yelp_reviews_gmm-is.log)
[DONE] Finalizado yelp_reviews_perplexity-is
[RUN] Iniciando yelp_reviews_adaptive-perplexity (Acompanhe os detalhes em logs/run_yelp_reviews_adaptive-perplexity.log)
[DONE] Finalizado yelp_reviews_autoencoder-is
[RUN] Iniciando yelp_reviews_adaptive-v2-perplexity (Acompanhe os detalhes em logs/run_yelp_reviews_adaptive-v2-perplexity.log)
[DONE] Finalizado yelp_reviews_gmm-is
[RUN] Iniciando wos5736_no-is (Acompanhe os detalhes em logs/run_wos5736_no-is.log)
[DONE] Finalizado yelp_reviews_adaptive-perplexity
[RUN] Iniciando wos5736_biois (Acompanhe os detalhes em logs/run_wos5736_biois.log)
[DONE] Finalizado yelp_reviews_adaptive-v2-perplexity
[RUN] Iniciando wos5736_perplexity-is (Acompanhe os detalhes em logs/run_wos5736_perplexity-is.log)
[DONE] Finalizado wos5736_no-is
[RUN] Iniciando wos5736_autoencoder-is (Acompanhe os detalhes em logs/run_wos5736_autoencoder-is.log)
[DONE] Finalizado wos5736_biois
[RUN] Iniciando wos5736_gmm-is (Acompanhe os detalhes em logs/run_wos5736_gmm-is.log)
[DONE] Finalizado wos5736_perplexity-is
[RUN] Iniciando wos5736_adaptive-perplexity (Acompanhe os detalhes em logs/run_wos5736_adaptive-perplexity.log)
[DONE] Finalizado wos5736_autoencoder-is
[RUN] Iniciando wos5736_adaptive-v2-perplexity (Acompanhe os detalhes em logs/run_wos5736_adaptive-v2-perplexity.log)
[DONE] Finalizado wos5736_gmm-is
[RUN] Iniciando reuters90_no-is (Acompanhe os detalhes em logs/run_reuters90_no-is.log)
[DONE] Finalizado wos5736_adaptive-perplexity
[RUN] Iniciando reuters90_biois (Acompanhe os detalhes em logs/run_reuters90_biois.log)
[DONE] Finalizado wos5736_adaptive-v2-perplexity
[RUN] Iniciando reuters90_perplexity-is (Acompanhe os detalhes em logs/run_reuters90_perplexity-is.log)
[DONE] Finalizado reuters90_biois
[RUN] Iniciando reuters90_autoencoder-is (Acompanhe os detalhes em logs/run_reuters90_autoencoder-is.log)
[DONE] Finalizado reuters90_perplexity-is
[RUN] Iniciando reuters90_gmm-is (Acompanhe os detalhes em logs/run_reuters90_gmm-is.log)
[DONE] Finalizado reuters90_no-is
[RUN] Iniciando reuters90_adaptive-perplexity (Acompanhe os detalhes em logs/run_reuters90_adaptive-perplexity.log)
[DONE] Finalizado reuters90_autoencoder-is
[RUN] Iniciando reuters90_adaptive-v2-perplexity (Acompanhe os detalhes em logs/run_reuters90_adaptive-v2-perplexity.log)
[DONE] Finalizado reuters90_gmm-is
[RUN] Iniciando webkb_no-is (Acompanhe os detalhes em logs/run_webkb_no-is.log)
[DONE] Finalizado reuters90_adaptive-perplexity
[RUN] Iniciando webkb_biois (Acompanhe os detalhes em logs/run_webkb_biois.log)
[DONE] Finalizado reuters90_adaptive-v2-perplexity
[RUN] Iniciando webkb_perplexity-is (Acompanhe os detalhes em logs/run_webkb_perplexity-is.log)
[DONE] Finalizado webkb_no-is
[RUN] Iniciando webkb_autoencoder-is (Acompanhe os detalhes em logs/run_webkb_autoencoder-is.log)
[DONE] Finalizado webkb_biois
[RUN] Iniciando webkb_gmm-is (Acompanhe os detalhes em logs/run_webkb_gmm-is.log)
[DONE] Finalizado webkb_perplexity-is
[RUN] Iniciando webkb_adaptive-perplexity (Acompanhe os detalhes em logs/run_webkb_adaptive-perplexity.log)
[DONE] Finalizado webkb_autoencoder-is
[RUN] Iniciando webkb_adaptive-v2-perplexity (Acompanhe os detalhes em logs/run_webkb_adaptive-v2-perplexity.log)
[DONE] Finalizado webkb_gmm-is
[RUN] Iniciando wos11967_no-is (Acompanhe os detalhes em logs/run_wos11967_no-is.log)
[DONE] Finalizado webkb_adaptive-v2-perplexity
[RUN] Iniciando wos11967_biois (Acompanhe os detalhes em logs/run_wos11967_biois.log)
[DONE] Finalizado webkb_adaptive-perplexity
[RUN] Iniciando wos11967_perplexity-is (Acompanhe os detalhes em logs/run_wos11967_perplexity-is.log)
[DONE] Finalizado wos11967_no-is
[RUN] Iniciando wos11967_autoencoder-is (Acompanhe os detalhes em logs/run_wos11967_autoencoder-is.log)
[DONE] Finalizado wos11967_biois
[RUN] Iniciando wos11967_gmm-is (Acompanhe os detalhes em logs/run_wos11967_gmm-is.log)
[DONE] Finalizado wos11967_perplexity-is
[RUN] Iniciando wos11967_adaptive-perplexity (Acompanhe os detalhes em logs/run_wos11967_adaptive-perplexity.log)
[DONE] Finalizado wos11967_autoencoder-is
[RUN] Iniciando wos11967_adaptive-v2-perplexity (Acompanhe os detalhes em logs/run_wos11967_adaptive-v2-perplexity.log)
[DONE] Finalizado wos11967_gmm-is
[RUN] Iniciando ohsumed_no-is (Acompanhe os detalhes em logs/run_ohsumed_no-is.log)
[DONE] Finalizado wos11967_adaptive-perplexity
[RUN] Iniciando ohsumed_biois (Acompanhe os detalhes em logs/run_ohsumed_biois.log)
[DONE] Finalizado wos11967_adaptive-v2-perplexity
[RUN] Iniciando ohsumed_perplexity-is (Acompanhe os detalhes em logs/run_ohsumed_perplexity-is.log)
[DONE] Finalizado ohsumed_biois
[RUN] Iniciando ohsumed_autoencoder-is (Acompanhe os detalhes em logs/run_ohsumed_autoencoder-is.log)
[DONE] Finalizado ohsumed_no-is
[RUN] Iniciando ohsumed_gmm-is (Acompanhe os detalhes em logs/run_ohsumed_gmm-is.log)
[DONE] Finalizado ohsumed_perplexity-is
[RUN] Iniciando ohsumed_adaptive-perplexity (Acompanhe os detalhes em logs/run_ohsumed_adaptive-perplexity.log)
[DONE] Finalizado ohsumed_autoencoder-is
[RUN] Iniciando ohsumed_adaptive-v2-perplexity (Acompanhe os detalhes em logs/run_ohsumed_adaptive-v2-perplexity.log)
[DONE] Finalizado ohsumed_gmm-is
[DONE] Finalizado ohsumed_adaptive-perplexity
[DONE] Finalizado ohsumed_adaptive-v2-perplexity
All runs finished.

=================================================
Step 4: Generating results CSV (Metrics)
=================================================
Loaded selection CSV with 108 entries from: /app/unsupervised-is/resources/outsel/selection_summary.csv
Processing: dataset=movie_review, method=adaptive-perplexity, model=roberta, reduction=0.37673774746773286
Processing: dataset=movie_review, method=adaptive-v2-perplexity, model=roberta, reduction=0.3863044257410537
Processing: dataset=movie_review, method=autoencoder-is, model=roberta, reduction=0.2998186711894243
Processing: dataset=movie_review, method=biois, model=roberta, reduction=0.3727672486429881
Processing: dataset=movie_review, method=gmm-is, model=roberta, reduction=0.2998186711894243
Processing: dataset=movie_review, method=no-is, model=roberta, reduction=0.0
Processing: dataset=movie_review, method=perplexity-is, model=roberta, reduction=0.2998186711894243
Processing: dataset=mpqa, method=adaptive-perplexity, model=roberta, reduction=0.08580048392954212
Processing: dataset=mpqa, method=adaptive-v2-perplexity, model=roberta, reduction=0.36699360939508585
Processing: dataset=mpqa, method=autoencoder-is, model=roberta, reduction=0.2997883798742644
Processing: dataset=mpqa, method=biois, model=roberta, reduction=0.34671149715139626
Processing: dataset=mpqa, method=gmm-is, model=roberta, reduction=0.2997883809717596
Processing: dataset=mpqa, method=no-is, model=roberta, reduction=0.0
Processing: dataset=mpqa, method=perplexity-is, model=roberta, reduction=0.29963123611874326
Processing: dataset=ohsumed, method=adaptive-perplexity, model=roberta, reduction=0.29780596433798656
Processing: dataset=ohsumed, method=adaptive-v2-perplexity, model=roberta, reduction=0.38340072234335126
Processing: dataset=ohsumed, method=autoencoder-is, model=roberta, reduction=0.29995507432094953
Processing: dataset=ohsumed, method=biois, model=roberta, reduction=0.39798322851805207
Processing: dataset=ohsumed, method=gmm-is, model=roberta, reduction=0.29995507432094953
Processing: dataset=ohsumed, method=no-is, model=roberta, reduction=0.0
Processing: dataset=ohsumed, method=perplexity-is, model=roberta, reduction=0.29995507432094953
Processing: dataset=pang_movie, method=adaptive-perplexity, model=roberta, reduction=0.16631216337013469
Processing: dataset=pang_movie, method=adaptive-v2-perplexity, model=roberta, reduction=0.3852206177735616
Processing: dataset=pang_movie, method=autoencoder-is, model=roberta, reduction=0.299818671840805
Processing: dataset=pang_movie, method=biois, model=roberta, reduction=0.3708601396784481
Processing: dataset=pang_movie, method=gmm-is, model=roberta, reduction=0.299818671840805
Processing: dataset=pang_movie, method=no-is, model=roberta, reduction=0.0
Processing: dataset=pang_movie, method=perplexity-is, model=roberta, reduction=0.299818671840805
Processing: dataset=reuters90, method=adaptive-perplexity, model=roberta, reduction=0.299123574866918
Processing: dataset=reuters90, method=adaptive-v2-perplexity, model=roberta, reduction=0.3818899860974089
Processing: dataset=reuters90, method=autoencoder-is, model=roberta, reduction=0.2999507820719703
Processing: dataset=reuters90, method=biois, model=roberta, reduction=0.40416609843338325
Processing: dataset=reuters90, method=gmm-is, model=roberta, reduction=0.2999507820719703
Processing: dataset=reuters90, method=no-is, model=roberta, reduction=0.0
Processing: dataset=reuters90, method=perplexity-is, model=roberta, reduction=0.29993413205532027
Processing: dataset=sst1, method=adaptive-perplexity, model=roberta, reduction=0.3631005128944819
Processing: dataset=sst1, method=adaptive-v2-perplexity, model=roberta, reduction=0.3853320207104415
Processing: dataset=sst1, method=autoencoder-is, model=roberta, reduction=0.29992033432002585
Processing: dataset=sst1, method=biois, model=roberta, reduction=0.5540465509697401
Processing: dataset=sst1, method=gmm-is, model=roberta, reduction=0.29992033432002585
Processing: dataset=sst1, method=no-is, model=roberta, reduction=0.0
Processing: dataset=sst1, method=perplexity-is, model=roberta, reduction=0.29992033432002585
Processing: dataset=sst2, method=adaptive-perplexity, model=roberta, reduction=0.37520971442402046
Processing: dataset=sst2, method=adaptive-v2-perplexity, model=roberta, reduction=0.38565830994073197
Processing: dataset=sst2, method=autoencoder-is, model=roberta, reduction=0.2999410528891098
Processing: dataset=sst2, method=biois, model=roberta, reduction=0.35933974292481025
Processing: dataset=sst2, method=gmm-is, model=roberta, reduction=0.2999410528891098
Processing: dataset=sst2, method=no-is, model=roberta, reduction=0.0
Processing: dataset=sst2, method=perplexity-is, model=roberta, reduction=0.2999410528891098
Processing: dataset=subj, method=adaptive-perplexity, model=roberta, reduction=0.4124333333333333
Processing: dataset=subj, method=adaptive-v2-perplexity, model=roberta, reduction=0.3869222222222222
Processing: dataset=subj, method=autoencoder-is, model=roberta, reduction=0.3
Processing: dataset=subj, method=biois, model=roberta, reduction=0.30741111111111113
Processing: dataset=subj, method=gmm-is, model=roberta, reduction=0.3
Processing: dataset=subj, method=no-is, model=roberta, reduction=0.0
Processing: dataset=subj, method=perplexity-is, model=roberta, reduction=0.3
Processing: dataset=trec, method=adaptive-perplexity, model=roberta, reduction=0.41173833542705773
Processing: dataset=trec, method=adaptive-v2-perplexity, model=roberta, reduction=0.37666144385707395
Processing: dataset=trec, method=autoencoder-is, model=roberta, reduction=0.2998058559131903
Processing: dataset=trec, method=biois, model=roberta, reduction=0.4218002890831383
Processing: dataset=trec, method=gmm-is, model=roberta, reduction=0.2998058559131903
Processing: dataset=trec, method=no-is, model=roberta, reduction=0.0
Processing: dataset=trec, method=perplexity-is, model=roberta, reduction=0.2998058559131903
Processing: dataset=twitter, method=adaptive-perplexity, model=roberta, reduction=0.2729262796737729
Processing: dataset=twitter, method=adaptive-v2-perplexity, model=roberta, reduction=0.3843234387094663
Processing: dataset=twitter, method=autoencoder-is, model=roberta, reduction=0.29985866588116056
Processing: dataset=twitter, method=biois, model=roberta, reduction=0.3647912682338563
Processing: dataset=twitter, method=gmm-is, model=roberta, reduction=0.29985866588116056
Processing: dataset=twitter, method=no-is, model=roberta, reduction=0.0
Processing: dataset=twitter, method=perplexity-is, model=roberta, reduction=0.29985866588116056
Processing: dataset=vader_movie, method=adaptive-perplexity, model=roberta, reduction=0.1669187499670468
Processing: dataset=vader_movie, method=adaptive-v2-perplexity, model=roberta, reduction=0.38529313512946145
Processing: dataset=vader_movie, method=autoencoder-is, model=roberta, reduction=0.299899064683082
Processing: dataset=vader_movie, method=biois, model=roberta, reduction=0.3659265174539452
Processing: dataset=vader_movie, method=gmm-is, model=roberta, reduction=0.299899064683082
Processing: dataset=vader_movie, method=no-is, model=roberta, reduction=0.0
Processing: dataset=vader_movie, method=perplexity-is, model=roberta, reduction=0.299899064683082
Processing: dataset=webkb, method=adaptive-perplexity, model=roberta, reduction=0.3735723228382148
Processing: dataset=webkb, method=adaptive-v2-perplexity, model=roberta, reduction=0.3829328570377477
Processing: dataset=webkb, method=autoencoder-is, model=roberta, reduction=0.2998604117436791
Processing: dataset=webkb, method=biois, model=roberta, reduction=0.3652205626640052
Processing: dataset=webkb, method=gmm-is, model=roberta, reduction=0.2998604117436791
Processing: dataset=webkb, method=no-is, model=roberta, reduction=0.0
Processing: dataset=webkb, method=perplexity-is, model=roberta, reduction=0.2998604117436791
Processing: dataset=wos11967, method=adaptive-perplexity, model=roberta, reduction=0.3271974524599092
Processing: dataset=wos11967, method=adaptive-v2-perplexity, model=roberta, reduction=0.38370334662687827
Processing: dataset=wos11967, method=autoencoder-is, model=roberta, reduction=0.2998987963053238
Processing: dataset=wos11967, method=biois, model=roberta, reduction=0.3291366161087834
Processing: dataset=wos11967, method=gmm-is, model=roberta, reduction=0.2998987963053238
Processing: dataset=wos11967, method=no-is, model=roberta, reduction=0.0
Processing: dataset=wos11967, method=perplexity-is, model=roberta, reduction=0.2998987963053238
Processing: dataset=wos5736, method=adaptive-perplexity, model=roberta, reduction=0.2773899058083465
Processing: dataset=wos5736, method=adaptive-v2-perplexity, model=roberta, reduction=0.38301944370214464
Processing: dataset=wos5736, method=autoencoder-is, model=roberta, reduction=0.2998605326863431
Processing: dataset=wos5736, method=biois, model=roberta, reduction=0.30698900463262613
Processing: dataset=wos5736, method=gmm-is, model=roberta, reduction=0.2998605326863431
Processing: dataset=wos5736, method=no-is, model=roberta, reduction=0.0
Processing: dataset=wos5736, method=perplexity-is, model=roberta, reduction=0.2998605326863431
Processing: dataset=yelp_reviews, method=adaptive-perplexity, model=roberta, reduction=0.4286888888888889
Processing: dataset=yelp_reviews, method=adaptive-v2-perplexity, model=roberta, reduction=0.3842888888888889
Processing: dataset=yelp_reviews, method=autoencoder-is, model=roberta, reduction=0.3
Processing: dataset=yelp_reviews, method=biois, model=roberta, reduction=0.28355555555555556
Processing: dataset=yelp_reviews, method=gmm-is, model=roberta, reduction=0.3
Processing: dataset=yelp_reviews, method=no-is, model=roberta, reduction=0.0
Processing: dataset=yelp_reviews, method=perplexity-is, model=roberta, reduction=0.3
Wrote CSV to: resources/results/results_from_outputs.csv

=================================================
Step 5: Generating results CSV (Times)
=================================================
Loaded selection CSV with 108 entries from: /app/unsupervised-is/resources/outsel/selection_summary.csv
Processing: dataset=movie_review, method=adaptive-perplexity, model=roberta, IS_time=5.63
Processing: dataset=movie_review, method=adaptive-v2-perplexity, model=roberta, IS_time=5.51
Processing: dataset=movie_review, method=autoencoder-is, model=roberta, IS_time=8.75
Processing: dataset=movie_review, method=biois, model=roberta, IS_time=0.59
Processing: dataset=movie_review, method=gmm-is, model=roberta, IS_time=18.69
Processing: dataset=movie_review, method=no-is, model=roberta, IS_time=0.00
Processing: dataset=movie_review, method=perplexity-is, model=roberta, IS_time=5.39
Processing: dataset=mpqa, method=adaptive-perplexity, model=roberta, IS_time=3.73
Processing: dataset=mpqa, method=adaptive-v2-perplexity, model=roberta, IS_time=3.61
Processing: dataset=mpqa, method=autoencoder-is, model=roberta, IS_time=6.80
Processing: dataset=mpqa, method=biois, model=roberta, IS_time=0.53
Processing: dataset=mpqa, method=gmm-is, model=roberta, IS_time=11.58
Processing: dataset=mpqa, method=no-is, model=roberta, IS_time=0.00
Processing: dataset=mpqa, method=perplexity-is, model=roberta, IS_time=3.67
Processing: dataset=ohsumed, method=adaptive-perplexity, model=roberta, IS_time=13.03
Processing: dataset=ohsumed, method=adaptive-v2-perplexity, model=roberta, IS_time=10.36
Processing: dataset=ohsumed, method=autoencoder-is, model=roberta, IS_time=24.84
Processing: dataset=ohsumed, method=biois, model=roberta, IS_time=347.91
Processing: dataset=ohsumed, method=gmm-is, model=roberta, IS_time=57.49
Processing: dataset=ohsumed, method=no-is, model=roberta, IS_time=0.01
Processing: dataset=ohsumed, method=perplexity-is, model=roberta, IS_time=10.50
Processing: dataset=pang_movie, method=adaptive-perplexity, model=roberta, IS_time=5.85
Processing: dataset=pang_movie, method=adaptive-v2-perplexity, model=roberta, IS_time=5.73
Processing: dataset=pang_movie, method=autoencoder-is, model=roberta, IS_time=11.48
Processing: dataset=pang_movie, method=biois, model=roberta, IS_time=1.59
Processing: dataset=pang_movie, method=gmm-is, model=roberta, IS_time=36.09
Processing: dataset=pang_movie, method=no-is, model=roberta, IS_time=0.00
Processing: dataset=pang_movie, method=perplexity-is, model=roberta, IS_time=5.59
Processing: dataset=reuters90, method=adaptive-perplexity, model=roberta, IS_time=10.44
Processing: dataset=reuters90, method=adaptive-v2-perplexity, model=roberta, IS_time=8.06
Processing: dataset=reuters90, method=autoencoder-is, model=roberta, IS_time=30.50
Processing: dataset=reuters90, method=biois, model=roberta, IS_time=291.70
Processing: dataset=reuters90, method=gmm-is, model=roberta, IS_time=57.29
Processing: dataset=reuters90, method=no-is, model=roberta, IS_time=0.01
Processing: dataset=reuters90, method=perplexity-is, model=roberta, IS_time=8.05
Processing: dataset=sst1, method=adaptive-perplexity, model=roberta, IS_time=9.57
Processing: dataset=sst1, method=adaptive-v2-perplexity, model=roberta, IS_time=5.86
Processing: dataset=sst1, method=autoencoder-is, model=roberta, IS_time=9.27
Processing: dataset=sst1, method=biois, model=roberta, IS_time=195.00
Processing: dataset=sst1, method=gmm-is, model=roberta, IS_time=22.65
Processing: dataset=sst1, method=no-is, model=roberta, IS_time=0.01
Processing: dataset=sst1, method=perplexity-is, model=roberta, IS_time=5.76
Processing: dataset=sst2, method=adaptive-perplexity, model=roberta, IS_time=5.38
Processing: dataset=sst2, method=adaptive-v2-perplexity, model=roberta, IS_time=5.11
Processing: dataset=sst2, method=autoencoder-is, model=roberta, IS_time=7.78
Processing: dataset=sst2, method=biois, model=roberta, IS_time=0.54
Processing: dataset=sst2, method=gmm-is, model=roberta, IS_time=14.42
Processing: dataset=sst2, method=no-is, model=roberta, IS_time=0.00
Processing: dataset=sst2, method=perplexity-is, model=roberta, IS_time=5.23
Processing: dataset=subj, method=adaptive-perplexity, model=roberta, IS_time=5.62
Processing: dataset=subj, method=adaptive-v2-perplexity, model=roberta, IS_time=5.43
Processing: dataset=subj, method=autoencoder-is, model=roberta, IS_time=8.97
Processing: dataset=subj, method=biois, model=roberta, IS_time=5.78
Processing: dataset=subj, method=gmm-is, model=roberta, IS_time=18.89
Processing: dataset=subj, method=no-is, model=roberta, IS_time=0.00
Processing: dataset=subj, method=perplexity-is, model=roberta, IS_time=5.46
Processing: dataset=trec, method=adaptive-perplexity, model=roberta, IS_time=2.99
Processing: dataset=trec, method=adaptive-v2-perplexity, model=roberta, IS_time=2.94
Processing: dataset=trec, method=autoencoder-is, model=roberta, IS_time=4.15
Processing: dataset=trec, method=biois, model=roberta, IS_time=138.91
Processing: dataset=trec, method=gmm-is, model=roberta, IS_time=6.51
Processing: dataset=trec, method=no-is, model=roberta, IS_time=0.00
Processing: dataset=trec, method=perplexity-is, model=roberta, IS_time=2.91
Processing: dataset=twitter, method=adaptive-perplexity, model=roberta, IS_time=4.50
Processing: dataset=twitter, method=adaptive-v2-perplexity, model=roberta, IS_time=4.38
Processing: dataset=twitter, method=autoencoder-is, model=roberta, IS_time=6.17
Processing: dataset=twitter, method=biois, model=roberta, IS_time=157.69
Processing: dataset=twitter, method=gmm-is, model=roberta, IS_time=11.60
Processing: dataset=twitter, method=no-is, model=roberta, IS_time=0.00
Processing: dataset=twitter, method=perplexity-is, model=roberta, IS_time=4.47
Processing: dataset=vader_movie, method=adaptive-perplexity, model=roberta, IS_time=6.01
Processing: dataset=vader_movie, method=adaptive-v2-perplexity, model=roberta, IS_time=5.85
Processing: dataset=vader_movie, method=autoencoder-is, model=roberta, IS_time=10.69
Processing: dataset=vader_movie, method=biois, model=roberta, IS_time=1.68
Processing: dataset=vader_movie, method=gmm-is, model=roberta, IS_time=32.72
Processing: dataset=vader_movie, method=no-is, model=roberta, IS_time=0.00
Processing: dataset=vader_movie, method=perplexity-is, model=roberta, IS_time=5.90
Processing: dataset=webkb, method=adaptive-perplexity, model=roberta, IS_time=6.33
Processing: dataset=webkb, method=adaptive-v2-perplexity, model=roberta, IS_time=6.17
Processing: dataset=webkb, method=autoencoder-is, model=roberta, IS_time=9.82
Processing: dataset=webkb, method=biois, model=roberta, IS_time=231.87
Processing: dataset=webkb, method=gmm-is, model=roberta, IS_time=34.28
Processing: dataset=webkb, method=no-is, model=roberta, IS_time=0.00
Processing: dataset=webkb, method=perplexity-is, model=roberta, IS_time=6.15
Processing: dataset=wos11967, method=adaptive-perplexity, model=roberta, IS_time=10.11
Processing: dataset=wos11967, method=adaptive-v2-perplexity, model=roberta, IS_time=8.06
Processing: dataset=wos11967, method=autoencoder-is, model=roberta, IS_time=14.08
Processing: dataset=wos11967, method=biois, model=roberta, IS_time=127.86
Processing: dataset=wos11967, method=gmm-is, model=roberta, IS_time=45.49
Processing: dataset=wos11967, method=no-is, model=roberta, IS_time=0.01
Processing: dataset=wos11967, method=perplexity-is, model=roberta, IS_time=7.76
Processing: dataset=wos5736, method=adaptive-perplexity, model=roberta, IS_time=4.94
Processing: dataset=wos5736, method=adaptive-v2-perplexity, model=roberta, IS_time=4.98
Processing: dataset=wos5736, method=autoencoder-is, model=roberta, IS_time=7.10
Processing: dataset=wos5736, method=biois, model=roberta, IS_time=124.73
Processing: dataset=wos5736, method=gmm-is, model=roberta, IS_time=24.18
Processing: dataset=wos5736, method=no-is, model=roberta, IS_time=0.00
Processing: dataset=wos5736, method=perplexity-is, model=roberta, IS_time=4.83
Processing: dataset=yelp_reviews, method=adaptive-perplexity, model=roberta, IS_time=4.98
Processing: dataset=yelp_reviews, method=adaptive-v2-perplexity, model=roberta, IS_time=4.73
Processing: dataset=yelp_reviews, method=autoencoder-is, model=roberta, IS_time=5.95
Processing: dataset=yelp_reviews, method=biois, model=roberta, IS_time=24.52
Processing: dataset=yelp_reviews, method=gmm-is, model=roberta, IS_time=32.63
Processing: dataset=yelp_reviews, method=no-is, model=roberta, IS_time=0.00
Processing: dataset=yelp_reviews, method=perplexity-is, model=roberta, IS_time=4.73
Wrote CSV to: resources/results/times_from_outputs.csv

=================================================
Pipeline execution completed successfully!
=================================================
